,text,label,,
,Mình đã tạo form điểm danh nhóm đề tài AI phát hiện gian lận.,0,,
,"chia sẻ acc học online, giá 2 triệu, ib telegram @abc.",1,,
,Mình đã tạo form điểm danh nhóm đề tài Website bán hàng.,0,,
,"Mình có nguồn đề thi môn Công nghệ phần mềm, chỉ cần trả 1 triệu qua Facebook.",1,,
,"Bán slot đăng ký đề tài Ứng dụng học tiếng Anh, ai cần ib số 0987..., giá 200k.",1,,
,"ai muốn nhóm mình đánh giá cao thì chuyển 50k, ib nick mess.",1,,
,"Mình gửi link meeting vào cuối kỳ, mọi người tham gia nhé.",0,,
,"Nếu không chuyển 200k, mình sẽ xóa đề tài AI phát hiện gian lận của bạn.",1,,
,Ai có kinh nghiệm về Website bán hàng muốn join nhóm không?,0,,
,tớ góp ý về cách trình bày tài liệu môn lập trình web.,0,,
,"Bán quyền truy cập hệ thống đề tài, giá 200k, link tinyurl.com/....",1,,
,"Mọi người ơi, nhóm mình cần thêm 1 thành viên nghiêm túc.",0,,
,"Mình là sinh viên khó khăn, cần 100k để đóng phí bảo vệ, ib nick mess.",1,,
,Thông báo từ khoa: ai chưa đóng 50k sẽ bị hủy đăng ký đề tài Ứng dụng quản lý sinh viên.,1,,
,"cô thầy bình nhờ thu tiền lớp, ai nộp 10 triệu thì qua môn thương mại điện tử.",1,,
,"Ai chưa có đề tài, mình bán slot Website đăng ký đề tài, giá 1 triệu.",1,,
,"Mình gửi link meeting vào tuần sau, mọi người tham gia nhé.",0,,
,Tống tiền: đưa 200k nếu không muốn bị đánh.,1,,
,"Nhận làm hộ đồ án Ứng dụng học tiếng Anh môn Học máy, bao bảo vệ, giá 500k. Ib Zalo 09xx.",1,,
,"Nhóm mình có người làm hộ, ai muốn tham gia trả 1 triệu.",1,,
,Góp ý nhẹ: slide thuyết trình nên ngắn gọn hơn.,0,,
,"Mình muốn đổi điểm đề tài Web bán đồ ăn, ai giúp ib Zalo 09xx, hậu tạ 2 triệu.",1,,
,"Theo mọi người, thuật toán nào phù hợp cho đề tài Ứng dụng đặt lịch khám?",0,,
,"làm đề tài website đăng ký đề tài cần kiên nhẫn, đừng để sát deadline.",0,,
,"Ai muốn mua đề tài Ứng dụng học tiếng Anh thì cọc 500k, mình gửi file sau.",1,,
,"Nhận làm hồ sơ xin hoãn deadline đề tài, giá 5 triệu.",1,,
,Mình cảm ơn mọi người đã nhắc deadline môn Phân tích thiết kế hệ thống.,0,,
,"pass lại đề tài hệ thống điểm danh cho khóa dưới, bao bảo vệ, giá 200k.",1,,
,"Ai có đáp án đề thi môn Trí tuệ nhân tạo không, cho mình xin, mình trả 10 triệu.",1,,
,Thảo luận chút: đề tài Hệ thống điểm danh nên làm web hay mobile?,0,,
,"Nhận làm hộ đồ án Hệ thống điểm danh môn Nhập môn lập trình, bao bảo vệ, giá 500k. Ib Telegram @abc.",1,,
,Kinh nghiệm của mình là chọn đề tài Hệ thống điểm danh nên tập trung vào demo.,0,,
,"mình upload tài liệu đề tài website bán hàng lên drive rồi, mọi người xem nhé.",0,,
,Ai chưa làm phần của mình thì báo để mình hỗ trợ.,0,,
,ai có sách tham khảo môn nhập môn lập trình cho mình mượn với.,0,,
,"Nick này là giảng viên thầy Hùng, ai muốn nâng điểm ib Facebook, giá 50k.",1,,
,"Mình cần đáp án bài thi Trí tuệ nhân tạo, ai có ib ib riêng, trả 100k.",1,,
,"Nhận cung cấp đề tài Hệ thống đặt vé xe theo yêu cầu, giá 200k, giao trong tuần sau.",1,,
,cho mình hỏi yêu cầu đề tài hệ thống điểm danh môn trí tuệ nhân tạo với ạ.,0,,
,"Cảm ơn bạn nhiều, tài liệu rất hữu ích cho đề tài Ứng dụng quản lý chi tiêu.",0,,
,Cho mình hỏi yêu cầu đề tài Website bán hàng môn Công nghệ phần mềm với ạ.,0,,
,"Mình có thể thêm tên vào nhóm đề tài Website đăng ký đề tài, giá 200k, không cần làm.",1,,
,"Bán suất đăng ký đề tài Chatbot tư vấn tuyển sinh cho khóa dưới, giá 200k.",1,,
,"Không đăng nhập được vào trang đăng ký đề tài, ai giúp với.",0,,
,"Có cách nào qua môn An toàn thông tin không, cần đáp án gấp, giá 1 triệu.",1,,
,Hạn bảo vệ đề tài Hệ thống điểm danh là trước deadline đúng không?,0,,
,"cho mượn tài khoản qua môn thương mại điện tử, giá 5 triệu.",1,,
,Thông báo họp nhóm môn Trí tuệ nhân tạo vào cuối kỳ.,0,,
,Mọi người đánh giá thế nào về hướng tiếp cận của đề tài Website đăng ký đề tài?,0,,
,Thầy thầy Bình gia hạn deadline môn Thương mại điện tử chưa?,0,,
,Mình đã tạo form điểm danh nhóm đề tài Web bán đồ ăn.,0,,
,"Thuê người vote cho nhóm mình trong cuộc thi Hệ thống thư viện, giá 2 triệu.",1,,
,tống tiền: đưa 10 triệu nếu không muốn bị đánh.,1,,
,"Mọi người ơi, mình đăng ký đề tài Ứng dụng quản lý chi tiêu bị lỗi, ai giúp với.",0,,
,"Bán đề tài Ứng dụng quản lý chi tiêu môn Khai phá dữ liệu, có full báo cáo và slide, giá 1 triệu. Ai cần ib số 0987....",1,,
,Trang web báo lỗi khi mình đăng ký đề tài Hệ thống đặt vé xe.,0,,
,"Nhận viết review chéo cho nhóm, giá 100k, ib số 0987....",1,,
,"Nick này là giảng viên thầy Hùng, ai muốn nâng điểm ib Telegram @abc, giá 2 triệu.",1,,
,"Bán minh chứng tham gia đề tài Hệ thống điểm danh, giá 2 triệu, ib Telegram @abc.",1,,
,"Ai có đáp án đề thi môn Cơ sở dữ liệu không, cho mình xin, mình trả 500k.",1,,
,Ai từng làm đề tài AI phát hiện gian lận rồi cho mình xin review.,0,,
,"Không đăng nhập được vào trang đăng ký đề tài, ai giúp với.",0,,
,Ai muốn vào nhóm làm đề tài Hệ thống đặt vé xe mà không cần đóng góp thì trả 200k.,1,,
,"bán suất đăng ký đề tài ai phát hiện gian lận cho khóa dưới, giá 100k.",1,,
,Mình nghĩ nhóm nên chia task lại cho hợp lý hơn.,0,,
,Nhóm tớ họp lúc cuối kỳ ở thư viện nhé.,0,,
,"Ai biết cách hack tài khoản trường không, chỉ mình với, trả 200k.",1,,
,"Mình có đề tài Hệ thống điểm danh full source, chỉ cần đổi tên là nộp, giá 5 triệu.",1,,
,Bạn thử tham khảo thêm nguồn này cho đề tài Ứng dụng học tiếng Anh nhé.,0,,
,tớ không nhận được email xác nhận đề tài hệ thống điểm danh.,0,,
,"Ai muốn mua đề tài Hệ thống điểm danh thì cọc 10 triệu, mình gửi file sau.",1,,
,thầy thầy bình yêu cầu sinh viên mua tài liệu môn phân tích thiết kế hệ thống giá 100k.,1,,
,"Làm hộ báo cáo Ứng dụng đặt lịch khám môn Phân tích thiết kế hệ thống, chỉ 200k, giao đúng hạn.",1,,
,"Mình là admin hệ thống, cần xác nhận tài khoản để duyệt đề tài, ib Telegram @abc.",1,,
,"Share cho mọi người slide môn Nhập môn lập trình nhé, link drive.google.com/....",0,,
,"cần người ứng tiền làm đồ án web bán đồ ăn, hứa trả 500k, ib số 0987....",1,,
,"Hệ thống chat bị lag, mọi người có bị không?",0,,
,"Đừng lo, đề tài Website bán hàng không khó nếu làm đúng quy trình.",0,,
,"Link này nhận học bổng 5 triệu, sinh viên nhập thông tin tài khoản để nhận.",1,,
,Cho mình hỏi quy định nộp báo cáo đề tài Ứng dụng quản lý sinh viên với ạ.,0,,
,Cảm ơn mọi người đã giúp mình làm đề tài Ứng dụng học tiếng Anh.,0,,
,"Nhận chạy tool, code đề tài AI phát hiện gian lận, giá 1 triệu, liên hệ ib riêng.",1,,
,"Mình gửi bản nháp đề tài AI phát hiện gian lận, mọi người xem giúp.",0,,
,Ai chưa làm phần của mình thì báo để mình hỗ trợ.,0,,
,"Bán quyền đăng ký đề tài Web bán đồ ăn môn Nhập môn lập trình, giá 5 triệu.",1,,
,"Nhóm ơi, mình đã xong phần tài liệu đề tài Website bán hàng.",0,,
,Mọi người cho mình hỏi quy định về tài liệu tham khảo với.,0,,
,"Mình tạo nhóm chat cho đề tài Ứng dụng quản lý chi tiêu rồi, mọi người vào nhé.",0,,
,"Ai giúp mình xin điểm cao môn Lập trình web, mình trả 10 triệu.",1,,
,"Pass lại đề tài Hệ thống điểm danh cho khóa dưới, bao bảo vệ, giá 500k.",1,,
,"Cô cô Phương không kiểm tra đâu, ai muốn vào nhóm cho có thì trả 50k.",1,,
,"Mình nhận làm giấy xác nhận sinh viên giả, giá 5 triệu.",1,,
,Mọi người nên tham khảo nhiều nguồn cho đề tài Ứng dụng học tiếng Anh.,0,,
,Cần 100k nếu không mình sẽ báo cô thầy Nam bạn thi hộ.,1,,
,Hạn bảo vệ đề tài Hệ thống điểm danh là cuối kỳ đúng không?,0,,
,"Mình cần đáp án bài thi Trí tuệ nhân tạo, ai có ib Zalo 09xx, trả 200k.",1,,
,thông báo họp nhóm môn lập trình web vào ngày mai.,0,,
,"Nhóm trưởng gian lận, tớ có bằng chứng, ai muốn mua im lặng ib số 0987....",1,,
,Mình xin thông báo lịch bảo vệ đề tài Ứng dụng quản lý sinh viên.,0,,
,Deadline đăng ký đề tài Website bán hàng còn không mọi người?,0,,
,"Ai có đáp án đề thi môn Thương mại điện tử không, cho mình xin, mình trả 500k.",1,,
,"Cần giấy bác sĩ giả để xin hoãn thi môn Thương mại điện tử, trả 5 triệu.",1,,
,"theo tớ, phần kết luận cần rõ ràng hơn.",0,,
,"Chia sẻ tài khoản giảng viên thầy Hùng, giá 200k, không ai biết.",1,,
,"Nhóm mình có người làm hộ, ai muốn tham gia trả 500k.",1,,
,"Đừng lo, đề tài Web bán đồ ăn không khó nếu làm đúng quy trình.",0,,
,Mình rút ra được nhiều bài học khi làm đề tài Ứng dụng quản lý sinh viên.,0,,
,Deadline môn Công nghệ phần mềm có được dời không mọi người?,0,,
,"cô cô phương nhờ thu tiền lớp, ai nộp 1 triệu thì qua môn cơ sở dữ liệu.",1,,
,Đề tài Ứng dụng đặt lịch khám của thầy cô Phương có còn slot không mọi người?,0,,
,Deadline đăng ký đề tài Chatbot tư vấn tuyển sinh còn không mọi người?,0,,
,"Mình có thể tạo minh chứng nộp báo cáo AI phát hiện gian lận, giá 1 triệu.",1,,
,Ai chưa làm phần của mình thì báo để mình hỗ trợ.,0,,
,Ai có kinh nghiệm làm đề tài AI phát hiện gian lận chỉ mình với.,0,,
,Mọi người có tài liệu tham khảo cho đề tài Website đăng ký đề tài không?,0,,
,Ai có kinh nghiệm về Web bán đồ ăn cho mình hỏi chút.,0,,
,"Nhóm ơi, mình cập nhật tiến độ đề tài Ứng dụng học tiếng Anh vào tối nay nhé.",0,,
,"Mình có thể sửa kết quả bình chọn đề tài, giá 5 triệu.",1,,
,Cảm ơn cô cô Lan đã giải đáp thắc mắc ạ.,0,,
,"chia sẻ tài khoản giảng viên cô mai, giá 1 triệu, không ai biết.",1,,
,"Ai viết đánh giá 5 sao cho đề tài Hệ thống thư viện không, mình trả 50k.",1,,
,"Bán minh chứng tham gia đề tài Ứng dụng học tiếng Anh, giá 50k, ib Facebook.",1,,
,"lỗi 500 khi truy cập môn nhập môn lập trình, mọi người ơi.",0,,
,"mình quên deadline nộp slide đề tài website bán hàng, ai nhắc với.",0,,
,Ai biết cách sửa lỗi upload file đề tài Hệ thống thư viện không?,0,,
,Hẹn mọi người thứ 6 này online để chia task đề tài Hệ thống điểm danh.,0,,
,"Bán tài khoản sinh viên môn Cơ sở dữ liệu, giá 50k, ib Telegram @abc.",1,,
,Mình cảm ơn mọi người đã nhắc deadline môn Cơ sở dữ liệu.,0,,
,"Nếu không trả 100k, mình sẽ tố cáo nhóm bạn gian lận đề tài Ứng dụng quản lý sinh viên.",1,,
,"Mọi người ơi, deadline đề tài Ứng dụng học tiếng Anh là khi nào vậy?",0,,
,"Cho mượn tài khoản qua môn Học máy, giá 200k.",1,,
,Mình cần hỏi về thủ tục xin đổi đề tài Chatbot tư vấn tuyển sinh.,0,,
,"Ai cần tài khoản trường để đăng ký đề tài Hệ thống đặt vé xe không, mình cho thuê 2 triệu.",1,,
,"Tài khoản giảng viên cô Phương bị lỗi, sinh viên gửi thông tin qua link tinyurl.com/....",1,,
,"Pass lại đề tài Ứng dụng học tiếng Anh cho khóa dưới, bao bảo vệ, giá 200k.",1,,
,"Ai cần làm hộ bài tập lớn Hệ thống thư viện không? Mình làm từ A-Z, giá 5 triệu.",1,,
,Mình muốn hỏi về quy định trích dẫn trong báo cáo đề tài Hệ thống thư viện.,0,,
,"Mình có thể sửa kết quả bình chọn đề tài, giá 500k.",1,,
,"Mình có tool lấy mật khẩu sinh viên, ai cần ib số 0987..., giá 10 triệu.",1,,
,Mình nghĩ nhóm nên chia task lại cho hợp lý hơn.,0,,
,"Làm đề tài Ứng dụng đặt lịch khám cần kiên nhẫn, đừng để sát deadline.",0,,
,"Nếu không chuyển 100k, tớ sẽ xóa đề tài Hệ thống đặt vé xe của cậu.",1,,
,"mình muốn lập nhóm làm đề tài ứng dụng học tiếng anh, ai cùng chí hướng.",0,,
,"Theo mọi người, thuật toán nào phù hợp cho đề tài Hệ thống điểm danh?",0,,
,"Share cho mọi người slide môn Trí tuệ nhân tạo nhé, link tinyurl.com/....",0,,
,Đề tài AI phát hiện gian lận cần biết trước công nghệ gì ạ?,0,,
,Mình cảm ơn mọi người đã nhắc deadline môn Phân tích thiết kế hệ thống.,0,,
,"Biết nhóm bạn mua đề tài Web bán đồ ăn, đưa 10 triệu mình im lặng.",1,,
,Ai chưa vào nhóm đề tài Hệ thống đặt vé xe thì báo mình.,0,,
,Kinh nghiệm của mình là chọn đề tài Website bán hàng nên tập trung vào demo.,0,,
,"Mọi người ơi, đề tài Ứng dụng quản lý chi tiêu môn Học máy có khó không?",0,,
,"mình vừa tìm được paper về hệ thống thư viện, ai cần không?",0,,
,nhóm tớ đang tìm thêm thành viên cho đề tài website bán hàng.,0,,
,"Mọi người ơi, nhóm mình cần thêm 1 thành viên nghiêm túc.",0,,
,"Bán phao thi môn Thương mại điện tử, đảm bảo pass, giá 1 triệu, ib Zalo 09xx.",1,,
,Cho mình hỏi hạn nộp báo cáo môn Trí tuệ nhân tạo với ạ.,0,,
,"Mình là sinh viên khó khăn, cần 50k để đóng phí bảo vệ, ib Telegram @abc.",1,,
,"Mình đang tìm hiểu về Website đăng ký đề tài, có ai thảo luận không?",0,,
,Mình cảm ơn nhóm đã hỗ trợ trong đề tài Hệ thống đặt vé xe.,0,,
,Mọi người cho ý kiến về database cho đề tài Ứng dụng quản lý chi tiêu với.,0,,
,"Mình đọc paper về Ứng dụng đặt lịch khám, thấy khá hay, mọi người tham khảo.",0,,
,"Mình từng làm đề tài Hệ thống đặt vé xe, mọi người nên bắt đầu sớm.",0,,
,Ai muốn vào nhóm làm đề tài Website đăng ký đề tài mà không cần đóng góp thì trả 200k.,1,,
,"bán tài khoản học tập môn nhập môn lập trình, giá 10 triệu, ib số 0987....",1,,
,Cho mình hỏi hạn nộp báo cáo môn An toàn thông tin với ạ.,0,,
,"Cảm ơn bạn nhiều, tài liệu rất hữu ích cho đề tài Ứng dụng học tiếng Anh.",0,,
,"Mình nhận làm hộ toàn bộ đề tài Ứng dụng đặt lịch khám, bao sửa đến khi bảo vệ xong.",1,,
,"Nhờ người quen trong khoa sửa điểm, giá 1 triệu.",1,,
,"Xin đáp án assignment môn Trí tuệ nhân tạo, tớ gửi 500k cảm ơn.",1,,
,Kinh nghiệm của tớ là chọn đề tài Hệ thống thư viện nên tập trung vào demo.,0,,
,"Mình biết bạn mua đáp án môn Khai phá dữ liệu, trả 2 triệu để mình không nói.",1,,
,"Mình có thể thêm tên vào nhóm đề tài Hệ thống đặt vé xe, giá 2 triệu, không cần làm.",1,,
,Mọi người cho mình hỏi quy định về tài liệu tham khảo với.,0,,
,"Mình đang làm phần demo, mọi người thế nào rồi?",0,,
,"theo mình, phần kết luận cần rõ ràng hơn.",0,,
,"Bán quyền đăng ký đề tài Ứng dụng học tiếng Anh môn Cơ sở dữ liệu, giá 1 triệu.",1,,
,"Mình có thể tạo minh chứng nộp báo cáo AI phát hiện gian lận, giá 200k.",1,,
,"Ai muốn mua đề tài Ứng dụng học tiếng Anh thì cọc 1 triệu, mình gửi file sau.",1,,
,Cảm ơn nhóm đã làm việc chăm chỉ cho đề tài Web bán đồ ăn.,0,,
,"Bán tài liệu môn Công nghệ phần mềm giá 10 triệu, chuyển khoản trước rồi tớ gửi link tinyurl.com/....",1,,
,"Cần gấp tiền làm đề tài Hệ thống điểm danh, ai cho vay 200k tớ trả gấp đôi.",1,,
,"Nhóm mình thiếu người, ai rảnh tham gia đề tài Chatbot tư vấn tuyển sinh nhé.",0,,
,"Cảm ơn bạn nhiều, tài liệu rất hữu ích cho đề tài Chatbot tư vấn tuyển sinh.",0,,
,Mình chia sẻ chút kinh nghiệm bảo vệ đề tài Website bán hàng.,0,,
,"Khóa học làm đề tài Hệ thống thư viện giá 100k, đăng ký ngay tại docs.google.com/....",1,,
,"Nhờ thầy thầy Nam nâng điểm chuyên cần, giá 2 triệu.",1,,
,Trường mình có quy định gì về đăng ký đề tài Ứng dụng quản lý sinh viên không?,0,,
,"Mình đang làm phần demo, mọi người thế nào rồi?",0,,
,"Mọi người ơi, mình đăng ký đề tài Ứng dụng đặt lịch khám bị lỗi, ai giúp với.",0,,
,Ai chưa làm phần của mình thì báo để mình hỗ trợ.,0,,
,"Mình có thể tạo minh chứng nộp báo cáo Ứng dụng quản lý chi tiêu, giá 5 triệu.",1,,
,Nhóm mình họp lúc ngày mai ở thư viện nhé.,0,,
,"Nhận chạy tool, code đề tài Hệ thống thư viện, giá 50k, liên hệ ib riêng.",1,,
,Trường mình có quy định gì về đăng ký đề tài Hệ thống thư viện không?,0,,
,"Cần người làm hộ đề tài Chatbot tư vấn tuyển sinh, mình trả 10 triệu, ai nhận ib Telegram @abc.",1,,
,"Nhận đăng ký đề tài hộ, giá 5 triệu, ib Telegram @abc.",1,,
,"Mình nhận làm hộ toàn bộ đề tài Ứng dụng đặt lịch khám, bao sửa đến khi bảo vệ xong.",1,,
,"Tài khoản giảng viên thầy Nam bị lỗi, sinh viên gửi thông tin qua link drive.google.com/....",1,,
,"Bên mình nhận làm đề tài Ứng dụng quản lý sinh viên, báo cáo, slide, giá 10 triệu, ib số 0987....",1,,
,"Ai cần mua đề tài Ứng dụng đặt lịch khám không? Bao trọn gói báo cáo, code, slide, giá 500k.",1,,
,Mọi người cập nhật tiến độ đề tài Ứng dụng quản lý sinh viên cho mình nhé.,0,,
,Mình muốn trao đổi về kiến trúc hệ thống cho đề tài Hệ thống đặt vé xe.,0,,
,"Ai muốn chiếm slot đề tài Chatbot tư vấn tuyển sinh thì mình hack giúp, giá 2 triệu.",1,,
,"Nhờ người quen trong khoa sửa điểm, giá 1 triệu.",1,,
,"Bán phần mềm làm đề tài Website bán hàng, giá 100k, link docs.google.com/....",1,,
,Ai trong nhóm đề tài Hệ thống đặt vé xe thì điểm danh giúp tớ.,0,,
,"Bán đáp án thi cuối kỳ môn Học máy, giá 5 triệu, ib số 0987....",1,,
,"Ai làm rồi cho mình xem đáp án môn Thương mại điện tử với, mình trả 5 triệu.",1,,
,Mình nghĩ nhóm nên chia task lại cho hợp lý hơn.,0,,
,"Cần người đứng tên nhóm môn Công nghệ phần mềm, trả 200k, ib Telegram @abc.",1,,
,"Mình muốn đăng ký đề tài Hệ thống thư viện, cần chuẩn bị gì ạ?",0,,
,Mọi người hướng dẫn giúp mình cách làm đề tài Ứng dụng quản lý sinh viên với.,0,,
,"Mọi người ơi, đề tài Hệ thống thư viện môn Phân tích thiết kế hệ thống có khó không?",0,,
,"Làm giả chữ ký giảng viên thầy Hùng, giá 10 triệu.",1,,
,Mọi người hướng dẫn giúp mình cách làm đề tài Hệ thống đặt vé xe với.,0,,
,Tiến độ đề tài Ứng dụng quản lý chi tiêu đến đâu rồi mọi người?,0,,
,"Thuê người vote cho nhóm mình trong cuộc thi Ứng dụng quản lý sinh viên, giá 500k.",1,,
,"Nhận giữ slot đề tài Ứng dụng đặt lịch khám, giá 5 triệu, không cần đăng ký.",1,,
,"Mình có tool lấy mật khẩu sinh viên, ai cần ib số 0987..., giá 5 triệu.",1,,
,Mọi người cập nhật tiến độ đề tài Web bán đồ ăn cho tớ nhé.,0,,
,"bán phao thi môn trí tuệ nhân tạo, đảm bảo pass, giá 5 triệu, ib nick mess.",1,,
,"Mình từng làm đề tài Website bán hàng, mọi người nên bắt đầu sớm.",0,,
,"Mình nhận làm giấy xác nhận sinh viên giả, giá 100k.",1,,
,Ai trong nhóm đề tài Chatbot tư vấn tuyển sinh thì điểm danh giúp mình.,0,,
,"mình có bằng chứng bạn hack tài khoản, trả 5 triệu đi.",1,,
,"Mình muốn đăng ký đề tài Website đăng ký đề tài, mọi người cho mình hỏi thủ tục.",0,,
,"Cần người làm hộ đề tài Hệ thống đặt vé xe, mình trả 200k, ai nhận ib nick mess.",1,,
,"Bán tài khoản sinh viên môn Thương mại điện tử, giá 1 triệu, ib Telegram @abc.",1,,
,mình nghĩ nhóm nên chia task lại cho hợp lý hơn.,0,,
,"Mình gửi bản nháp đề tài Chatbot tư vấn tuyển sinh, mọi người xem giúp.",0,,
,Mọi người cho mình hỏi cách triển khai đề tài Chatbot tư vấn tuyển sinh.,0,,
,Ai chưa làm phần của tớ thì báo để tớ hỗ trợ.,0,,
,mọi người đánh giá thế nào về hướng tiếp cận của đề tài ứng dụng quản lý sinh viên?,0,,
,"Ai muốn nhóm mình đánh giá cao thì chuyển 5 triệu, ib Facebook.",1,,
,Mình cần góp ý cho phần demo đề tài Ứng dụng đặt lịch khám.,0,,
,"Mình quên deadline nộp slide đề tài Ứng dụng đặt lịch khám, ai nhắc với.",0,,
,"Biết nhóm bạn mua đề tài Ứng dụng đặt lịch khám, đưa 2 triệu mình im lặng.",1,,
,"Mình gửi bản nháp đề tài AI phát hiện gian lận, mọi người xem giúp.",0,,
,"Mình nhận chạy điểm nhóm môn Nhập môn lập trình, ai cần ib ib riêng, giá 100k.",1,,
,"Thầy cô Lan ơi, cho em hỏi về đề tài Web bán đồ ăn với ạ.",0,,
,cần 2 triệu nếu không mình sẽ báo cô thầy nam bạn thi hộ.,1,,
,Bạn thử tham khảo thêm nguồn này cho đề tài Hệ thống điểm danh nhé.,0,,
,Mọi người cho mình xin tài liệu ôn thi môn Lập trình web với ạ.,0,,
,"Mình muốn đăng ký đề tài AI phát hiện gian lận, mọi người cho mình hỏi thủ tục.",0,,
,"Mình muốn lập nhóm làm đề tài Website đăng ký đề tài, ai cùng chí hướng.",0,,
,ai có sách tham khảo môn lập trình web cho mình mượn với.,0,,
,"Thuê làm hộ đồ án Chatbot tư vấn tuyển sinh, trả 10 triệu, yêu cầu không ai biết.",1,,
,Ai muốn tham gia nhóm làm đề tài Hệ thống đặt vé xe không?,0,,
,"Mọi người ơi, deadline đề tài Ứng dụng đặt lịch khám là khi nào vậy?",0,,
,"Mình vừa tìm được paper về Ứng dụng quản lý chi tiêu, ai cần không?",0,,
,"Cần chạy điểm môn Khai phá dữ liệu, ai làm được ib số 0987..., giá 50k.",1,,
,Ai trong nhóm đề tài Ứng dụng quản lý sinh viên thì điểm danh giúp mình.,0,,
,"Cần người hack link docs.google.com/... để lấy đề thi môn Lập trình web, trả 5 triệu.",1,,
,Tống tiền: đưa 200k nếu không muốn bị đánh.,1,,
,"Share đáp án đề cương môn Thương mại điện tử, ai cần vào link drive.google.com/....",1,,
,"mình giữ slot đề tài web bán đồ ăn môn cơ sở dữ liệu, pass lại giá 100k.",1,,
,"Mình đọc paper về Web bán đồ ăn, thấy khá hay, mọi người tham khảo.",0,,
,"Bán biên lai đóng tiền đề tài giả, giá 2 triệu.",1,,
,"Bán slot đề tài Hệ thống thư viện cho ai chưa đăng ký, giá 1 triệu, ib số 0987....",1,,
,Quy định về số thành viên nhóm đề tài Hệ thống thư viện là bao nhiêu?,0,,
,"Nhóm ơi, mình đã xong phần tài liệu đề tài Web bán đồ ăn.",0,,
,"Mình là trợ giảng môn An toàn thông tin, có thể sửa điểm, ai cần ib Telegram @abc, giá 2 triệu.",1,,
,"Dịch vụ viết thuê luận văn môn Lập trình web, uy tín, giá 2 triệu.",1,,
,"Mọi người ơi, quy chế thi môn An toàn thông tin thế nào?",0,,
,"Mình có tool lấy mật khẩu sinh viên, ai cần ib nick mess, giá 1 triệu.",1,,
,"mình có nguồn đề thi môn thương mại điện tử, chỉ cần trả 500k qua số 0987....",1,,
,"Bán tài khoản admin để sửa điểm môn Lập trình web, giá 10 triệu.",1,,
,"Nhờ người quen trong khoa sửa điểm, giá 50k.",1,,
,Mình xin thông báo lịch bảo vệ đề tài Hệ thống điểm danh.,0,,
,"Mình có đề tài Hệ thống điểm danh full source, chỉ cần đổi tên là nộp, giá 500k.",1,,
,Bạn nào muốn làm đề tài Chatbot tư vấn tuyển sinh với mình thì ib nhé.,0,,
,Cảm ơn cô thầy Nam đã giải đáp thắc mắc ạ.,0,,
,"Mình không nộp được báo cáo môn Cơ sở dữ liệu, ai kiểm tra giúp.",0,,
,Ai muốn dùng tài khoản mình để nộp bài thì trả 500k.,1,,
,"Cung cấp minh chứng ngoại khóa giả, giá 10 triệu, link bit.ly/....",1,,
,"Cần người ứng tiền làm đồ án Ứng dụng quản lý chi tiêu, hứa trả 10 triệu, ib ib riêng.",1,,
,Mình cần tìm 1 bạn làm phần frontend cho đề tài Ứng dụng đặt lịch khám.,0,,
,deadline môn nhập môn lập trình có được dời không mọi người?,0,,
,"Mọi người rảnh ngày mai không, mình bàn đề tài Hệ thống đặt vé xe.",0,,
,"Mình từng làm đề tài Website đăng ký đề tài, mọi người nên bắt đầu sớm.",0,,
,"Mình muốn lập nhóm làm đề tài Website bán hàng, ai cùng chí hướng.",0,,
,Mình rút ra được nhiều bài học khi làm đề tài Ứng dụng quản lý chi tiêu.,0,,
,"Nhận đăng ký đề tài hộ, giá 50k, ib ib riêng.",1,,
,tống tiền: đưa 5 triệu nếu không muốn bị đánh.,1,,
,"tớ cần nâng điểm bảo vệ đề tài hệ thống thư viện, giá 200k.",1,,
,Bạn thử tham khảo thêm nguồn này cho đề tài AI phát hiện gian lận nhé.,0,,
,Mình muốn hỏi về quy định trích dẫn trong báo cáo đề tài Website bán hàng.,0,,
,Quy định về số thành viên nhóm đề tài Website bán hàng là bao nhiêu?,0,,
,"làm hộ giấy xác nhận khó khăn, giá 10 triệu, liên hệ ib riêng.",1,,
,"Mình nhận buff like, comment cho bài đăng đề tài, giá 500k.",1,,
,Quy định bảo vệ đề tài Website bán hàng gồm những gì ạ?,0,,
,"Xin đáp án assignment môn Cơ sở dữ liệu, mình gửi 100k cảm ơn.",1,,
,"Mình có đề thi và đáp án môn Phân tích thiết kế hệ thống, ai cần ib số 0987..., giá 10 triệu.",1,,
,"bán phần mềm làm đề tài ứng dụng học tiếng anh, giá 100k, link tinyurl.com/....",1,,
,ai biết thông tin về đề tài web bán đồ ăn không? cho mình hỏi với.,0,,
,"Cảm ơn mọi người, mình đã hoàn thành đề tài Ứng dụng quản lý chi tiêu rồi.",0,,
,"Cần bán gấp slot đề tài Web bán đồ ăn, giá 2 triệu, liên hệ Telegram @abc.",1,,
,Cho mình hỏi quy định nộp báo cáo đề tài Hệ thống điểm danh với ạ.,0,,
,Deadline môn Học máy có được dời không mọi người?,0,,
,"Cần tài liệu về Web bán đồ ăn, ai có gửi giúp tớ.",0,,
,Cảm ơn cô cô Lan đã giải đáp thắc mắc ạ.,0,,
,Đề tài Ứng dụng quản lý sinh viên cần biết trước công nghệ gì ạ?,0,,
,"Góp ý tích cực: bài của bạn đã tốt, chỉ cần chỉnh format.",0,,
,"mình gửi link meeting vào cuối kỳ, mọi người tham gia nhé.",0,,
,Mọi người đánh giá thế nào về hướng tiếp cận của đề tài Ứng dụng quản lý chi tiêu?,0,,
,Mình đã tạo form điểm danh nhóm đề tài Website bán hàng.,0,,
,"Share đáp án đề cương môn Thương mại điện tử, ai cần vào link docs.google.com/....",1,,
,Mọi người cập nhật tiến độ đề tài Ứng dụng học tiếng Anh cho mình nhé.,0,,
,"Mình nhận làm giấy xác nhận sinh viên giả, giá 1 triệu.",1,,
,"bán tài khoản sinh viên môn học máy, giá 100k, ib facebook.",1,,
,"Mình gửi bản nháp đề tài AI phát hiện gian lận, mọi người xem giúp.",0,,
,"bán đáp án thi cuối kỳ môn nhập môn lập trình, giá 2 triệu, ib số 0987....",1,,
,"Nhận giữ slot đề tài Ứng dụng quản lý sinh viên, giá 10 triệu, không cần đăng ký.",1,,
,"Nhóm tớ có người làm hộ, ai muốn tham gia trả 10 triệu.",1,,
,"Mình tạo nhóm chat cho đề tài Website bán hàng rồi, mọi người vào nhé.",0,,
,Ai có kinh nghiệm về Hệ thống thư viện muốn join nhóm không?,0,,
,Thầy thầy Bình gia hạn deadline môn Thương mại điện tử chưa?,0,,
,"Nhận giữ slot đề tài Ứng dụng học tiếng Anh, giá 2 triệu, không cần đăng ký.",1,,
,Thầy thầy Hùng yêu cầu sinh viên mua tài liệu môn Lập trình web giá 1 triệu.,1,,
,Quy định bảo vệ đề tài Ứng dụng quản lý sinh viên gồm những gì ạ?,0,,
,"Nhận chạy tool, code đề tài Ứng dụng quản lý chi tiêu, giá 200k, liên hệ Telegram @abc.",1,,
,Hẹn mọi người ngày mai online để chia task đề tài AI phát hiện gian lận.,0,,
,"Mình chưa biết bắt đầu đề tài Ứng dụng học tiếng Anh từ đâu, ai giúp với.",0,,
,Cảm ơn mọi người đã giúp mình làm đề tài Hệ thống thư viện.,0,,
,Mọi người cho mình hỏi cách triển khai đề tài AI phát hiện gian lận.,0,,
,tiến độ đề tài website bán hàng đến đâu rồi mọi người?,0,,
,"Cần hack vào hệ thống đăng ký đề tài Hệ thống thư viện, trả 200k.",1,,
,"Mình đọc paper về Hệ thống điểm danh, thấy khá hay, mọi người tham khảo.",0,,
,ai chưa vào nhóm đề tài ứng dụng đặt lịch khám thì báo mình.,0,,
,"chia sẻ acc học online, giá 100k, ib telegram @abc.",1,,
,"bán quyền đăng ký đề tài ai phát hiện gian lận môn phân tích thiết kế hệ thống, giá 500k.",1,,
,"Chuyển 10 triệu nhanh, không mình gửi đơn tố cáo lên khoa.",1,,
,"Mình nhận làm giấy xác nhận sinh viên giả, giá 100k.",1,,
,"Mình tạo nhóm chat cho đề tài Ứng dụng học tiếng Anh rồi, mọi người vào nhé.",0,,
,"Không đăng nhập được vào trang đăng ký đề tài, ai giúp với.",0,,
,"Nhóm ơi, thầy cô Phương vừa nhắc về đề tài Ứng dụng đặt lịch khám.",0,,
,"Mình nhận làm hộ toàn bộ đề tài Website bán hàng, bao sửa đến khi bảo vệ xong.",1,,
,"Thuê người vote cho nhóm mình trong cuộc thi Web bán đồ ăn, giá 500k.",1,,
,Mọi người cho mình hỏi quy định về tài liệu tham khảo với.,0,,
,"Chia sẻ tài khoản giảng viên cô Lan, giá 2 triệu, không ai biết.",1,,
,mình muốn trao đổi về kiến trúc hệ thống cho đề tài hệ thống thư viện.,0,,
,Tiến độ đề tài Website đăng ký đề tài đến đâu rồi mọi người?,0,,
,"Mình đang phân vân giữa Ứng dụng quản lý chi tiêu và đề tài khác, mọi người tư vấn giúp.",0,,
,Thông báo từ khoa: ai chưa đóng 200k sẽ bị hủy đăng ký đề tài Web bán đồ ăn.,1,,
,"Bán phao thi môn Trí tuệ nhân tạo, đảm bảo pass, giá 5 triệu, ib Facebook.",1,,
,"mình cần đáp án bài thi cơ sở dữ liệu, ai có ib ib riêng, trả 10 triệu.",1,,
,Mọi người cho hỏi deadline bài tập lớn môn Phân tích thiết kế hệ thống ạ.,0,,
,mọi người hướng dẫn giúp mình cách làm đề tài ai phát hiện gian lận với.,0,,
,"Cần người làm hộ đề tài Hệ thống điểm danh, mình trả 50k, ai nhận ib số 0987....",1,,
,"Mình có sẵn đề tài AI phát hiện gian lận đã bảo vệ, pass thầy Hùng, chỉ 50k, không cần làm gì.",1,,
,Ai có kinh nghiệm làm đề tài Chatbot tư vấn tuyển sinh chỉ mình với.,0,,
,Mình cần tìm 1 bạn làm phần frontend cho đề tài Ứng dụng quản lý sinh viên.,0,,
,"Tài liệu này hữu ích cho đề tài Web bán đồ ăn, mọi người tham khảo nhé.",0,,
,Hệ thống đăng ký đề tài Ứng dụng quản lý chi tiêu mở đến cuối kỳ đúng không?,0,,
,"mình đang kêu gọi ủng hộ đề tài website bán hàng, ai chuyển 500k qua telegram @abc nhé.",1,,
,"Nhóm tớ có người làm hộ, ai muốn tham gia trả 10 triệu.",1,,
,"Ai cần giải hộ code đề tài Ứng dụng quản lý sinh viên không? Giá 10 triệu, ib số 0987....",1,,
,"Bán slot đăng ký đề tài Hệ thống thư viện, ai cần ib ib riêng, giá 100k.",1,,
,"Mọi người ơi, nhóm mình cần thêm 1 thành viên nghiêm túc.",0,,
,Hệ thống đăng ký đề tài Hệ thống thư viện mở đến trước deadline đúng không?,0,,
,đề tài hệ thống điểm danh của thầy cô lan có còn slot không mọi người?,0,,
,"Ai muốn chiếm slot đề tài Ứng dụng học tiếng Anh thì mình hack giúp, giá 100k.",1,,
,mình nghĩ bạn nên sửa phần này trong báo cáo đề tài ứng dụng đặt lịch khám.,0,,
,"Ai làm rồi cho mình xem đáp án môn An toàn thông tin với, mình trả 10 triệu.",1,,
,"Dịch vụ viết thuê luận văn môn Học máy, uy tín, giá 1 triệu.",1,,
,"Mình gửi link meeting vào thứ 6 này, mọi người tham gia nhé.",0,,
,"Mình có tài liệu môn Lập trình web, ai cần mình share link drive.google.com/....",0,,
,"mình muốn đổi điểm đề tài website bán hàng, ai giúp ib zalo 09xx, hậu tạ 5 triệu.",1,,
,"mình nhận làm giấy xác nhận sinh viên giả, giá 100k.",1,,
,"nhóm mình thiếu người, ai vào nhóm chỉ cần nộp tiền 1 triệu, không cần làm gì.",1,,
,"Tài khoản giảng viên thầy Nam bị lỗi, sinh viên gửi thông tin qua link tinyurl.com/....",1,,
,"Thầy thầy Nam thông báo nộp phí bảo vệ đề tài AI phát hiện gian lận, ai chưa nộp ib ib riêng.",1,,
,"Pass slot đề tài Hệ thống đặt vé xe, bao duyệt, giá 10 triệu, ib nick mess.",1,,
,Cho mình hỏi cách viết báo cáo đề tài Hệ thống điểm danh với ạ.,0,,
,"Cần hack vào hệ thống đăng ký đề tài Hệ thống thư viện, trả 2 triệu.",1,,
,Mọi người cho mình hỏi quy định về tài liệu tham khảo với.,0,,
,"Cần người tác động để qua môn Công nghệ phần mềm, giá 5 triệu.",1,,
,thông báo từ khoa: ai chưa đóng 500k sẽ bị hủy đăng ký đề tài ứng dụng học tiếng anh.,1,,
,"bán phao thi môn phân tích thiết kế hệ thống, đảm bảo pass, giá 5 triệu, ib số 0987....",1,,
,"Cần bán gấp slot đề tài Ứng dụng đặt lịch khám, giá 2 triệu, liên hệ ib riêng.",1,,
,"Cô thầy Nam yêu cầu đóng 2 triệu để chấm lại điểm, chuyển khoản gấp.",1,,
,"Cần đáp án bài kiểm tra An toàn thông tin, ai có share mình với, hậu tạ 50k.",1,,
,"Mình biết lỗ hổng web trường, có thể đổi điểm, ib số 0987....",1,,
,"mọi người ơi, mình đã cập nhật file đề tài hệ thống điểm danh lên drive.",0,,
,Ai muốn vào nhóm làm đề tài AI phát hiện gian lận mà không cần đóng góp thì trả 100k.,1,,
,"Mình từng làm đề tài Ứng dụng quản lý chi tiêu, mọi người nên bắt đầu sớm.",0,,
,Mình đã tạo form điểm danh nhóm đề tài Hệ thống thư viện.,0,,
,"Mình biết bạn mua đáp án môn Công nghệ phần mềm, trả 2 triệu để mình không nói.",1,,
,"Bán quyền đăng ký đề tài Hệ thống thư viện môn Trí tuệ nhân tạo, giá 100k.",1,,
,"Mọi người ơi, quy chế thi môn An toàn thông tin thế nào?",0,,
,Mình nghĩ nhóm nên chia task lại cho hợp lý hơn.,0,,
,"Nhóm mình đã chốt đề tài Web bán đồ ăn, mọi người xem qua nhé.",0,,
,"Mọi người ơi, nhóm mình cần thêm 1 thành viên nghiêm túc.",0,,
,Cảm ơn mọi người đã giúp mình làm đề tài Ứng dụng quản lý chi tiêu.,0,,
,"Nick này là giảng viên thầy Hùng, ai muốn nâng điểm ib Telegram @abc, giá 50k.",1,,
,"Nhờ người quen trong khoa sửa điểm, giá 10 triệu.",1,,
,Cảm ơn nhóm đã làm việc chăm chỉ cho đề tài Ứng dụng quản lý chi tiêu.,0,,
,"Mọi người ơi, đề tài Website bán hàng môn Thương mại điện tử có khó không?",0,,
,"Mình biết lỗ hổng web trường, có thể đổi điểm, ib nick mess.",1,,
,"Ai cần tài khoản trường để đăng ký đề tài Ứng dụng quản lý sinh viên không, mình cho thuê 5 triệu.",1,,
,"Ai muốn chiếm slot đề tài Hệ thống điểm danh thì mình hack giúp, giá 1 triệu.",1,,
,"mình cần nâng điểm bảo vệ đề tài website đăng ký đề tài, giá 1 triệu.",1,,
,"Nếu không chuyển 2 triệu, tớ sẽ xóa đề tài Ứng dụng quản lý chi tiêu của cậu.",1,,
,"Ai cần giải hộ code đề tài Chatbot tư vấn tuyển sinh không? Giá 5 triệu, ib Zalo 09xx.",1,,
,"Mình không nộp được báo cáo môn Học máy, ai kiểm tra giúp.",0,,
,Ai chưa vào nhóm đề tài AI phát hiện gian lận thì báo mình.,0,,
,Mình cần xác nhận đăng ký đề tài Ứng dụng quản lý sinh viên với thầy cô Lan.,0,,
,Cho tớ hỏi cách viết báo cáo đề tài Ứng dụng quản lý sinh viên với ạ.,0,,
,"Dịch vụ viết thuê luận văn môn Thương mại điện tử, uy tín, giá 500k.",1,,
,Góp ý nhẹ: slide thuyết trình nên ngắn gọn hơn.,0,,
,Thông báo: nhóm đề tài Ứng dụng quản lý chi tiêu nộp báo cáo trước trước deadline nhé.,0,,
,"Mình có template báo cáo đề tài Website bán hàng, ai cần ib tớ.",0,,
,"mình muốn đăng ký đề tài hệ thống điểm danh, cần chuẩn bị gì ạ?",0,,
,"Có cách nào qua môn An toàn thông tin không, cần đáp án gấp, giá 200k.",1,,
,Trang web báo lỗi khi mình đăng ký đề tài Hệ thống điểm danh.,0,,
,Nhóm tớ họp lúc ngày mai ở thư viện nhé.,0,,
,"Ai muốn xóa log gian lận thì liên hệ ib riêng, giá 1 triệu.",1,,
,"Cần người đứng tên nhóm môn Lập trình web, trả 50k, ib số 0987....",1,,
,cho mình hỏi hạn nộp báo cáo môn cơ sở dữ liệu với ạ.,0,,
,"Mình đang phân vân giữa Web bán đồ ăn và đề tài khác, mọi người tư vấn giúp.",0,,
,"Làm đề tài Hệ thống điểm danh cần kiên nhẫn, đừng để sát deadline.",0,,
,mình bị mất dữ liệu đề tài ai phát hiện gian lận sau khi refresh.,0,,
,"Mình upload tài liệu đề tài Hệ thống thư viện lên drive rồi, mọi người xem nhé.",0,,
,"Bán phao thi môn An toàn thông tin, đảm bảo pass, giá 100k, ib số 0987....",1,,
,"Quảng cáo: mua báo cáo Chatbot tư vấn tuyển sinh tặng kèm bảo vệ, giá 1 triệu.",1,,
,Hạn bảo vệ đề tài Ứng dụng học tiếng Anh là tuần sau đúng không?,0,,
,cho mình hỏi hạn nộp báo cáo môn an toàn thông tin với ạ.,0,,
,"Cần người tạo tài khoản ảo để vote đề tài Website đăng ký đề tài, trả 5 triệu.",1,,
,"Bán biên lai đóng tiền đề tài giả, giá 2 triệu.",1,,
,Cho mình hỏi hạn nộp báo cáo môn An toàn thông tin với ạ.,0,,
,"tài liệu này hữu ích cho đề tài ứng dụng đặt lịch khám, mọi người tham khảo nhé.",0,,
,Mình cần xác nhận đăng ký đề tài Ứng dụng quản lý sinh viên với thầy thầy Bình.,0,,
,"Thuê người vote cho nhóm mình trong cuộc thi Ứng dụng quản lý chi tiêu, giá 2 triệu.",1,,
,"Bán quyền truy cập hệ thống đề tài, giá 1 triệu, link docs.google.com/....",1,,
,"Nhóm mình thiếu người, ai rảnh tham gia đề tài Chatbot tư vấn tuyển sinh nhé.",0,,
,"Thầy thầy Hùng ơi, cho em hỏi về đề tài Hệ thống đặt vé xe với ạ.",0,,
,"Bán slot đề tài Hệ thống điểm danh cho ai chưa đăng ký, giá 1 triệu, ib Zalo 09xx.",1,,
,Cảm ơn bạn đã gửi tài liệu môn Phân tích thiết kế hệ thống cho mình.,0,,
,"Mình bán script spam đăng ký đề tài, giá 100k, ib Facebook.",1,,
,"ai muốn yên thân thì trả 1 triệu, ib telegram @abc.",1,,
,Mọi người cho mình feedback về ý tưởng đề tài Hệ thống thư viện với.,0,,
,"Mình chưa biết bắt đầu đề tài Ứng dụng học tiếng Anh từ đâu, ai giúp với.",0,,
,"Cần người tác động để qua môn Thương mại điện tử, giá 200k.",1,,
,Hạn bảo vệ đề tài Web bán đồ ăn là trước deadline đúng không?,0,,
,"Cần người hack link tinyurl.com/... để lấy đề thi môn Lập trình web, trả 500k.",1,,
,"ai muốn nhóm mình đánh giá cao thì chuyển 200k, ib số 0987....",1,,
,"Bán quyền truy cập hệ thống đề tài, giá 10 triệu, link docs.google.com/....",1,,
,Cảm ơn nhóm đã làm việc chăm chỉ cho đề tài Chatbot tư vấn tuyển sinh.,0,,
,"Cần người tạo tài khoản ảo để vote đề tài Ứng dụng đặt lịch khám, trả 1 triệu.",1,,
,"Cần hack vào hệ thống đăng ký đề tài Ứng dụng đặt lịch khám, trả 50k.",1,,
,"Cô cô Mai yêu cầu đóng 2 triệu để chấm lại điểm, chuyển khoản gấp.",1,,
,"nhờ thầy thầy hùng nâng điểm chuyên cần, giá 50k.",1,,
,Trang web báo lỗi khi mình đăng ký đề tài Chatbot tư vấn tuyển sinh.,0,,
,Deadline đăng ký đề tài Ứng dụng đặt lịch khám còn không mọi người?,0,,
,Cảm ơn mọi người đã giúp mình làm đề tài Web bán đồ ăn.,0,,
,Tống tiền: đưa 5 triệu nếu không muốn bị đánh.,1,,
,"Mình muốn đăng ký đề tài Website đăng ký đề tài, mọi người cho mình hỏi thủ tục.",0,,
,"Làm hộ giấy xác nhận khó khăn, giá 5 triệu, liên hệ nick mess.",1,,
,"Nick này là giảng viên cô Phương, ai muốn nâng điểm ib nick mess, giá 1 triệu.",1,,
,"Mình có template báo cáo đề tài Ứng dụng đặt lịch khám, ai cần ib mình.",0,,
,ai có kinh nghiệm về hệ thống đặt vé xe cho mình hỏi chút.,0,,
,"Biết nhóm bạn mua đề tài Website bán hàng, đưa 50k mình im lặng.",1,,
,Trang web báo lỗi khi mình đăng ký đề tài Ứng dụng học tiếng Anh.,0,,
,Ai từng làm đề tài AI phát hiện gian lận rồi cho mình xin review.,0,,
,"Nhận viết hộ báo cáo Website đăng ký đề tài, giá 10 triệu, tặng slide thuyết trình.",1,,
,"Khóa học làm đề tài Ứng dụng quản lý sinh viên giá 50k, đăng ký ngay tại tinyurl.com/....",1,,
,"Nhóm mình đã chốt đề tài Ứng dụng đặt lịch khám, mọi người xem qua nhé.",0,,
,Ai muốn vào nhóm làm đề tài Ứng dụng quản lý chi tiêu mà không cần đóng góp thì trả 50k.,1,,
,Nhóm mình đã hoàn thành 50% đề tài Ứng dụng quản lý sinh viên.,0,,
,"nhóm trưởng gian lận, mình có bằng chứng, ai muốn mua im lặng ib ib riêng.",1,,
,Cho mình hỏi form đăng ký đề tài Web bán đồ ăn ở đâu ạ?,0,,
,"Có cách nào qua môn Công nghệ phần mềm không, cần đáp án gấp, giá 500k.",1,,
,"Ai giúp mình xin điểm cao môn Thương mại điện tử, mình trả 100k.",1,,
,"Dịch vụ tăng lượt tương tác cho đề tài Ứng dụng quản lý sinh viên, giá 200k.",1,,
,Mình muốn hỏi về quy định trích dẫn trong báo cáo đề tài Website đăng ký đề tài.,0,,
,"cần bán gấp slot đề tài website bán hàng, giá 500k, liên hệ zalo 09xx.",1,,
,"Ai muốn được tính điểm nhóm dù không làm gì thì liên hệ nick mess, giá 500k.",1,,
,mình muốn trao đổi về kiến trúc hệ thống cho đề tài hệ thống đặt vé xe.,0,,
,"Ai quen cô cô Lan không, xin nâng điểm môn Trí tuệ nhân tạo, mình trả 500k.",1,,
,"Nhận làm hồ sơ xin hoãn deadline đề tài, giá 200k.",1,,
,Mọi người cho mình hỏi quy định về tài liệu tham khảo với.,0,,
,Đề tài Ứng dụng quản lý chi tiêu của thầy thầy Hùng có còn slot không mọi người?,0,,
,"Ai muốn được tính điểm nhóm dù không làm gì thì liên hệ Zalo 09xx, giá 100k.",1,,
,Hệ thống đăng ký đề tài Hệ thống thư viện mở đến trước deadline đúng không?,0,,
,"Theo mọi người, thuật toán nào phù hợp cho đề tài Ứng dụng quản lý chi tiêu?",0,,
,"Ai muốn được tính điểm nhóm dù không làm gì thì liên hệ Facebook, giá 200k.",1,,
,"mọi người ơi, mình đã cập nhật file đề tài web bán đồ ăn lên drive.",0,,
,"Nick này là giảng viên cô Lan, ai muốn nâng điểm ib Facebook, giá 200k.",1,,
,Mình chia sẻ chút kinh nghiệm bảo vệ đề tài AI phát hiện gian lận.,0,,
,"mình là admin hệ thống, cần xác nhận tài khoản để duyệt đề tài, ib nick mess.",1,,
,Tìm bạn cùng làm đề tài Hệ thống đặt vé xe môn Lập trình web.,0,,
,"Bán tài khoản sinh viên môn Học máy, giá 200k, ib nick mess.",1,,
,"Mình muốn lập nhóm làm đề tài AI phát hiện gian lận, ai cùng chí hướng.",0,,
,"Làm hộ báo cáo Chatbot tư vấn tuyển sinh môn Khai phá dữ liệu, chỉ 500k, giao đúng hạn.",1,,
,"Ai muốn chiếm slot đề tài Chatbot tư vấn tuyển sinh thì tớ hack giúp, giá 2 triệu.",1,,
,Cho mình hỏi hạn nộp báo cáo môn Khai phá dữ liệu với ạ.,0,,
,Mình cần xác nhận đăng ký đề tài Ứng dụng quản lý sinh viên với thầy thầy Nam.,0,,
,Chia sẻ với mọi người cách mình quản lý thời gian làm đề tài Ứng dụng quản lý chi tiêu.,0,,
,"Mọi người ơi, quy chế thi môn Học máy thế nào?",0,,
,"Cần người làm hộ đề tài Website bán hàng, mình trả 500k, ai nhận ib ib riêng.",1,,
,"Bán quyền đăng ký đề tài Ứng dụng đặt lịch khám môn Khai phá dữ liệu, giá 2 triệu.",1,,
,Cảm ơn mọi người đã góp ý cho bài báo cáo của mình.,0,,
,"Chia sẻ tài khoản giảng viên thầy Bình, giá 500k, không ai biết.",1,,
,"Ai cần làm hộ bài tập lớn AI phát hiện gian lận không? Mình làm từ A-Z, giá 5 triệu.",1,,
,Ai muốn tham gia nhóm làm đề tài Ứng dụng quản lý chi tiêu không?,0,,
,"Nhóm mình thiếu người, ai vào nhóm chỉ cần nộp tiền 100k, không cần làm gì.",1,,
,Thông báo: nhóm đề tài Web bán đồ ăn nộp báo cáo trước tối nay nhé.,0,,
,"Dịch vụ nâng điểm môn Phân tích thiết kế hệ thống, giá 5 triệu, ai cần ib Telegram @abc.",1,,
,đề tài ứng dụng học tiếng anh cần biết trước công nghệ gì ạ?,0,,
,"Ai viết đánh giá 5 sao cho đề tài Hệ thống thư viện không, tớ trả 1 triệu.",1,,
,"Đừng lo, đề tài Website đăng ký đề tài không khó nếu làm đúng quy trình.",0,,
,"Ai muốn mua đề tài Ứng dụng quản lý chi tiêu thì cọc 5 triệu, mình gửi file sau.",1,,
,"Bán tài khoản admin để sửa điểm môn Phân tích thiết kế hệ thống, giá 10 triệu.",1,,
,"Nhận viết hộ báo cáo AI phát hiện gian lận, giá 200k, tặng slide thuyết trình.",1,,
,"Nhóm ơi, mình cập nhật tiến độ đề tài Chatbot tư vấn tuyển sinh vào tối nay nhé.",0,,
,"Dịch vụ viết thuê luận văn môn An toàn thông tin, uy tín, giá 2 triệu.",1,,
,"Thuê người vote cho nhóm mình trong cuộc thi Ứng dụng đặt lịch khám, giá 5 triệu.",1,,
,"Mình bán script spam đăng ký đề tài, giá 5 triệu, ib Telegram @abc.",1,,
,"Mình có nguồn đề thi môn Thương mại điện tử, chỉ cần trả 200k qua Facebook.",1,,
,"Nhóm trưởng gian lận, mình có bằng chứng, ai muốn mua im lặng ib ib riêng.",1,,
,"Ai cần mua đề tài Hệ thống thư viện không? Bao trọn gói báo cáo, code, slide, giá 10 triệu.",1,,
,Ai chưa vào nhóm đề tài Hệ thống điểm danh thì báo mình.,0,,
,"Chia sẻ tài khoản giảng viên cô Phương, giá 50k, không ai biết.",1,,
,Mình cảm ơn nhóm đã hỗ trợ trong đề tài Hệ thống đặt vé xe.,0,,
,"Bán đáp án thi cuối kỳ môn Thương mại điện tử, giá 50k, ib số 0987....",1,,
,"Ai có thể sửa điểm trên hệ thống môn Trí tuệ nhân tạo không, trả 500k.",1,,
,Quy định về số thành viên nhóm đề tài Website đăng ký đề tài là bao nhiêu?,0,,
,"Mình biết bạn mua đáp án môn An toàn thông tin, trả 2 triệu để mình không nói.",1,,
,"Ai quen cô thầy Bình không, xin nâng điểm môn Cơ sở dữ liệu, mình trả 10 triệu.",1,,
,"Ai muốn xóa log gian lận thì liên hệ số 0987..., giá 500k.",1,,
,đề tài hệ thống thư viện cần biết trước công nghệ gì ạ?,0,,
,"Mình cần đáp án bài thi Học máy, ai có ib Zalo 09xx, trả 2 triệu.",1,,
,ai biết cách đăng ký đề tài chatbot tư vấn tuyển sinh trên hệ thống không?,0,,
,Quy định bảo vệ đề tài Hệ thống đặt vé xe gồm những gì ạ?,0,,
,Chốt lịch họp nhóm trước deadline nha mọi người.,0,,
,"làm hộ báo cáo ứng dụng quản lý chi tiêu môn cơ sở dữ liệu, chỉ 2 triệu, giao đúng hạn.",1,,
,"Mình đang tìm hiểu về Hệ thống điểm danh, có ai thảo luận không?",0,,
,"Dịch vụ nâng điểm môn Cơ sở dữ liệu, giá 5 triệu, ai cần ib Telegram @abc.",1,,
,"Hệ thống chat bị lag, mọi người có bị không?",0,,
,"Nhận cung cấp đề tài Ứng dụng học tiếng Anh theo yêu cầu, giá 100k, giao trong trước deadline.",1,,
,"dịch vụ làm hộ đồ án website bán hàng, cam kết qua môn, không qua hoàn tiền.",1,,
,"ai giúp mình xin điểm cao môn cơ sở dữ liệu, mình trả 2 triệu.",1,,
,"Ai giúp mình xin điểm cao môn Cơ sở dữ liệu, mình trả 200k.",1,,
,"mình muốn lập nhóm làm đề tài ứng dụng quản lý chi tiêu, ai cùng chí hướng.",0,,
,Thầy cô Mai có yêu cầu đặc biệt gì cho đề tài Web bán đồ ăn không?,0,,
,Ai có kinh nghiệm làm đề tài Ứng dụng học tiếng Anh chỉ tớ với.,0,,
,"Mình có bằng chứng bạn hack tài khoản, trả 200k đi.",1,,
,"Mình có đề tài Hệ thống thư viện full source, chỉ cần đổi tên là nộp, giá 2 triệu.",1,,
,"Mọi người ơi, nhóm mình cần thêm 1 thành viên nghiêm túc.",0,,
,"Mình là sinh viên khó khăn, cần 50k để đóng phí bảo vệ, ib số 0987....",1,,
,"Mình có bằng chứng bạn hack tài khoản, trả 50k đi.",1,,
,"mình giữ slot đề tài ai phát hiện gian lận môn khai phá dữ liệu, pass lại giá 5 triệu.",1,,
,Mọi người cho hỏi deadline bài tập lớn môn Học máy ạ.,0,,
,"Cho mượn tài khoản qua môn Cơ sở dữ liệu, giá 2 triệu.",1,,
,"Hệ thống chat bị lag, mọi người có bị không?",0,,
,Mọi người đánh giá thế nào về hướng tiếp cận của đề tài Ứng dụng quản lý chi tiêu?,0,,
,"Ai muốn xóa log gian lận thì liên hệ Facebook, giá 500k.",1,,
,"Cần chạy điểm môn Trí tuệ nhân tạo, ai làm được ib Zalo 09xx, giá 10 triệu.",1,,
,"tớ có thể tạo minh chứng nộp báo cáo web bán đồ ăn, giá 100k.",1,,
,Ai có sách tham khảo môn Cơ sở dữ liệu cho mình mượn với.,0,,
,"Mọi người rảnh cuối kỳ không, mình bàn đề tài Hệ thống thư viện.",0,,
,"Nhờ thầy thầy Hùng nâng điểm chuyên cần, giá 50k.",1,,
,"Kêu gọi quyên góp cho lớp, ai chuyển 500k mình ghi nhận điểm rèn luyện.",1,,
,Cho mình hỏi hạn nộp báo cáo môn An toàn thông tin với ạ.,0,,
,Mình nghĩ nhóm nên chia task lại cho hợp lý hơn.,0,,
,Deadline môn Khai phá dữ liệu có được dời không mọi người?,0,,
,"Mọi người ơi, mình đăng ký đề tài Hệ thống đặt vé xe bị lỗi, ai giúp với.",0,,
,"Ai cần mua đề tài Hệ thống điểm danh không? Bao trọn gói báo cáo, code, slide, giá 10 triệu.",1,,
,"Link này nhận học bổng 50k, sinh viên nhập thông tin tài khoản để nhận.",1,,
,Mọi người cho mình hỏi cách triển khai đề tài Hệ thống đặt vé xe.,0,,
,"Cần xin điểm B+ môn Lập trình web, trả 10 triệu, ib số 0987....",1,,
,"Bán tài khoản sinh viên môn Khai phá dữ liệu, giá 200k, ib Facebook.",1,,
,"Ai viết đánh giá 5 sao cho đề tài Hệ thống thư viện không, mình trả 50k.",1,,
,"Nhận viết review chéo cho nhóm, giá 500k, ib Facebook.",1,,
,"Bán quyền đăng ký đề tài Ứng dụng đặt lịch khám môn Lập trình web, giá 10 triệu.",1,,
,"Bán tài khoản học tập môn Học máy, giá 5 triệu, ib Telegram @abc.",1,,
,"Bán phao thi môn An toàn thông tin, đảm bảo pass, giá 2 triệu, ib Facebook.",1,,
,Thầy cô Mai gia hạn deadline môn Phân tích thiết kế hệ thống chưa?,0,,
,"Nhận xử lý deadline Ứng dụng học tiếng Anh, giá 1 triệu, giao trong trước deadline.",1,,
,"Ai cần giấy khen giả để xét học bổng, ib Zalo 09xx, giá 1 triệu.",1,,
,"Mình gửi bản nháp đề tài Hệ thống đặt vé xe, mọi người xem giúp.",0,,
,"Mình có tài liệu môn Trí tuệ nhân tạo, ai cần mình share link docs.google.com/....",0,,
,"Khóa học làm đề tài Web bán đồ ăn giá 5 triệu, đăng ký ngay tại tinyurl.com/....",1,,
,"Biết nhóm bạn mua đề tài Hệ thống đặt vé xe, đưa 10 triệu mình im lặng.",1,,
,Thông báo: nhóm đề tài Website bán hàng nộp báo cáo trước tối nay nhé.,0,,
,"Cần người tạo tài khoản ảo để vote đề tài Chatbot tư vấn tuyển sinh, trả 1 triệu.",1,,
,"Mình quên deadline nộp slide đề tài Web bán đồ ăn, ai nhắc với.",0,,
,"Bán đề tài Hệ thống thư viện môn Cơ sở dữ liệu, có full báo cáo và slide, giá 5 triệu. Ai cần ib Facebook.",1,,
,"Ai muốn yên thân thì trả 2 triệu, ib số 0987....",1,,
,"Nhận viết hộ báo cáo Ứng dụng đặt lịch khám, giá 10 triệu, tặng slide thuyết trình.",1,,
,Chia sẻ với mọi người cách mình quản lý thời gian làm đề tài Website đăng ký đề tài.,0,,
,Quy định bảo vệ đề tài Chatbot tư vấn tuyển sinh gồm những gì ạ?,0,,
,"Mình gửi link tài liệu đề tài Hệ thống thư viện, mọi người kiểm tra nhé.",0,,
,"Bán tool spam đánh giá môn Nhập môn lập trình, giá 200k.",1,,
,"Mình đọc paper về Web bán đồ ăn, thấy khá hay, mọi người tham khảo.",0,,
,Mình bị mất dữ liệu đề tài Ứng dụng học tiếng Anh sau khi refresh.,0,,
,"Mọi người ơi, deadline đề tài AI phát hiện gian lận là khi nào vậy?",0,,
,"Ai cần mua đề tài Ứng dụng đặt lịch khám không? Bao trọn gói báo cáo, code, slide, giá 50k.",1,,
,Cho mình hỏi yêu cầu đề tài Ứng dụng học tiếng Anh môn Lập trình web với ạ.,0,,
,"Bán tài khoản học tập môn Phân tích thiết kế hệ thống, giá 500k, ib Telegram @abc.",1,,
,"Mình bán suất thành viên nhóm đề tài Ứng dụng học tiếng Anh, giá 5 triệu, bao điểm.",1,,
,"dịch vụ viết thuê luận văn môn học máy, uy tín, giá 500k.",1,,
,"Cảm ơn mọi người, mình đã hoàn thành đề tài Website đăng ký đề tài rồi.",0,,
,"Cần mua đánh giá tốt cho giảng viên thầy Hùng, giá 10 triệu.",1,,
,"Xin đáp án assignment môn Nhập môn lập trình, mình gửi 50k cảm ơn.",1,,
,"Mình từng làm đề tài Ứng dụng quản lý chi tiêu, mọi người nên bắt đầu sớm.",0,,
,"mình đang tìm hiểu về hệ thống thư viện, có ai thảo luận không?",0,,
,"Dịch vụ nâng điểm môn Khai phá dữ liệu, giá 5 triệu, ai cần ib nick mess.",1,,
,"Bán slot đăng ký đề tài Hệ thống thư viện, ai cần ib nick mess, giá 1 triệu.",1,,
,"Mọi người ơi, phần khó nhất của đề tài Hệ thống điểm danh là gì?",0,,
,"nhóm mình đã chốt đề tài ai phát hiện gian lận, mọi người xem qua nhé.",0,,
,Cảm ơn nhóm đã làm việc chăm chỉ cho đề tài Website bán hàng.,0,,
,"Thầy cô Phương thông báo nộp phí bảo vệ đề tài Hệ thống đặt vé xe, ai chưa nộp ib ib riêng.",1,,
,"Mình có đề tài AI phát hiện gian lận full source, chỉ cần đổi tên là nộp, giá 10 triệu.",1,,
,"nick này là giảng viên thầy nam, ai muốn nâng điểm ib zalo 09xx, giá 5 triệu.",1,,
,Ai biết thông tin về đề tài Ứng dụng đặt lịch khám không? Cho mình hỏi với.,0,,
,Đề tài Ứng dụng quản lý sinh viên của thầy cô Phương có còn slot không mọi người?,0,,
,"ai cần giải hộ code đề tài web bán đồ ăn không? giá 10 triệu, ib telegram @abc.",1,,
,Cho mình hỏi cách viết báo cáo đề tài Web bán đồ ăn với ạ.,0,,
,"Ai cần giấy khen giả để xét học bổng, ib nick mess, giá 50k.",1,,
,"Mình gửi link meeting vào tối nay, mọi người tham gia nhé.",0,,
,còn bao lâu nữa đến hạn nộp đề tài hệ thống điểm danh vậy?,0,,
,ai chưa vào nhóm đề tài hệ thống đặt vé xe thì báo tớ.,0,,
,Cảm ơn mọi người đã góp ý cho bài báo cáo của mình.,0,,
,Mình đã đăng ký đề tài AI phát hiện gian lận thành công rồi mọi người.,0,,
,"Mình nhận làm hộ toàn bộ đề tài Chatbot tư vấn tuyển sinh, bao sửa đến khi bảo vệ xong.",1,,
,"Cần xin điểm B+ môn Cơ sở dữ liệu, trả 10 triệu, ib nick mess.",1,,
,"Đừng lo, đề tài Chatbot tư vấn tuyển sinh không khó nếu làm đúng quy trình.",0,,
,"Mình có tài liệu môn Cơ sở dữ liệu, ai cần mình share link bit.ly/....",0,,
,Tiến độ đề tài Ứng dụng đặt lịch khám đến đâu rồi mọi người?,0,,
,"Mình có tài liệu môn Thương mại điện tử, ai cần mình share link bit.ly/....",0,,
,Mọi người hướng dẫn giúp mình cách làm đề tài Ứng dụng quản lý chi tiêu với.,0,,
,"Mình bán script spam đăng ký đề tài, giá 1 triệu, ib Zalo 09xx.",1,,
,chúng ta cần tăng tốc vì deadline đề tài ứng dụng quản lý sinh viên gần rồi.,0,,
,"nhóm mình nhận làm hộ đồ án hệ thống thư viện cho sinh viên, giá 100k, deadline cuối kỳ.",1,,
,"Nhận cung cấp đề tài Hệ thống điểm danh theo yêu cầu, giá 5 triệu, giao trong ngày mai.",1,,
,Cảm ơn bạn đã gửi tài liệu môn Trí tuệ nhân tạo cho mình.,0,,
,cảm ơn bạn đã gửi tài liệu môn phân tích thiết kế hệ thống cho mình.,0,,
,"Bán tài khoản admin để sửa điểm môn Học máy, giá 200k.",1,,
,"nhận giữ slot đề tài hệ thống thư viện, giá 500k, không cần đăng ký.",1,,
,Ai muốn vào nhóm làm đề tài Website đăng ký đề tài mà không cần đóng góp thì trả 1 triệu.,1,,
,Thầy cô Lan đã duyệt đề tài Hệ thống đặt vé xe cho mình chưa?,0,,
,"Mình có template báo cáo đề tài Chatbot tư vấn tuyển sinh, ai cần ib mình.",0,,
,Còn bao lâu nữa đến hạn nộp đề tài Hệ thống thư viện vậy?,0,,
,Mọi người cho ý kiến về database cho đề tài Ứng dụng học tiếng Anh với.,0,,
,"Cần người tạo tài khoản ảo để vote đề tài Hệ thống thư viện, trả 1 triệu.",1,,
,"Cần người ứng tiền làm đồ án Ứng dụng quản lý chi tiêu, hứa trả 100k, ib ib riêng.",1,,
,"Ai muốn được tính điểm nhóm dù không làm gì thì liên hệ Telegram @abc, giá 200k.",1,,
,"Bán đề tài Website bán hàng môn Khai phá dữ liệu, có full báo cáo và slide, giá 200k. Ai cần ib ib riêng.",1,,
,"Mình đọc paper về AI phát hiện gian lận, thấy khá hay, mọi người tham khảo.",0,,
,"nhóm ơi, mình cập nhật tiến độ đề tài hệ thống thư viện vào tối nay nhé.",0,,
,"Cho mượn tài khoản qua môn Học máy, giá 500k.",1,,
,"Mình biết lỗ hổng web trường, có thể đổi điểm, ib Zalo 09xx.",1,,
,"Mình muốn lập nhóm làm đề tài Hệ thống đặt vé xe, ai cùng chí hướng.",0,,
,"Bán suất đăng ký đề tài Ứng dụng học tiếng Anh cho khóa dưới, giá 100k.",1,,
,"Cần giấy bác sĩ giả để xin hoãn thi môn Trí tuệ nhân tạo, trả 1 triệu.",1,,
,Ai có sách tham khảo môn Công nghệ phần mềm cho mình mượn với.,0,,
,"bán đề tài ứng dụng quản lý chi tiêu môn học máy, có full báo cáo và slide, giá 50k. ai cần ib zalo 09xx.",1,,
,Trang web báo lỗi khi mình đăng ký đề tài AI phát hiện gian lận.,0,,
,Đề tài Chatbot tư vấn tuyển sinh cần biết trước công nghệ gì ạ?,0,,
,Ai trong nhóm đề tài Website bán hàng thì điểm danh giúp mình.,0,,
,Mình muốn trao đổi về kiến trúc hệ thống cho đề tài Hệ thống điểm danh.,0,,
,"Mình có thể thêm tên vào nhóm đề tài Ứng dụng quản lý chi tiêu, giá 500k, không cần làm.",1,,
,"Nhờ người quen trong khoa sửa điểm, giá 5 triệu.",1,,
,"Dịch vụ viết thuê luận văn môn An toàn thông tin, uy tín, giá 50k.",1,,
,Bạn thử tham khảo thêm nguồn này cho đề tài Hệ thống thư viện nhé.,0,,
,"Nhận làm hộ đồ án Ứng dụng quản lý sinh viên môn Phân tích thiết kế hệ thống, bao bảo vệ, giá 5 triệu. Ib nick mess.",1,,
,Nhóm mình đang tìm thêm thành viên cho đề tài Ứng dụng đặt lịch khám.,0,,
,"chuyển 200k nhanh, không mình gửi đơn tố cáo lên khoa.",1,,
,Deadline đăng ký đề tài Hệ thống đặt vé xe còn không mọi người?,0,,
,Ai biết thông tin về đề tài Hệ thống thư viện không? Cho mình hỏi với.,0,,
,Góp ý nhẹ: slide thuyết trình nên ngắn gọn hơn.,0,,
,"Nhóm ơi, thầy thầy Hùng vừa nhắc về đề tài Website bán hàng.",0,,
,"Cảm ơn bạn nhiều, tài liệu rất hữu ích cho đề tài Chatbot tư vấn tuyển sinh.",0,,
,"Mình đã pass đề tài Ứng dụng đặt lịch khám, ai cần hỏi gì cứ hỏi nhé.",0,,
,"Mình tạo nhóm chat cho đề tài Hệ thống đặt vé xe rồi, mọi người vào nhé.",0,,
,"Thầy thầy Nam thông báo nộp phí bảo vệ đề tài AI phát hiện gian lận, ai chưa nộp ib Facebook.",1,,
,"Nhóm mình có người làm hộ, ai muốn tham gia trả 10 triệu.",1,,
,"Ai cần giấy khen giả để xét học bổng, ib nick mess, giá 2 triệu.",1,,
,"Mọi người ơi, mình đăng ký đề tài Hệ thống điểm danh bị lỗi, ai giúp với.",0,,
,"Bán tool spam đánh giá môn Thương mại điện tử, giá 500k.",1,,
,"Biết nhóm bạn mua đề tài AI phát hiện gian lận, đưa 200k mình im lặng.",1,,
,"Mình nhận buff like, comment cho bài đăng đề tài, giá 5 triệu.",1,,
,Thông báo từ khoa: ai chưa đóng 5 triệu sẽ bị hủy đăng ký đề tài AI phát hiện gian lận.,1,,
,mình cần hỏi về thủ tục xin đổi đề tài ứng dụng đặt lịch khám.,0,,
,"Tài khoản giảng viên thầy Bình bị lỗi, sinh viên gửi thông tin qua link tinyurl.com/....",1,,
,"Cần gấp tiền làm đề tài Hệ thống thư viện, ai cho vay 50k mình trả gấp đôi.",1,,
,Cho mình hỏi cách viết báo cáo đề tài Ứng dụng quản lý chi tiêu với ạ.,0,,
,"Mình tạo nhóm chat cho đề tài Website bán hàng rồi, mọi người vào nhé.",0,,
,Trang web báo lỗi khi mình đăng ký đề tài Hệ thống điểm danh.,0,,
,"Mình có template báo cáo đề tài Website đăng ký đề tài, ai cần ib mình.",0,,
,Tiến độ đề tài Ứng dụng học tiếng Anh đến đâu rồi mọi người?,0,,
,"Mình nhận buff like, comment cho bài đăng đề tài, giá 200k.",1,,
,"Dịch vụ xâm nhập tài khoản giảng viên thầy Nam, giá 10 triệu.",1,,
,Ai biết thông tin về đề tài Ứng dụng quản lý sinh viên không? Cho mình hỏi với.,0,,
,"Nhóm ơi, mình cập nhật tiến độ đề tài Chatbot tư vấn tuyển sinh vào tối nay nhé.",0,,
,"Theo mọi người, thuật toán nào phù hợp cho đề tài Ứng dụng quản lý chi tiêu?",0,,
,"Mình có slot nội bộ đề tài Web bán đồ ăn, giá 2 triệu, ai cần ib.",1,,
,"Bán phần mềm làm đề tài Web bán đồ ăn, giá 2 triệu, link bit.ly/....",1,,
,"Mình có thể sửa kết quả bình chọn đề tài, giá 10 triệu.",1,,
,"Nhận chạy tool, code đề tài AI phát hiện gian lận, giá 200k, liên hệ Facebook.",1,,
,"Nhận xử lý deadline AI phát hiện gian lận, giá 2 triệu, giao trong ngày mai.",1,,
,"cần người tạo tài khoản ảo để vote đề tài ứng dụng đặt lịch khám, trả 500k.",1,,
,"Nhóm ơi, mình đã xong phần tài liệu đề tài Web bán đồ ăn.",0,,
,"Mình còn phần báo cáo chưa xong, ai giúp được không?",0,,
,Mình chia sẻ chút kinh nghiệm bảo vệ đề tài Chatbot tư vấn tuyển sinh.,0,,
,"Cho mượn tài khoản qua môn Học máy, giá 10 triệu.",1,,
,"Mình gửi bản nháp đề tài Website bán hàng, mọi người xem giúp.",0,,
,Trường mình có quy định gì về đăng ký đề tài Hệ thống thư viện không?,0,,
,Mình cảm ơn mọi người đã nhắc deadline môn Thương mại điện tử.,0,,
,"Mình bán tài khoản đã verify, dùng đăng ký đề tài Website đăng ký đề tài, giá 100k.",1,,
,"Nhận viết hộ báo cáo AI phát hiện gian lận, giá 10 triệu, tặng slide thuyết trình.",1,,
,"Nhóm ơi, mình cập nhật tiến độ đề tài Hệ thống điểm danh vào tối nay nhé.",0,,
,"Nhóm mình nhận làm hộ đồ án Ứng dụng quản lý chi tiêu cho sinh viên, giá 50k, deadline thứ 6 này.",1,,
,Bạn thử tham khảo thêm nguồn này cho đề tài AI phát hiện gian lận nhé.,0,,
,"Dịch vụ làm hộ đồ án Hệ thống đặt vé xe, cam kết qua môn, không qua hoàn tiền.",1,,
,Đề tài Hệ thống thư viện cần biết trước công nghệ gì ạ?,0,,
,"Mình nhận làm giấy xác nhận sinh viên giả, giá 200k.",1,,
,"Theo mình, phần kết luận cần rõ ràng hơn.",0,,
,Ai có kinh nghiệm làm đề tài Ứng dụng học tiếng Anh chỉ mình với.,0,,
,"Share đáp án đề cương môn Trí tuệ nhân tạo, ai cần vào link drive.google.com/....",1,,
,Cô thầy Nam có thể gợi ý tài liệu cho đề tài AI phát hiện gian lận không ạ?,0,,
,Mình cần xác nhận đăng ký đề tài Ứng dụng học tiếng Anh với thầy thầy Nam.,0,,
,"Bán phao thi môn An toàn thông tin, đảm bảo pass, giá 1 triệu, ib số 0987....",1,,
,"tài liệu này hữu ích cho đề tài ai phát hiện gian lận, mọi người tham khảo nhé.",0,,
,"mình quên deadline nộp slide đề tài website bán hàng, ai nhắc với.",0,,
,"Dịch vụ làm hộ đồ án Chatbot tư vấn tuyển sinh, cam kết qua môn, không qua hoàn tiền.",1,,
,"Bán tool spam đánh giá môn Học máy, giá 100k.",1,,
,Cảm ơn thầy thầy Nam đã hướng dẫn em đề tài Hệ thống điểm danh.,0,,
,"mình không nộp được báo cáo môn nhập môn lập trình, ai kiểm tra giúp.",0,,
,"Ai biết cách hack tài khoản trường không, chỉ mình với, trả 5 triệu.",1,,
,Thầy thầy Nam yêu cầu sinh viên mua tài liệu môn Phân tích thiết kế hệ thống giá 500k.,1,,
,"Ai muốn được tính điểm nhóm dù không làm gì thì liên hệ số 0987..., giá 50k.",1,,
,"Ai cần làm hộ bài tập lớn AI phát hiện gian lận không? Mình làm từ A-Z, giá 100k.",1,,
,"Cần người hack link tinyurl.com/... để lấy đề thi môn Học máy, trả 500k.",1,,
,Mình nghĩ nhóm nên chia task lại cho hợp lý hơn.,0,,
,mình không nhận được email xác nhận đề tài ứng dụng quản lý sinh viên.,0,,
,"Không đăng nhập được vào trang đăng ký đề tài, ai giúp với.",0,,
,"Cần bán gấp đề tài Ứng dụng học tiếng Anh, đảm bảo qua môn, ai ib số 0987... mình gửi demo.",1,,
,Mọi người thấy phần demo đề tài Website đăng ký đề tài ổn chưa?,0,,
,"Ai chưa có đề tài, mình bán slot Hệ thống đặt vé xe, giá 50k.",1,,
,"Mình từng làm đề tài Chatbot tư vấn tuyển sinh, mọi người nên bắt đầu sớm.",0,,
,Nhóm mình họp lúc trước deadline ở thư viện nhé.,0,,
,"Bán quyền truy cập hệ thống đề tài, giá 2 triệu, link bit.ly/....",1,,
,"Theo mọi người, thuật toán nào phù hợp cho đề tài Chatbot tư vấn tuyển sinh?",0,,
,"Mình có bằng chứng bạn hack tài khoản, trả 2 triệu đi.",1,,
,"Nhận chạy tool, code đề tài Web bán đồ ăn, giá 100k, liên hệ Facebook.",1,,
,"Nhóm mình đã chốt đề tài Website bán hàng, mọi người xem qua nhé.",0,,
,"Cô thầy Nam nhờ thu tiền lớp, ai nộp 10 triệu thì qua môn Thương mại điện tử.",1,,
,Mình cần tìm 1 bạn làm phần frontend cho đề tài Hệ thống điểm danh.,0,,
,"Ai giúp mình xin điểm cao môn Trí tuệ nhân tạo, mình trả 10 triệu.",1,,
,"Nếu không chuyển 500k, mình sẽ xóa đề tài Ứng dụng quản lý chi tiêu của bạn.",1,,
,Có ai biết lịch bảo vệ đề tài Ứng dụng quản lý sinh viên chưa?,0,,
,Mình cảm ơn nhóm đã hỗ trợ trong đề tài Hệ thống điểm danh.,0,,
,Ai chưa nộp phần của mình cho đề tài Chatbot tư vấn tuyển sinh thì gửi gấp.,0,,
,Cảm ơn nhóm đã làm việc chăm chỉ cho đề tài Chatbot tư vấn tuyển sinh.,0,,
,Mọi người cho mình feedback về ý tưởng đề tài Web bán đồ ăn với.,0,,
,"Nhóm mình đang tuyển thành viên, không yêu cầu quá cao.",0,,
,Ai chưa làm phần của mình thì báo để mình hỗ trợ.,0,,
,"Thầy cô Lan ơi, em nộp đề tài Hệ thống điểm danh muộn được không ạ?",0,,
,"Làm giả chữ ký giảng viên cô Mai, giá 100k.",1,,
,"Ai cần mua đề tài Ứng dụng học tiếng Anh không? Bao trọn gói báo cáo, code, slide, giá 10 triệu.",1,,
,Deadline đăng ký đề tài Ứng dụng đặt lịch khám còn không mọi người?,0,,
,"Ai làm rồi cho tớ xem đáp án môn Lập trình web với, tớ trả 1 triệu.",1,,
,Thảo luận chút: đề tài Ứng dụng đặt lịch khám nên làm web hay mobile?,0,,
,Kinh nghiệm làm đề tài Ứng dụng đặt lịch khám là chia nhỏ task ra nhé.,0,,
,Ai có sách tham khảo môn Cơ sở dữ liệu cho mình mượn với.,0,,
,"Share đáp án đề cương môn Học máy, ai cần vào link drive.google.com/....",1,,
,Cho mình hỏi quy định nộp báo cáo đề tài Website đăng ký đề tài với ạ.,0,,
,"Ai có thể sửa điểm trên hệ thống môn Lập trình web không, trả 2 triệu.",1,,
,"Mọi người ơi, phần khó nhất của đề tài Ứng dụng học tiếng Anh là gì?",0,,
,"Mình là sinh viên khó khăn, cần 50k để đóng phí bảo vệ, ib Facebook.",1,,
,Mình cần tìm 1 bạn làm phần frontend cho đề tài Website đăng ký đề tài.,0,,
,"Ai cần giấy khen giả để xét học bổng, ib Zalo 09xx, giá 50k.",1,,
,"Cần chạy điểm môn Thương mại điện tử, ai làm được ib Zalo 09xx, giá 100k.",1,,
,"Cô thầy Nam không kiểm tra đâu, ai muốn vào nhóm cho có thì trả 500k.",1,,
,"Ai quen cô cô Mai không, xin nâng điểm môn Khai phá dữ liệu, mình trả 500k.",1,,
,Chốt lịch họp nhóm ngày mai nha mọi người.,0,,
,"Mình muốn lập nhóm làm đề tài Ứng dụng đặt lịch khám, ai cùng chí hướng.",0,,
,"Dịch vụ xâm nhập tài khoản giảng viên thầy Bình, giá 1 triệu.",1,,
,"Mình có đề thi và đáp án môn Trí tuệ nhân tạo, ai cần ib số 0987..., giá 500k.",1,,
,"Mình muốn đổi điểm đề tài Ứng dụng đặt lịch khám, ai giúp ib Telegram @abc, hậu tạ 10 triệu.",1,,
,"Mình vừa tìm được paper về Ứng dụng đặt lịch khám, ai cần không?",0,,
,"Ai cần giấy khen giả để xét học bổng, ib số 0987..., giá 5 triệu.",1,,
,"Mình muốn đổi điểm đề tài Hệ thống điểm danh, ai giúp ib ib riêng, hậu tạ 10 triệu.",1,,
,"biết nhóm bạn mua đề tài chatbot tư vấn tuyển sinh, đưa 50k mình im lặng.",1,,
,Hạn bảo vệ đề tài Website bán hàng là tối nay đúng không?,0,,
,"Làm hộ báo cáo AI phát hiện gian lận môn Học máy, chỉ 2 triệu, giao đúng hạn.",1,,
,"Bán quyền đăng ký đề tài Hệ thống thư viện môn Nhập môn lập trình, giá 5 triệu.",1,,
,Nhóm mình họp lúc thứ 6 này ở thư viện nhé.,0,,
,"Bán slot đề tài Website bán hàng cho ai chưa đăng ký, giá 500k, ib ib riêng.",1,,
,"Quảng cáo: mua báo cáo Chatbot tư vấn tuyển sinh tặng kèm bảo vệ, giá 50k.",1,,
,"Ai cần giấy khen giả để xét học bổng, ib nick mess, giá 50k.",1,,
,"Nhờ thầy thầy Nam nâng điểm chuyên cần, giá 100k.",1,,
,Cho mình hỏi cách viết báo cáo đề tài Website bán hàng với ạ.,0,,
,"Mình đang làm phần demo, mọi người thế nào rồi?",0,,
,Đề tài Hệ thống đặt vé xe của thầy cô Phương có còn slot không mọi người?,0,,
,Nhóm mình họp lúc ngày mai ở thư viện nhé.,0,,
,Mình nghĩ nhóm nên chia task lại cho hợp lý hơn.,0,,
,Ai chưa nộp phần của mình cho đề tài Web bán đồ ăn thì gửi gấp.,0,,
,Mình cảm ơn mọi người đã nhắc deadline môn Cơ sở dữ liệu.,0,,
,Thầy cô Lan đã duyệt đề tài Website đăng ký đề tài cho mình chưa?,0,,
,"Mình muốn đăng ký đề tài Ứng dụng quản lý chi tiêu, mọi người cho mình hỏi thủ tục.",0,,
,"Cần đáp án bài kiểm tra Thương mại điện tử, ai có share mình với, hậu tạ 100k.",1,,
,"Mình đang phân vân giữa Chatbot tư vấn tuyển sinh và đề tài khác, mọi người tư vấn giúp.",0,,
,Kinh nghiệm làm đề tài Ứng dụng quản lý sinh viên là chia nhỏ task ra nhé.,0,,
,Hạn bảo vệ đề tài Hệ thống đặt vé xe là ngày mai đúng không?,0,,
,Cho mình hỏi cách viết báo cáo đề tài Hệ thống điểm danh với ạ.,0,,
,Ai có kinh nghiệm làm đề tài Web bán đồ ăn chỉ mình với.,0,,
,"Xin đáp án assignment môn Học máy, mình gửi 2 triệu cảm ơn.",1,,
,"Kêu gọi quyên góp cho lớp, ai chuyển 1 triệu mình ghi nhận điểm rèn luyện.",1,,
,mình góp ý về cách trình bày tài liệu môn thương mại điện tử.,0,,
,"Cho mượn tài khoản qua môn Lập trình web, giá 2 triệu.",1,,
,cậu thử tham khảo thêm nguồn này cho đề tài hệ thống đặt vé xe nhé.,0,,
,"mình gửi bản nháp đề tài website bán hàng, mọi người xem giúp.",0,,
,"Mình có thể sửa kết quả bình chọn đề tài, giá 1 triệu.",1,,
,"Mình đọc paper về Website đăng ký đề tài, thấy khá hay, mọi người tham khảo.",0,,
,Có ai biết quy định xin gia hạn deadline môn An toàn thông tin không?,0,,
,"Mọi người rảnh tuần sau không, mình bàn đề tài Chatbot tư vấn tuyển sinh.",0,,
,"Mọi người ơi, hệ thống đăng ký đề tài Website bán hàng bị lỗi.",0,,
,"Ai muốn xóa log gian lận thì liên hệ Zalo 09xx, giá 5 triệu.",1,,
,Mọi người nghĩ đề tài Ứng dụng quản lý chi tiêu nên dùng công nghệ gì?,0,,
,Kinh nghiệm của mình là chọn đề tài Hệ thống điểm danh nên tập trung vào demo.,0,,
,"Cần người tạo tài khoản ảo để vote đề tài Hệ thống điểm danh, trả 2 triệu.",1,,
,"Dịch vụ tăng lượt tương tác cho đề tài Hệ thống đặt vé xe, giá 50k.",1,,
,"Mình cần nâng điểm bảo vệ đề tài Hệ thống thư viện, giá 1 triệu.",1,,
,Mọi người thấy phần demo đề tài Hệ thống đặt vé xe ổn chưa?,0,,
,Mình đã tạo form điểm danh nhóm đề tài Hệ thống đặt vé xe.,0,,
,"bán phao thi môn trí tuệ nhân tạo, đảm bảo pass, giá 500k, ib số 0987....",1,,
,mọi người cho mình hỏi cách triển khai đề tài ứng dụng đặt lịch khám.,0,,
,"Mọi người ơi, nhóm mình cần thêm 1 thành viên nghiêm túc.",0,,
,"Nếu không trả 100k, mình sẽ tố cáo nhóm bạn gian lận đề tài Ứng dụng quản lý sinh viên.",1,,
,"Nhờ người quen trong khoa sửa điểm, giá 1 triệu.",1,,
,Mọi người thấy phần demo đề tài Ứng dụng đặt lịch khám ổn chưa?,0,,
,Mình nghĩ nhóm nên chia task lại cho hợp lý hơn.,0,,
,"Mình nhận làm hộ toàn bộ đề tài Ứng dụng học tiếng Anh, bao sửa đến khi bảo vệ xong.",1,,
,"Cần bán gấp đề tài Hệ thống điểm danh, đảm bảo qua môn, ai ib Facebook mình gửi demo.",1,,
,hẹn mọi người trước deadline online để chia task đề tài web bán đồ ăn.,0,,
,Ai biết cách đăng ký đề tài Hệ thống đặt vé xe trên hệ thống không?,0,,
,Mọi người nhớ đọc thông báo mới về đề tài Website đăng ký đề tài.,0,,
,Mọi người hướng dẫn giúp mình cách làm đề tài Ứng dụng quản lý sinh viên với.,0,,
,Cảm ơn nhóm đã làm việc chăm chỉ cho đề tài Ứng dụng học tiếng Anh.,0,,
,"Mình muốn lập nhóm làm đề tài Website đăng ký đề tài, ai cùng chí hướng.",0,,
,Mọi người cập nhật tiến độ đề tài Hệ thống đặt vé xe cho mình nhé.,0,,
,"Pass slot đề tài Website đăng ký đề tài, bao duyệt, giá 200k, ib số 0987....",1,,
,"Nhóm mình thiếu người, ai vào nhóm chỉ cần nộp tiền 5 triệu, không cần làm gì.",1,,
,"Mình có template báo cáo đề tài Hệ thống thư viện, ai cần ib mình.",0,,
,"Bán tài khoản admin để sửa điểm môn Thương mại điện tử, giá 50k.",1,,
,Cảm ơn thầy thầy Hùng đã hướng dẫn em đề tài Hệ thống thư viện.,0,,
,"Bán quyền truy cập hệ thống đề tài, giá 1 triệu, link docs.google.com/....",1,,
,"Chuyển 5 triệu nhanh, không tớ gửi đơn tố cáo lên khoa.",1,,
,"Ai giúp mình xin điểm cao môn Trí tuệ nhân tạo, mình trả 10 triệu.",1,,
,"Ai cần làm hộ bài tập lớn Ứng dụng đặt lịch khám không? Mình làm từ A-Z, giá 200k.",1,,
,"Mình biết bạn mua đáp án môn Học máy, trả 2 triệu để mình không nói.",1,,
,"Share đáp án đề cương môn Phân tích thiết kế hệ thống, ai cần vào link drive.google.com/....",1,,
,ai muốn tham gia nhóm làm đề tài web bán đồ ăn không?,0,,
,"Bán tài khoản học tập môn Lập trình web, giá 100k, ib Telegram @abc.",1,,
,"Thầy cô Phương ơi, em nộp đề tài Hệ thống thư viện muộn được không ạ?",0,,
,"Ai cần mua đề tài Hệ thống đặt vé xe không? Bao trọn gói báo cáo, code, slide, giá 100k.",1,,
,"Mình bán script spam đăng ký đề tài, giá 1 triệu, ib nick mess.",1,,
,"Cảm ơn bạn nhiều, tài liệu rất hữu ích cho đề tài Website đăng ký đề tài.",0,,
,Mọi người cho mình feedback về ý tưởng đề tài Hệ thống đặt vé xe với.,0,,
,"Ai muốn chiếm slot đề tài Hệ thống điểm danh thì tớ hack giúp, giá 10 triệu.",1,,
,"Mọi người ơi, quy chế thi môn An toàn thông tin thế nào?",0,,
,Ai phụ trách hệ thống cho mình hỏi lỗi này với.,0,,
,"nhận làm hộ đồ án ai phát hiện gian lận môn nhập môn lập trình, bao bảo vệ, giá 5 triệu. ib telegram @abc.",1,,
,Hẹn mọi người tối nay online để chia task đề tài Hệ thống điểm danh.,0,,
,Cảm ơn thầy thầy Hùng đã hướng dẫn em đề tài Website đăng ký đề tài.,0,,
,kinh nghiệm làm đề tài ứng dụng học tiếng anh là chia nhỏ task ra nhé.,0,,
,"Mình có thể sửa kết quả bình chọn đề tài, giá 10 triệu.",1,,
,Ai trong nhóm đề tài Hệ thống điểm danh thì điểm danh giúp mình.,0,,
,"ai quen cô cô mai không, xin nâng điểm môn an toàn thông tin, tớ trả 1 triệu.",1,,
,"mình từng làm đề tài hệ thống thư viện, mọi người nên bắt đầu sớm.",0,,
,"Mình tạo nhóm chat cho đề tài Hệ thống thư viện rồi, mọi người vào nhé.",0,,
,"Đừng lo, đề tài Chatbot tư vấn tuyển sinh không khó nếu làm đúng quy trình.",0,,
,"Mình có tool lấy mật khẩu sinh viên, ai cần ib Zalo 09xx, giá 10 triệu.",1,,
,Mọi người cho hỏi deadline bài tập lớn môn Phân tích thiết kế hệ thống ạ.,0,,
,Quy định bảo vệ đề tài Chatbot tư vấn tuyển sinh gồm những gì ạ?,0,,
,"Bán minh chứng tham gia đề tài Web bán đồ ăn, giá 50k, ib nick mess.",1,,
,Mình chia sẻ chút kinh nghiệm bảo vệ đề tài Hệ thống đặt vé xe.,0,,
,Ai muốn vào nhóm làm đề tài Ứng dụng học tiếng Anh mà không cần đóng góp thì trả 1 triệu.,1,,
,"Bán tài khoản sinh viên môn Lập trình web, giá 50k, ib Facebook.",1,,
,"Ai muốn yên thân thì trả 500k, ib ib riêng.",1,,
,"Nhóm mình đang tuyển thành viên, không yêu cầu quá cao.",0,,
,"Nhóm trưởng gian lận, tớ có bằng chứng, ai muốn mua im lặng ib Facebook.",1,,
,"Thanh lý đề tài Website bán hàng môn An toàn thông tin, giá 5 triệu, tặng kèm tài liệu ôn bảo vệ.",1,,
,"Nhóm trưởng gian lận, mình có bằng chứng, ai muốn mua im lặng ib Zalo 09xx.",1,,
,"Cần hack vào hệ thống đăng ký đề tài Hệ thống đặt vé xe, trả 5 triệu.",1,,
,"làm giả chữ ký giảng viên cô mai, giá 2 triệu.",1,,
,"Mình tạo nhóm chat cho đề tài Ứng dụng học tiếng Anh rồi, mọi người vào nhé.",0,,
,"xin đáp án assignment môn công nghệ phần mềm, tớ gửi 1 triệu cảm ơn.",1,,
,"Mọi người ơi, quy chế thi môn An toàn thông tin thế nào?",0,,
,"Bán tài khoản sinh viên môn An toàn thông tin, giá 500k, ib số 0987....",1,,
,"Làm hộ giấy xác nhận khó khăn, giá 5 triệu, liên hệ Telegram @abc.",1,,
,"Nếu không chuyển 5 triệu, mình sẽ xóa đề tài Website đăng ký đề tài của bạn.",1,,
,Cho mình hỏi quy định nộp báo cáo đề tài AI phát hiện gian lận với ạ.,0,,
,"Cần xin điểm B+ môn Thương mại điện tử, trả 200k, ib số 0987....",1,,
,"Mình cần nâng điểm bảo vệ đề tài Ứng dụng đặt lịch khám, giá 100k.",1,,
,"Cần tài liệu về Ứng dụng đặt lịch khám, ai có gửi giúp mình.",0,,
,Cô cô Mai nhắn riêng: đóng 2 triệu để được duyệt đề tài Chatbot tư vấn tuyển sinh.,1,,
,"Pass slot đề tài Website đăng ký đề tài, bao duyệt, giá 1 triệu, ib Facebook.",1,,
,Mọi người cho mình hỏi quy định về tài liệu tham khảo với.,0,,
,"Ai cần tài khoản trường để đăng ký đề tài Hệ thống thư viện không, mình cho thuê 100k.",1,,
,Ai trong nhóm đề tài Hệ thống đặt vé xe thì điểm danh giúp mình.,0,,
,"Ai cần tài khoản trường để đăng ký đề tài Website đăng ký đề tài không, mình cho thuê 2 triệu.",1,,
,mình cần hỏi về thủ tục xin đổi đề tài hệ thống đặt vé xe.,0,,
,"Cần bán gấp slot đề tài Website bán hàng, giá 1 triệu, liên hệ Zalo 09xx.",1,,
,"mình nhận chạy điểm nhóm môn khai phá dữ liệu, ai cần ib zalo 09xx, giá 100k.",1,,
,"Mình nhận làm hộ toàn bộ đề tài Hệ thống điểm danh, bao sửa đến khi bảo vệ xong.",1,,
,"mình không nộp được báo cáo môn khai phá dữ liệu, ai kiểm tra giúp.",0,,
,"Ai muốn được tính điểm nhóm dù không làm gì thì liên hệ Telegram @abc, giá 2 triệu.",1,,
,Mình cần tìm 1 bạn làm phần frontend cho đề tài Hệ thống điểm danh.,0,,
,"Nhóm tớ đang tuyển thành viên, không yêu cầu quá cao.",0,,
,Cô thầy Bình có thể gợi ý tài liệu cho đề tài Web bán đồ ăn không ạ?,0,,
,"Mình có ảnh nhạy cảm của bạn, chuyển 200k nếu không muốn bị phát tán.",1,,
,Kinh nghiệm làm đề tài AI phát hiện gian lận là chia nhỏ task ra nhé.,0,,
,Quy định về số thành viên nhóm đề tài Ứng dụng học tiếng Anh là bao nhiêu?,0,,
,"Bán phao thi môn Công nghệ phần mềm, đảm bảo pass, giá 1 triệu, ib Telegram @abc.",1,,
,"Mình gửi link meeting vào tối nay, mọi người tham gia nhé.",0,,
,"Mọi người ơi, deadline đề tài Website bán hàng là khi nào vậy?",0,,
,"Mình muốn đăng ký đề tài Hệ thống đặt vé xe, mọi người cho mình hỏi thủ tục.",0,,
,"Mọi người ơi, đề tài Website bán hàng môn Cơ sở dữ liệu có khó không?",0,,
,"Nhận cung cấp đề tài Web bán đồ ăn theo yêu cầu, giá 1 triệu, giao trong ngày mai.",1,,
,Ai muốn vào nhóm làm đề tài Website đăng ký đề tài mà không cần đóng góp thì trả 1 triệu.,1,,
,"Ai cần mua đề tài Ứng dụng quản lý sinh viên không? Bao trọn gói báo cáo, code, slide, giá 10 triệu.",1,,
,Mình nghĩ bạn nên sửa phần này trong báo cáo đề tài AI phát hiện gian lận.,0,,
,Mọi người nên tham khảo nhiều nguồn cho đề tài Hệ thống thư viện.,0,,
,"Cho mượn tài khoản qua môn An toàn thông tin, giá 1 triệu.",1,,
,"Mọi người ơi, phần khó nhất của đề tài AI phát hiện gian lận là gì?",0,,
,"Chia sẻ acc học online, giá 10 triệu, ib ib riêng.",1,,
,"Cần giấy bác sĩ giả để xin hoãn thi môn Công nghệ phần mềm, trả 100k.",1,,
,ai muốn vào nhóm làm đề tài hệ thống thư viện mà không cần đóng góp thì trả 10 triệu.,1,,
,"Mình tạo nhóm chat cho đề tài Ứng dụng đặt lịch khám rồi, mọi người vào nhé.",0,,
,mình cần hỏi về thủ tục xin đổi đề tài ai phát hiện gian lận.,0,,
,"Nhận xử lý deadline Website bán hàng, giá 500k, giao trong cuối kỳ.",1,,
,mình cần xác nhận đăng ký đề tài website bán hàng với thầy cô phương.,0,,
,Mọi người cập nhật tiến độ đề tài Hệ thống thư viện cho mình nhé.,0,,
,Mình cần hỏi về thủ tục xin đổi đề tài Ứng dụng quản lý chi tiêu.,0,,
,"Mình là trợ giảng môn Cơ sở dữ liệu, có thể sửa điểm, ai cần ib Zalo 09xx, giá 10 triệu.",1,,
,"Mình muốn đăng ký đề tài Ứng dụng học tiếng Anh, cần chuẩn bị gì ạ?",0,,
,"Cô cô Mai yêu cầu đóng 200k để chấm lại điểm, chuyển khoản gấp.",1,,
,"Ai cần làm hộ bài tập lớn Hệ thống đặt vé xe không? Mình làm từ A-Z, giá 5 triệu.",1,,
,"Mình chưa biết bắt đầu đề tài Chatbot tư vấn tuyển sinh từ đâu, ai giúp với.",0,,
,"Mình có thể tạo minh chứng nộp báo cáo Ứng dụng học tiếng Anh, giá 10 triệu.",1,,
,"thầy thầy hùng thông báo nộp phí bảo vệ đề tài hệ thống đặt vé xe, ai chưa nộp ib số 0987....",1,,
,"Mình gửi link tài liệu đề tài Hệ thống đặt vé xe, mọi người kiểm tra nhé.",0,,
,Ai biết thông tin về đề tài Chatbot tư vấn tuyển sinh không? Cho mình hỏi với.,0,,
,Hạn bảo vệ đề tài Ứng dụng học tiếng Anh là cuối kỳ đúng không?,0,,
,Cần 2 triệu nếu không mình sẽ báo cô thầy Bình bạn thi hộ.,1,,
,Mọi người thấy phần demo đề tài AI phát hiện gian lận ổn chưa?,0,,
,"Mọi người ơi, phần khó nhất của đề tài Ứng dụng đặt lịch khám là gì?",0,,
,Nhóm mình đang tìm thêm thành viên cho đề tài Website đăng ký đề tài.,0,,
,"Thầy cô Lan thông báo nộp phí bảo vệ đề tài Hệ thống điểm danh, ai chưa nộp ib Zalo 09xx.",1,,
,ai có kinh nghiệm về ứng dụng học tiếng anh cho mình hỏi chút.,0,,
,"Đừng lo, đề tài Ứng dụng học tiếng Anh không khó nếu làm đúng quy trình.",0,,
,"Mình muốn đăng ký đề tài Chatbot tư vấn tuyển sinh, mọi người cho mình hỏi thủ tục.",0,,
,"Bán đáp án thi cuối kỳ môn Nhập môn lập trình, giá 50k, ib Facebook.",1,,
,"Mình có thể sửa kết quả bình chọn đề tài, giá 500k.",1,,
,"bán quyền truy cập hệ thống đề tài, giá 500k, link docs.google.com/....",1,,
,Mình cần xác nhận đăng ký đề tài Web bán đồ ăn với thầy cô Lan.,0,,
,Ai muốn vào nhóm làm đề tài Web bán đồ ăn mà không cần đóng góp thì trả 10 triệu.,1,,
,"Mình nhận làm hộ toàn bộ đề tài Hệ thống thư viện, bao sửa đến khi bảo vệ xong.",1,,
,Hẹn mọi người trước deadline online để chia task đề tài Hệ thống điểm danh.,0,,
,"Cô cô Lan yêu cầu đóng 100k để chấm lại điểm, chuyển khoản gấp.",1,,
,"Mình có ảnh nhạy cảm của bạn, chuyển 1 triệu nếu không muốn bị phát tán.",1,,
,"Quảng cáo: mua báo cáo Ứng dụng quản lý chi tiêu tặng kèm bảo vệ, giá 100k.",1,,
,"ai giúp mình xin điểm cao môn khai phá dữ liệu, mình trả 5 triệu.",1,,
,"Thanh lý đề tài Chatbot tư vấn tuyển sinh môn Công nghệ phần mềm, giá 500k, tặng kèm tài liệu ôn bảo vệ.",1,,
,"Mọi người ơi, mình đã cập nhật file đề tài Chatbot tư vấn tuyển sinh lên drive.",0,,
,"Làm hộ báo cáo Hệ thống đặt vé xe môn Cơ sở dữ liệu, chỉ 500k, giao đúng hạn.",1,,
,Mọi người cập nhật tiến độ đề tài Hệ thống đặt vé xe cho mình nhé.,0,,
,"Mọi người rảnh thứ 6 này không, mình bàn đề tài Hệ thống đặt vé xe.",0,,
,"Bán phao thi môn Cơ sở dữ liệu, đảm bảo pass, giá 500k, ib Telegram @abc.",1,,
,Mọi người đánh giá thế nào về hướng tiếp cận của đề tài Ứng dụng quản lý chi tiêu?,0,,
,"cần đáp án bài kiểm tra học máy, ai có share mình với, hậu tạ 500k.",1,,
,Mọi người cho tớ feedback về ý tưởng đề tài Hệ thống điểm danh với.,0,,
,Mọi người cho mình hỏi quy định về tài liệu tham khảo với.,0,,
,"Bán slot đề tài Hệ thống thư viện cho ai chưa đăng ký, giá 2 triệu, ib số 0987....",1,,
,"Mình muốn lập nhóm làm đề tài Ứng dụng quản lý sinh viên, ai cùng chí hướng.",0,,
,Thầy cô Mai yêu cầu sinh viên mua tài liệu môn Khai phá dữ liệu giá 200k.,1,,
,Mình nghĩ bạn nên sửa phần này trong báo cáo đề tài Hệ thống đặt vé xe.,0,,
,"Tài khoản giảng viên thầy Bình bị lỗi, sinh viên gửi thông tin qua link tinyurl.com/....",1,,
,"Kêu gọi quyên góp cho lớp, ai chuyển 10 triệu tớ ghi nhận điểm rèn luyện.",1,,
,"mình nhận làm hộ toàn bộ đề tài web bán đồ ăn, bao sửa đến khi bảo vệ xong.",1,,
,Ai chưa làm phần của mình thì báo để mình hỗ trợ.,0,,
,mọi người cho hỏi deadline bài tập lớn môn an toàn thông tin ạ.,0,,
,Thầy thầy Bình yêu cầu sinh viên mua tài liệu môn Trí tuệ nhân tạo giá 200k.,1,,
,Thầy thầy Bình gia hạn deadline môn Thương mại điện tử chưa?,0,,
,"Mình từng làm đề tài Ứng dụng quản lý sinh viên, mọi người nên bắt đầu sớm.",0,,
,"Mình chưa biết bắt đầu đề tài Website đăng ký đề tài từ đâu, ai giúp với.",0,,
,"Nhóm ơi, mình cập nhật tiến độ đề tài Ứng dụng quản lý chi tiêu vào tối nay nhé.",0,,
,"Quảng cáo: mua báo cáo Hệ thống đặt vé xe tặng kèm bảo vệ, giá 100k.",1,,
,Kinh nghiệm làm đề tài Hệ thống điểm danh là chia nhỏ task ra nhé.,0,,
,Ai chưa vào nhóm đề tài Website đăng ký đề tài thì báo mình.,0,,
,Ai biết cách đăng ký đề tài AI phát hiện gian lận trên hệ thống không?,0,,
,"Mình có sẵn đề tài Hệ thống đặt vé xe đã bảo vệ, pass cô Phương, chỉ 200k, không cần làm gì.",1,,
,Mọi người có tài liệu tham khảo cho đề tài Ứng dụng quản lý sinh viên không?,0,,
,Đề tài Hệ thống đặt vé xe cần biết trước công nghệ gì ạ?,0,,
,"Mình có template báo cáo đề tài AI phát hiện gian lận, ai cần ib mình.",0,,
,"cần xin điểm b+ môn cơ sở dữ liệu, trả 50k, ib số 0987....",1,,
,"Mình muốn đổi điểm đề tài Website đăng ký đề tài, ai giúp ib Telegram @abc, hậu tạ 5 triệu.",1,,
,"Bán suất đăng ký đề tài Ứng dụng quản lý chi tiêu cho khóa dưới, giá 5 triệu.",1,,
,"Bán phao thi môn Lập trình web, đảm bảo pass, giá 1 triệu, ib Telegram @abc.",1,,
,"Bán tài khoản sinh viên môn Khai phá dữ liệu, giá 1 triệu, ib nick mess.",1,,
,"Mình nhận làm giấy xác nhận sinh viên giả, giá 2 triệu.",1,,
,"Ai muốn mua đề tài Ứng dụng quản lý sinh viên thì cọc 5 triệu, mình gửi file sau.",1,,
,"Làm đề tài Ứng dụng quản lý sinh viên cần kiên nhẫn, đừng để sát deadline.",0,,
,Mọi người cho mình hỏi quy định về tài liệu tham khảo với.,0,,
,"Bán đề tài Website bán hàng môn Học máy, có full báo cáo và slide, giá 5 triệu. Ai cần ib số 0987....",1,,
,Thầy thầy Nam yêu cầu sinh viên mua tài liệu môn Thương mại điện tử giá 200k.,1,,
,"Bán suất đăng ký đề tài Ứng dụng học tiếng Anh cho khóa dưới, giá 2 triệu.",1,,
,Ai chưa làm phần của mình thì báo để mình hỗ trợ.,0,,
,Ai có kinh nghiệm về Ứng dụng quản lý sinh viên muốn join nhóm không?,0,,
,Mọi người có tài liệu tham khảo cho đề tài Website đăng ký đề tài không?,0,,
,"Ai cần tài khoản trường để đăng ký đề tài Ứng dụng quản lý chi tiêu không, mình cho thuê 50k.",1,,
,"Mình gửi bản nháp đề tài Ứng dụng học tiếng Anh, mọi người xem giúp.",0,,
,"Thuê làm hộ đồ án Hệ thống đặt vé xe, trả 200k, yêu cầu không ai biết.",1,,
,Mình có chút góp ý cho phần mở đầu báo cáo.,0,,
,"Pass lại đề tài Ứng dụng quản lý sinh viên cho khóa dưới, bao bảo vệ, giá 50k.",1,,
,Tìm bạn cùng làm đề tài Hệ thống thư viện môn Nhập môn lập trình.,0,,
,ai chưa làm phần của tớ thì báo để tớ hỗ trợ.,0,,
,"Nhận viết hộ báo cáo Hệ thống đặt vé xe, giá 50k, tặng slide thuyết trình.",1,,
,"Bán tài khoản sinh viên môn Công nghệ phần mềm, giá 200k, ib Facebook.",1,,
,Tiến độ đề tài Ứng dụng học tiếng Anh đến đâu rồi mọi người?,0,,
,Mọi người đánh giá thế nào về hướng tiếp cận của đề tài Hệ thống đặt vé xe?,0,,
,Ai biết lịch nộp báo cáo đề tài Ứng dụng đặt lịch khám không?,0,,
,"Bán suất đăng ký đề tài Website đăng ký đề tài cho khóa dưới, giá 2 triệu.",1,,
,"Nhóm trưởng gian lận, mình có bằng chứng, ai muốn mua im lặng ib Zalo 09xx.",1,,
,"Mình muốn lập nhóm làm đề tài Hệ thống điểm danh, ai cùng chí hướng.",0,,
,"Cần bán gấp slot đề tài AI phát hiện gian lận, giá 5 triệu, liên hệ Facebook.",1,,
,cảm ơn bạn đã gửi tài liệu môn công nghệ phần mềm cho mình.,0,,
,"Mọi người ơi, phần khó nhất của đề tài Ứng dụng đặt lịch khám là gì?",0,,
,"Hệ thống chat bị lag, mọi người có bị không?",0,,
,"Ai có thể sửa điểm trên hệ thống môn Trí tuệ nhân tạo không, trả 5 triệu.",1,,
,"Mình đang làm phần demo, mọi người thế nào rồi?",0,,
,"Kêu gọi quyên góp cho lớp, ai chuyển 5 triệu mình ghi nhận điểm rèn luyện.",1,,
,"Nếu không chuyển 5 triệu, mình sẽ xóa đề tài Ứng dụng quản lý chi tiêu của bạn.",1,,
,Kinh nghiệm làm đề tài Hệ thống đặt vé xe là chia nhỏ task ra nhé.,0,,
,"Cần tài liệu về Ứng dụng đặt lịch khám, ai có gửi giúp mình.",0,,
,Mọi người đánh giá thế nào về hướng tiếp cận của đề tài Hệ thống điểm danh?,0,,
,"bán slot đề tài hệ thống điểm danh cho ai chưa đăng ký, giá 500k, ib zalo 09xx.",1,,
,Mọi người đánh giá thế nào về hướng tiếp cận của đề tài AI phát hiện gian lận?,0,,
,Ai có kinh nghiệm làm đề tài Website bán hàng chỉ mình với.,0,,
,"Mình có thể tạo minh chứng nộp báo cáo Ứng dụng học tiếng Anh, giá 200k.",1,,
,"Mình có đề tài Ứng dụng học tiếng Anh full source, chỉ cần đổi tên là nộp, giá 5 triệu.",1,,
,Cho mình hỏi quy định nộp báo cáo đề tài Chatbot tư vấn tuyển sinh với ạ.,0,,
,"Ai muốn được tính điểm nhóm dù không làm gì thì liên hệ Facebook, giá 2 triệu.",1,,
,"Mình nhận chạy điểm nhóm môn Lập trình web, ai cần ib số 0987..., giá 1 triệu.",1,,
,"Mình biết bạn mua đáp án môn Học máy, trả 2 triệu để mình không nói.",1,,
,"mình không nộp được báo cáo môn phân tích thiết kế hệ thống, ai kiểm tra giúp.",0,,
,Mọi người cho mình feedback về ý tưởng đề tài Website bán hàng với.,0,,
,"Ai chưa có đề tài, mình bán slot Hệ thống điểm danh, giá 1 triệu.",1,,
,Mình nghĩ nhóm nên chia task lại cho hợp lý hơn.,0,,
,Kinh nghiệm của mình là chọn đề tài Ứng dụng quản lý sinh viên nên tập trung vào demo.,0,,
,Mọi người có tài liệu tham khảo cho đề tài Ứng dụng quản lý chi tiêu không?,0,,
,"Mình có slot nội bộ đề tài Chatbot tư vấn tuyển sinh, giá 100k, ai cần ib.",1,,
,Cảm ơn thầy cô Phương đã hướng dẫn em đề tài Hệ thống đặt vé xe.,0,,
,"Mình từng làm đề tài Ứng dụng quản lý sinh viên, mọi người nên bắt đầu sớm.",0,,
,"Ai cần giải hộ code đề tài Ứng dụng quản lý chi tiêu không? Giá 2 triệu, ib Telegram @abc.",1,,
,"Mình nhận làm giấy xác nhận sinh viên giả, giá 5 triệu.",1,,
,Thảo luận chút: đề tài Hệ thống thư viện nên làm web hay mobile?,0,,
,"Mình vừa tìm được paper về Chatbot tư vấn tuyển sinh, ai cần không?",0,,
,Mọi người nghĩ đề tài AI phát hiện gian lận nên dùng công nghệ gì?,0,,
,Mình muốn trao đổi về kiến trúc hệ thống cho đề tài Hệ thống đặt vé xe.,0,,
,Mọi người thấy đề tài Ứng dụng học tiếng Anh có phù hợp cho sinh viên năm 3 không?,0,,
,Mọi người nghĩ đề tài Hệ thống đặt vé xe nên dùng công nghệ gì?,0,,
,Thảo luận chút: đề tài AI phát hiện gian lận nên làm web hay mobile?,0,,
,Ai muốn vào nhóm làm đề tài Website đăng ký đề tài mà không cần đóng góp thì trả 2 triệu.,1,,
,Ai trong nhóm đề tài Ứng dụng quản lý sinh viên thì điểm danh giúp mình.,0,,
,"Ai có đáp án đề thi môn Nhập môn lập trình không, cho mình xin, mình trả 200k.",1,,
,"Mình biết lỗ hổng web trường, có thể đổi điểm, ib Facebook.",1,,
,"Mình muốn lập nhóm làm đề tài Chatbot tư vấn tuyển sinh, ai cùng chí hướng.",0,,
,"Bán quyền đăng ký đề tài Ứng dụng đặt lịch khám môn Công nghệ phần mềm, giá 1 triệu.",1,,
,cảm ơn mọi người đã giúp mình làm đề tài chatbot tư vấn tuyển sinh.,0,,
,Mình không nhận được email xác nhận đề tài Ứng dụng học tiếng Anh.,0,,
,"Kêu gọi quyên góp cho lớp, ai chuyển 500k mình ghi nhận điểm rèn luyện.",1,,
,"Ai muốn mua đề tài Website đăng ký đề tài môn Trí tuệ nhân tạo thì liên hệ Zalo 09xx, giá 500k.",1,,
,"Thanh lý đề tài Web bán đồ ăn môn Công nghệ phần mềm, giá 100k, tặng kèm tài liệu ôn bảo vệ.",1,,
,"bán tài khoản sinh viên môn an toàn thông tin, giá 100k, ib số 0987....",1,,
,Tiến độ đề tài Hệ thống đặt vé xe đến đâu rồi mọi người?,0,,
,"Mình có bằng chứng bạn hack tài khoản, trả 500k đi.",1,,
,Mọi người cho mình hỏi quy định về tài liệu tham khảo với.,0,,
,"Ai muốn chiếm slot đề tài Ứng dụng học tiếng Anh thì mình hack giúp, giá 10 triệu.",1,,
,Tiến độ đề tài AI phát hiện gian lận đến đâu rồi mọi người?,0,,
,"mình muốn lập nhóm làm đề tài ứng dụng học tiếng anh, ai cùng chí hướng.",0,,
,"Ai chưa có đề tài, mình bán slot Website bán hàng, giá 500k.",1,,
,Thầy thầy Hùng đã duyệt đề tài Chatbot tư vấn tuyển sinh cho mình chưa?,0,,
,Kinh nghiệm làm đề tài Hệ thống điểm danh là chia nhỏ task ra nhé.,0,,
,Quy định bảo vệ đề tài Web bán đồ ăn gồm những gì ạ?,0,,
,"thuê làm hộ đồ án hệ thống điểm danh, trả 50k, yêu cầu không ai biết.",1,,
,Mọi người cho ý kiến về database cho đề tài Website đăng ký đề tài với.,0,,
,"thầy cô mai ơi, cho em hỏi về đề tài web bán đồ ăn với ạ.",0,,
,Trang web báo lỗi khi mình đăng ký đề tài Ứng dụng đặt lịch khám.,0,,
,Mình cảm ơn nhóm đã hỗ trợ trong đề tài Ứng dụng quản lý sinh viên.,0,,
,Thầy cô Lan có yêu cầu đặc biệt gì cho đề tài Website bán hàng không?,0,,
,"Cần người hack link docs.google.com/... để lấy đề thi môn Cơ sở dữ liệu, trả 100k.",1,,
,"Thầy cô Lan thông báo nộp phí bảo vệ đề tài Web bán đồ ăn, ai chưa nộp ib số 0987....",1,,
,"Mình cần đáp án bài thi Lập trình web, ai có ib số 0987..., trả 100k.",1,,
,Mọi người hướng dẫn giúp mình cách làm đề tài Hệ thống đặt vé xe với.,0,,
,"Cần người hack link docs.google.com/... để lấy đề thi môn Khai phá dữ liệu, trả 2 triệu.",1,,
,Mọi người thấy đề tài Hệ thống thư viện có phù hợp cho sinh viên năm 3 không?,0,,
,"Nhóm mình có người làm hộ, ai muốn tham gia trả 500k.",1,,
,mọi người có tài liệu tham khảo cho đề tài ứng dụng đặt lịch khám không?,0,,
,"Cô thầy Hùng yêu cầu đóng 5 triệu để chấm lại điểm, chuyển khoản gấp.",1,,
,"Mình không nộp được báo cáo môn Trí tuệ nhân tạo, ai kiểm tra giúp.",0,,
,"Mình có nhiều tài khoản ảo, ai cần đăng ký đề tài ib Telegram @abc.",1,,
,"Cần tài liệu về AI phát hiện gian lận, ai có gửi giúp mình.",0,,
,"Chia sẻ tài khoản giảng viên cô Phương, giá 5 triệu, không ai biết.",1,,
,"cô thầy hùng không kiểm tra đâu, ai muốn vào nhóm cho có thì trả 2 triệu.",1,,
,Mình muốn hỏi về quy định trích dẫn trong báo cáo đề tài Ứng dụng học tiếng Anh.,0,,
,"Cần đáp án bài kiểm tra Khai phá dữ liệu, ai có share mình với, hậu tạ 100k.",1,,
,"Chuyển 100k nhanh, không mình gửi đơn tố cáo lên khoa.",1,,
,Hạn bảo vệ đề tài Ứng dụng đặt lịch khám là trước deadline đúng không?,0,,
,"cần xin điểm b+ môn nhập môn lập trình, trả 100k, ib zalo 09xx.",1,,
,Ai biết cách sửa lỗi upload file đề tài Chatbot tư vấn tuyển sinh không?,0,,
,"Nếu không chuyển 10 triệu, mình sẽ xóa đề tài Ứng dụng quản lý sinh viên của bạn.",1,,
,"Cảm ơn cậu nhiều, tài liệu rất hữu ích cho đề tài Ứng dụng quản lý sinh viên.",0,,
,Mình muốn trao đổi về kiến trúc hệ thống cho đề tài Ứng dụng quản lý sinh viên.,0,,
,Mình góp ý về cách trình bày tài liệu môn Trí tuệ nhân tạo.,0,,
,"Dịch vụ nâng điểm môn Trí tuệ nhân tạo, giá 5 triệu, ai cần ib số 0987....",1,,
,Chúng ta cần tăng tốc vì deadline đề tài Website bán hàng gần rồi.,0,,
,"Nhóm trưởng gian lận, mình có bằng chứng, ai muốn mua im lặng ib Zalo 09xx.",1,,
,"Mình có bằng chứng bạn hack tài khoản, trả 100k đi.",1,,
,Mọi người cho mình hỏi quy định về tài liệu tham khảo với.,0,,
,"Cảm ơn mọi người, mình đã hoàn thành đề tài Website đăng ký đề tài rồi.",0,,
,"Mình nhận làm hộ toàn bộ đề tài Website bán hàng, bao sửa đến khi bảo vệ xong.",1,,
,"dịch vụ làm hộ đồ án hệ thống đặt vé xe, cam kết qua môn, không qua hoàn tiền.",1,,
,Mọi người đánh giá thế nào về hướng tiếp cận của đề tài AI phát hiện gian lận?,0,,
,"Mọi người rảnh trước deadline không, mình bàn đề tài Website đăng ký đề tài.",0,,
,Mọi người đánh giá thế nào về hướng tiếp cận của đề tài Ứng dụng đặt lịch khám?,0,,
,thảo luận chút: đề tài hệ thống điểm danh nên làm web hay mobile?,0,,
,Mọi người thấy đề tài Chatbot tư vấn tuyển sinh có phù hợp cho sinh viên năm 3 không?,0,,
,"nhóm tớ đã chốt đề tài ứng dụng quản lý sinh viên, mọi người xem qua nhé.",0,,
,"Nhóm ơi, mình đã xong phần tài liệu đề tài Ứng dụng quản lý sinh viên.",0,,
,"dịch vụ nâng điểm môn thương mại điện tử, giá 50k, ai cần ib zalo 09xx.",1,,
,Mình đã tạo form điểm danh nhóm đề tài Chatbot tư vấn tuyển sinh.,0,,
,"Mình gửi bản nháp đề tài Ứng dụng quản lý sinh viên, mọi người xem giúp.",0,,
,mình cần hỏi về thủ tục xin đổi đề tài ứng dụng đặt lịch khám.,0,,
,"Pass slot đề tài Chatbot tư vấn tuyển sinh, bao duyệt, giá 200k, ib Facebook.",1,,
,Ai chưa làm phần của mình thì báo để mình hỗ trợ.,0,,
,"Làm hộ giấy xác nhận khó khăn, giá 50k, liên hệ Telegram @abc.",1,,
,"Cho thuê tài khoản để thi hộ, giá 100k, bao qua môn.",1,,
,"Mình đang kêu gọi ủng hộ đề tài Chatbot tư vấn tuyển sinh, ai chuyển 50k qua Telegram @abc nhé.",1,,
,Quy định về số thành viên nhóm đề tài AI phát hiện gian lận là bao nhiêu?,0,,
,"Dịch vụ nâng điểm môn Lập trình web, giá 200k, ai cần ib Telegram @abc.",1,,
,Mình muốn trao đổi về kiến trúc hệ thống cho đề tài Website bán hàng.,0,,
,"Mình có thể thêm tên vào nhóm đề tài Web bán đồ ăn, giá 1 triệu, không cần làm.",1,,
,"Ai muốn được tính điểm nhóm dù không làm gì thì liên hệ Zalo 09xx, giá 100k.",1,,
,"Bán tool spam đánh giá môn Lập trình web, giá 5 triệu.",1,,
,"Mình giữ slot đề tài Ứng dụng đặt lịch khám môn Học máy, pass lại giá 2 triệu.",1,,
,Mình rút ra được nhiều bài học khi làm đề tài Ứng dụng quản lý chi tiêu.,0,,
,"Mình vừa tìm được paper về Web bán đồ ăn, ai cần không?",0,,
,"Mình từng làm đề tài Hệ thống thư viện, mọi người nên bắt đầu sớm.",0,,
,"Dịch vụ làm hộ đồ án Ứng dụng quản lý sinh viên, cam kết qua môn, không qua hoàn tiền.",1,,
,"Mình upload tài liệu đề tài Hệ thống thư viện lên drive rồi, mọi người xem nhé.",0,,
,"Cần tài liệu về Website đăng ký đề tài, ai có gửi giúp mình.",0,,
,"Mình có tool lấy mật khẩu sinh viên, ai cần ib ib riêng, giá 50k.",1,,
,"Bán tài liệu môn Công nghệ phần mềm giá 200k, chuyển khoản trước rồi mình gửi link docs.google.com/....",1,,
,"Ai muốn được tính điểm nhóm dù không làm gì thì liên hệ số 0987..., giá 2 triệu.",1,,
,"Bán phao thi môn Nhập môn lập trình, đảm bảo pass, giá 200k, ib Zalo 09xx.",1,,
,Mọi người nghĩ đề tài Ứng dụng quản lý chi tiêu nên dùng công nghệ gì?,0,,
,"Mình cần nâng điểm bảo vệ đề tài AI phát hiện gian lận, giá 200k.",1,,
,"Cần gấp tiền làm đề tài AI phát hiện gian lận, ai cho vay 10 triệu tớ trả gấp đôi.",1,,
,"nhận xử lý deadline website bán hàng, giá 50k, giao trong tối nay.",1,,
,"Mình có template báo cáo đề tài Chatbot tư vấn tuyển sinh, ai cần ib mình.",0,,
,"Ai muốn chiếm slot đề tài Ứng dụng học tiếng Anh thì mình hack giúp, giá 50k.",1,,
,Nhóm mình đang tìm thêm thành viên cho đề tài Ứng dụng học tiếng Anh.,0,,
,Ai muốn vào nhóm làm đề tài Website đăng ký đề tài mà không cần đóng góp thì trả 200k.,1,,
,Ai cùng đăng ký đề tài Web bán đồ ăn với mình không?,0,,
,Ai phụ trách hệ thống cho mình hỏi lỗi này với.,0,,
,"Thầy cô Lan thông báo nộp phí bảo vệ đề tài Ứng dụng đặt lịch khám, ai chưa nộp ib Facebook.",1,,
,Mọi người cho hỏi deadline bài tập lớn môn Cơ sở dữ liệu ạ.,0,,
,"chuyển 500k nhanh, không mình gửi đơn tố cáo lên khoa.",1,,
,"Tài khoản giảng viên cô Mai bị lỗi, sinh viên gửi thông tin qua link docs.google.com/....",1,,
,"Ai cần làm hộ bài tập lớn Web bán đồ ăn không? Mình làm từ A-Z, giá 2 triệu.",1,,
,"Hệ thống chat bị lag, mọi người có bị không?",0,,
,"ai muốn chiếm slot đề tài web bán đồ ăn thì mình hack giúp, giá 50k.",1,,
,"mình từng làm đề tài hệ thống điểm danh, mọi người nên bắt đầu sớm.",0,,
,"Mình muốn đăng ký đề tài Ứng dụng quản lý sinh viên, mọi người cho mình hỏi thủ tục.",0,,
,"Cần người ứng tiền làm đồ án Hệ thống đặt vé xe, hứa trả 2 triệu, ib Telegram @abc.",1,,
,Mọi người hướng dẫn giúp mình cách làm đề tài Ứng dụng đặt lịch khám với.,0,,
,"Theo mọi người, thuật toán nào phù hợp cho đề tài Chatbot tư vấn tuyển sinh?",0,,
,"Bán quyền đăng ký đề tài Ứng dụng đặt lịch khám môn Cơ sở dữ liệu, giá 2 triệu.",1,,
,mình rút ra được nhiều bài học khi làm đề tài ứng dụng quản lý chi tiêu.,0,,
,"ai cần tài khoản trường để đăng ký đề tài hệ thống thư viện không, mình cho thuê 10 triệu.",1,,
,"Tuyển cộng tác viên làm đề tài, đóng phí 100k để nhận việc.",1,,
,"Mọi người ơi, quy chế thi môn Lập trình web thế nào?",0,,
,bạn thử tham khảo thêm nguồn này cho đề tài ai phát hiện gian lận nhé.,0,,
,Ai có kinh nghiệm làm đề tài Web bán đồ ăn chỉ mình với.,0,,
,mọi người hướng dẫn giúp mình cách làm đề tài chatbot tư vấn tuyển sinh với.,0,,
,"Link này nhận học bổng 5 triệu, sinh viên nhập thông tin tài khoản để nhận.",1,,
,"Mình nhận làm hộ toàn bộ đề tài Ứng dụng đặt lịch khám, bao sửa đến khi bảo vệ xong.",1,,
,"Dịch vụ làm hộ đồ án Chatbot tư vấn tuyển sinh, cam kết qua môn, không qua hoàn tiền.",1,,
,"Mình có thể sửa kết quả bình chọn đề tài, giá 100k.",1,,
,"Mình biết bạn mua đáp án môn Phân tích thiết kế hệ thống, trả 10 triệu để mình không nói.",1,,
,"Mình đang kêu gọi ủng hộ đề tài Ứng dụng quản lý sinh viên, ai chuyển 200k qua số 0987... nhé.",1,,
,quy định về số thành viên nhóm đề tài ứng dụng quản lý sinh viên là bao nhiêu?,0,,
,Mình chia sẻ chút kinh nghiệm bảo vệ đề tài Ứng dụng đặt lịch khám.,0,,
,Mọi người cập nhật tiến độ đề tài Web bán đồ ăn cho mình nhé.,0,,
,Mình cần tìm 1 bạn làm phần frontend cho đề tài Ứng dụng quản lý chi tiêu.,0,,
,"Nhóm mình đang tuyển thành viên, không yêu cầu quá cao.",0,,
,Mình cảm ơn nhóm đã hỗ trợ trong đề tài Hệ thống thư viện.,0,,
,"Thanh lý đề tài Ứng dụng quản lý sinh viên môn Công nghệ phần mềm, giá 10 triệu, tặng kèm tài liệu ôn bảo vệ.",1,,
,"Nếu không chuyển 200k, mình sẽ xóa đề tài Hệ thống đặt vé xe của bạn.",1,,
,"Ai chưa có đề tài, mình bán slot Chatbot tư vấn tuyển sinh, giá 10 triệu.",1,,
,Cảm ơn mọi người đã giúp mình làm đề tài Ứng dụng quản lý sinh viên.,0,,
,"Mình có bằng chứng bạn hack tài khoản, trả 200k đi.",1,,
,"Biết nhóm bạn mua đề tài Ứng dụng quản lý chi tiêu, đưa 100k mình im lặng.",1,,
,"Cần người tác động để qua môn Khai phá dữ liệu, giá 10 triệu.",1,,
,Mình đã đăng ký đề tài Web bán đồ ăn thành công rồi mọi người.,0,,
,"Bán quyền truy cập hệ thống đề tài, giá 50k, link docs.google.com/....",1,,
,"Ai muốn được tính điểm nhóm dù không làm gì thì liên hệ Telegram @abc, giá 50k.",1,,
,"Bán quyền đăng ký đề tài Hệ thống điểm danh môn Khai phá dữ liệu, giá 5 triệu.",1,,
,"Mình đọc paper về Hệ thống điểm danh, thấy khá hay, mọi người tham khảo.",0,,
,"Bán phao thi môn Thương mại điện tử, đảm bảo pass, giá 1 triệu, ib Facebook.",1,,
,"Mình có đề thi và đáp án môn Công nghệ phần mềm, ai cần ib ib riêng, giá 10 triệu.",1,,
,"Bán phao thi môn Phân tích thiết kế hệ thống, đảm bảo pass, giá 200k, ib nick mess.",1,,
,ai biết lịch nộp báo cáo đề tài ứng dụng đặt lịch khám không?,0,,
,Ai chưa vào nhóm đề tài Website bán hàng thì báo mình.,0,,
,"Nhóm tớ đang tuyển thành viên, không yêu cầu quá cao.",0,,
,Thầy cô Mai đã duyệt đề tài Ứng dụng quản lý chi tiêu cho mình chưa?,0,,
,"Nhóm ơi, mình cập nhật tiến độ đề tài Ứng dụng quản lý sinh viên vào tối nay nhé.",0,,
,"Mình có đề tài Ứng dụng học tiếng Anh full source, chỉ cần đổi tên là nộp, giá 1 triệu.",1,,
,Mình chia sẻ chút kinh nghiệm bảo vệ đề tài Web bán đồ ăn.,0,,
,"Chia sẻ tài khoản giảng viên thầy Hùng, giá 2 triệu, không ai biết.",1,,
,"Góp ý tích cực: bài của bạn đã tốt, chỉ cần chỉnh format.",0,,
,Mọi người hướng dẫn giúp mình cách làm đề tài Ứng dụng học tiếng Anh với.,0,,
,"Bán minh chứng tham gia đề tài Website bán hàng, giá 50k, ib Telegram @abc.",1,,
,"Đừng lo, đề tài Ứng dụng học tiếng Anh không khó nếu làm đúng quy trình.",0,,
,"Làm đề tài Ứng dụng học tiếng Anh cần kiên nhẫn, đừng để sát deadline.",0,,
,Mình đã đăng ký đề tài Chatbot tư vấn tuyển sinh thành công rồi mọi người.,0,,
,"Mình muốn đổi đề tài Ứng dụng quản lý sinh viên, cần làm gì ạ?",0,,
,"dịch vụ viết thuê luận văn môn an toàn thông tin, uy tín, giá 2 triệu.",1,,
,Ai chưa làm phần của mình thì báo để mình hỗ trợ.,0,,
,"lỗi 500 khi truy cập môn phân tích thiết kế hệ thống, mọi người ơi.",0,,
,"Mình gửi link meeting vào tối nay, mọi người tham gia nhé.",0,,
,Cô thầy Hùng nhắn riêng: đóng 50k để được duyệt đề tài Ứng dụng quản lý chi tiêu.,1,,
,"ai chưa có đề tài, mình bán slot ứng dụng quản lý sinh viên, giá 100k.",1,,
,Cô thầy Hùng nhắn riêng: đóng 500k để được duyệt đề tài Ứng dụng học tiếng Anh.,1,,
,"Mình cần đáp án bài thi Lập trình web, ai có ib ib riêng, trả 500k.",1,,
,Ai cùng đăng ký đề tài Ứng dụng quản lý sinh viên với mình không?,0,,
,"Mình biết cậu mua đáp án môn Học máy, trả 200k để tớ không nói.",1,,
,"Cho thuê tài khoản để thi hộ, giá 500k, bao qua môn.",1,,
,"Ai làm rồi cho mình xem đáp án môn Trí tuệ nhân tạo với, mình trả 200k.",1,,
,"Mình có tool lấy mật khẩu sinh viên, ai cần ib ib riêng, giá 10 triệu.",1,,
,nhóm mình họp lúc thứ 6 này ở thư viện nhé.,0,,
,"Cảm ơn bạn nhiều, tài liệu rất hữu ích cho đề tài Chatbot tư vấn tuyển sinh.",0,,
,"Có cách nào qua môn Thương mại điện tử không, cần đáp án gấp, giá 500k.",1,,
,"Ai muốn xóa log gian lận thì liên hệ số 0987..., giá 10 triệu.",1,,
,ai muốn tham gia nhóm làm đề tài ai phát hiện gian lận không?,0,,
,Mọi người nghĩ đề tài Ứng dụng học tiếng Anh nên dùng công nghệ gì?,0,,
,Ai có kinh nghiệm về AI phát hiện gian lận muốn join nhóm không?,0,,
,"Cần giấy bác sĩ giả để xin hoãn thi môn Phân tích thiết kế hệ thống, trả 200k.",1,,
,Mình đã tạo form điểm danh nhóm đề tài Ứng dụng học tiếng Anh.,0,,
,"Thầy thầy Bình ơi, em nộp đề tài Hệ thống thư viện muộn được không ạ?",0,,
,"Cần xin điểm B+ môn Cơ sở dữ liệu, trả 1 triệu, ib ib riêng.",1,,
,"ai viết đánh giá 5 sao cho đề tài ứng dụng quản lý sinh viên không, mình trả 10 triệu.",1,,
,Mình muốn hỏi về quy định trích dẫn trong báo cáo đề tài Hệ thống đặt vé xe.,0,,
,"Nhóm mình thiếu người, ai rảnh tham gia đề tài Ứng dụng quản lý sinh viên nhé.",0,,
,"Bán tài liệu môn Lập trình web giá 500k, chuyển khoản trước rồi mình gửi link tinyurl.com/....",1,,
,"Nhóm mình có người làm hộ, ai muốn tham gia trả 1 triệu.",1,,
,"Ai biết cách hack tài khoản trường không, chỉ mình với, trả 100k.",1,,
,"Bán quyền đăng ký đề tài Chatbot tư vấn tuyển sinh môn Cơ sở dữ liệu, giá 1 triệu.",1,,
,"Ai làm rồi cho mình xem đáp án môn An toàn thông tin với, mình trả 200k.",1,,
,"mọi người ơi, mình đã cập nhật file đề tài hệ thống thư viện lên drive.",0,,
,"Mình gửi link tài liệu đề tài Hệ thống thư viện, mọi người kiểm tra nhé.",0,,
,"Bán slot đề tài Website đăng ký đề tài cho ai chưa đăng ký, giá 100k, ib Telegram @abc.",1,,
,"Không đăng nhập được vào trang đăng ký đề tài, ai giúp với.",0,,
,Chốt lịch họp nhóm ngày mai nha mọi người.,0,,
,Mọi người thấy đề tài Hệ thống thư viện có phù hợp cho sinh viên năm 3 không?,0,,
,Tìm cậu cùng làm đề tài Hệ thống điểm danh môn Học máy.,0,,
,"Dịch vụ làm hộ đồ án Website đăng ký đề tài, cam kết qua môn, không qua hoàn tiền.",1,,
,"Ai cần tài khoản trường để đăng ký đề tài Hệ thống điểm danh không, mình cho thuê 2 triệu.",1,,
,"Mình có nguồn đề thi môn Lập trình web, chỉ cần trả 200k qua Zalo 09xx.",1,,
,Ai có kinh nghiệm về Chatbot tư vấn tuyển sinh cho mình hỏi chút.,0,,
,"Kêu gọi quyên góp cho lớp, ai chuyển 5 triệu mình ghi nhận điểm rèn luyện.",1,,
,cho mình hỏi yêu cầu đề tài web bán đồ ăn môn khai phá dữ liệu với ạ.,0,,
,"Mình có tool lấy mật khẩu sinh viên, ai cần ib Zalo 09xx, giá 200k.",1,,
,"Ai muốn được tính điểm nhóm dù không làm gì thì liên hệ Zalo 09xx, giá 200k.",1,,
,"Bán đề tài Ứng dụng học tiếng Anh môn Trí tuệ nhân tạo, có full báo cáo và slide, giá 2 triệu. Ai cần ib số 0987....",1,,
,"Ai cần mua đề tài AI phát hiện gian lận không? Bao trọn gói báo cáo, code, slide, giá 100k.",1,,
,"Bán tài khoản học tập môn Khai phá dữ liệu, giá 50k, ib Zalo 09xx.",1,,
,Tìm bạn cùng làm đề tài Website bán hàng môn Nhập môn lập trình.,0,,
,"Cần mua đánh giá tốt cho giảng viên cô Phương, giá 1 triệu.",1,,
,Nhóm mình họp lúc thứ 6 này ở thư viện nhé.,0,,
,Tống tiền: đưa 2 triệu nếu không muốn bị đánh.,1,,
,"mình muốn đăng ký đề tài ứng dụng quản lý chi tiêu, mọi người cho mình hỏi thủ tục.",0,,
,"Ai muốn yên thân thì trả 500k, ib số 0987....",1,,
,"Nhờ người quen trong khoa sửa điểm, giá 1 triệu.",1,,
,Chốt lịch họp nhóm ngày mai nha mọi người.,0,,
,Mình cảm ơn nhóm đã hỗ trợ trong đề tài Ứng dụng quản lý sinh viên.,0,,
,thầy cô phương đã duyệt đề tài ứng dụng quản lý chi tiêu cho tớ chưa?,0,,
,Ai có kinh nghiệm về AI phát hiện gian lận muốn join nhóm không?,0,,
,"tớ đọc paper về chatbot tư vấn tuyển sinh, thấy khá hay, mọi người tham khảo.",0,,
,Tống tiền: đưa 5 triệu nếu không muốn bị đánh.,1,,
,Mọi người cho mình hỏi quy định về tài liệu tham khảo với.,0,,
,"Nhờ thầy thầy Nam nâng điểm chuyên cần, giá 50k.",1,,
,"Nhóm trưởng gian lận, mình có bằng chứng, ai muốn mua im lặng ib Telegram @abc.",1,,
,"Thuê làm hộ đồ án Ứng dụng quản lý sinh viên, trả 100k, yêu cầu không ai biết.",1,,
,"pass slot đề tài hệ thống điểm danh, bao duyệt, giá 200k, ib zalo 09xx.",1,,
,Ai biết cách sửa lỗi upload file đề tài Website bán hàng không?,0,,
,"Mọi người ơi, mình đã cập nhật file đề tài Website bán hàng lên drive.",0,,
,"tớ từng làm đề tài ứng dụng đặt lịch khám, mọi người nên bắt đầu sớm.",0,,
,Cảm ơn nhóm đã làm việc chăm chỉ cho đề tài Hệ thống thư viện.,0,,
,Kinh nghiệm của mình là chọn đề tài Ứng dụng quản lý chi tiêu nên tập trung vào demo.,0,,
,"Cần người đứng tên nhóm môn Cơ sở dữ liệu, trả 1 triệu, ib Telegram @abc.",1,,
,Thầy thầy Bình yêu cầu sinh viên mua tài liệu môn Lập trình web giá 5 triệu.,1,,
,"Cần người tạo tài khoản ảo để vote đề tài Ứng dụng quản lý sinh viên, trả 500k.",1,,
,"Nếu không chuyển 50k, mình sẽ xóa đề tài Hệ thống đặt vé xe của bạn.",1,,
,Mọi người cho hỏi deadline bài tập lớn môn Nhập môn lập trình ạ.,0,,
,"Nhờ người quen trong khoa sửa điểm, giá 5 triệu.",1,,
,"Mình đã pass đề tài Chatbot tư vấn tuyển sinh, ai cần hỏi gì cứ hỏi nhé.",0,,
,"Ai cần giấy khen giả để xét học bổng, ib Telegram @abc, giá 10 triệu.",1,,
,"Mọi người ơi, phần khó nhất của đề tài Web bán đồ ăn là gì?",0,,
,"Còn 1 slot đề tài Chatbot tư vấn tuyển sinh, ai nhanh tay chuyển 500k.",1,,
,"Mình muốn đổi điểm đề tài Ứng dụng quản lý sinh viên, ai giúp ib Zalo 09xx, hậu tạ 5 triệu.",1,,
,"Mình bán tài khoản đã verify, dùng đăng ký đề tài Web bán đồ ăn, giá 5 triệu.",1,,
,Đề tài AI phát hiện gian lận của thầy cô Phương có còn slot không mọi người?,0,,
,Kinh nghiệm của mình là chọn đề tài AI phát hiện gian lận nên tập trung vào demo.,0,,
,"Ai biết cách hack tài khoản trường không, chỉ mình với, trả 5 triệu.",1,,
,"Bán đáp án thi cuối kỳ môn Học máy, giá 2 triệu, ib Zalo 09xx.",1,,
,"Mình có tool lấy mật khẩu sinh viên, ai cần ib nick mess, giá 100k.",1,,
,"Bán tool spam đánh giá môn Công nghệ phần mềm, giá 200k.",1,,
,"Mình đang tìm hiểu về Chatbot tư vấn tuyển sinh, có ai thảo luận không?",0,,
,"làm giả chữ ký giảng viên thầy nam, giá 5 triệu.",1,,
,Quy định bảo vệ đề tài Hệ thống điểm danh gồm những gì ạ?,0,,
,"Mình có nhiều tài khoản ảo, ai cần đăng ký đề tài ib Facebook.",1,,
,"Mình có thể sửa kết quả bình chọn đề tài, giá 10 triệu.",1,,
,"Thuê làm hộ đồ án Hệ thống thư viện, trả 200k, yêu cầu không ai biết.",1,,
,Quy định về số thành viên nhóm đề tài Website bán hàng là bao nhiêu?,0,,
,"Bán tài khoản học tập môn Trí tuệ nhân tạo, giá 5 triệu, ib nick mess.",1,,
,"Cần bán gấp slot đề tài Web bán đồ ăn, giá 1 triệu, liên hệ Facebook.",1,,
,Cô thầy Nam có thể gợi ý tài liệu cho đề tài Chatbot tư vấn tuyển sinh không ạ?,0,,
,"Bên mình nhận làm đề tài AI phát hiện gian lận, báo cáo, slide, giá 5 triệu, ib Facebook.",1,,
,"kêu gọi quyên góp cho lớp, ai chuyển 200k mình ghi nhận điểm rèn luyện.",1,,
,Mình đã tạo form điểm danh nhóm đề tài Website bán hàng.,0,,
,"Mọi người ơi, deadline đề tài Ứng dụng đặt lịch khám là khi nào vậy?",0,,
,"Lỗi 500 khi truy cập môn Khai phá dữ liệu, mọi người ơi.",0,,
,"mình chưa biết bắt đầu đề tài ứng dụng đặt lịch khám từ đâu, ai giúp với.",0,,
,mình cần hướng dẫn sử dụng công cụ cho đề tài website bán hàng.,0,,
,"Làm hộ báo cáo Hệ thống thư viện môn Trí tuệ nhân tạo, chỉ 10 triệu, giao đúng hạn.",1,,
,"Ai muốn nhóm tớ đánh giá cao thì chuyển 5 triệu, ib số 0987....",1,,
,Đề tài Hệ thống thư viện cần biết trước công nghệ gì ạ?,0,,
,Mình có chút góp ý cho phần mở đầu báo cáo.,0,,
,Ai chưa nộp phần của mình cho đề tài Hệ thống điểm danh thì gửi gấp.,0,,
,"Biết nhóm bạn mua đề tài Ứng dụng học tiếng Anh, đưa 500k mình im lặng.",1,,
,"Bán quyền đăng ký đề tài Chatbot tư vấn tuyển sinh môn Thương mại điện tử, giá 50k.",1,,
,"Thầy cô Mai ơi, em nộp đề tài Hệ thống đặt vé xe muộn được không ạ?",0,,
,"Mình có nguồn đề thi môn Học máy, chỉ cần trả 200k qua Zalo 09xx.",1,,
,"Khóa học làm đề tài Ứng dụng quản lý chi tiêu giá 200k, đăng ký ngay tại tinyurl.com/....",1,,
,Mình cần hỏi về thủ tục xin đổi đề tài Ứng dụng học tiếng Anh.,0,,
,"Thanh lý đề tài Ứng dụng quản lý chi tiêu môn Cơ sở dữ liệu, giá 500k, tặng kèm tài liệu ôn bảo vệ.",1,,
,"Mình giữ slot đề tài Ứng dụng quản lý sinh viên môn Cơ sở dữ liệu, pass lại giá 200k.",1,,
,"Nick này là giảng viên cô Lan, ai muốn nâng điểm ib Facebook, giá 500k.",1,,
,"Nhóm tớ đang tuyển thành viên, không yêu cầu quá cao.",0,,
,"Dịch vụ làm hộ đồ án AI phát hiện gian lận, cam kết qua môn, không qua hoàn tiền.",1,,
,"Mình còn phần báo cáo chưa xong, ai giúp được không?",0,,
,"Ai cần mua đề tài Ứng dụng quản lý sinh viên không? Bao trọn gói báo cáo, code, slide, giá 50k.",1,,
,"cần bán gấp slot đề tài hệ thống thư viện, giá 500k, liên hệ zalo 09xx.",1,,
,Còn bao lâu nữa đến hạn nộp đề tài Chatbot tư vấn tuyển sinh vậy?,0,,
,Mình cần hướng dẫn sử dụng công cụ cho đề tài Website bán hàng.,0,,
,"Nhóm mình thiếu người, ai vào nhóm chỉ cần nộp tiền 100k, không cần làm gì.",1,,
,"Nhóm mình thiếu người, ai rảnh tham gia đề tài Ứng dụng đặt lịch khám nhé.",0,,
,Bạn nào muốn làm đề tài Ứng dụng quản lý chi tiêu với mình thì ib nhé.,0,,
,"Cho thuê tài khoản để thi hộ, giá 200k, bao qua môn.",1,,
,"Nhóm mình đã chốt đề tài Web bán đồ ăn, mọi người xem qua nhé.",0,,
,"Nhóm trưởng gian lận, mình có bằng chứng, ai muốn mua im lặng ib số 0987....",1,,
,"mình gửi bản nháp đề tài ứng dụng quản lý sinh viên, mọi người xem giúp.",0,,
,"bán tài khoản học tập môn lập trình web, giá 100k, ib số 0987....",1,,
,"thuê làm hộ đồ án website bán hàng, trả 50k, yêu cầu không ai biết.",1,,
,Đề tài Hệ thống đặt vé xe cần biết trước công nghệ gì ạ?,0,,
,"Mình muốn đổi điểm đề tài Chatbot tư vấn tuyển sinh, ai giúp ib nick mess, hậu tạ 200k.",1,,
,"Bán tool spam đánh giá môn Phân tích thiết kế hệ thống, giá 1 triệu.",1,,
,"Bán tool spam đánh giá môn An toàn thông tin, giá 5 triệu.",1,,
,"Cần bán gấp slot đề tài Website đăng ký đề tài, giá 200k, liên hệ Telegram @abc.",1,,
,"Mọi người ơi, đề tài Ứng dụng học tiếng Anh môn Phân tích thiết kế hệ thống có khó không?",0,,
,"Nhóm mình có người làm hộ, ai muốn tham gia trả 100k.",1,,
,"Cho mượn tài khoản qua môn Công nghệ phần mềm, giá 2 triệu.",1,,
,"Mình cần đáp án bài thi Nhập môn lập trình, ai có ib ib riêng, trả 200k.",1,,
,"mình có sẵn đề tài website bán hàng đã bảo vệ, pass thầy hùng, chỉ 2 triệu, không cần làm gì.",1,,
,"Dịch vụ xâm nhập tài khoản giảng viên cô Mai, giá 500k.",1,,
,"Theo mọi người, thuật toán nào phù hợp cho đề tài Ứng dụng học tiếng Anh?",0,,
,"cần người đứng tên nhóm môn thương mại điện tử, trả 10 triệu, ib zalo 09xx.",1,,
,"Thuê làm hộ đồ án AI phát hiện gian lận, trả 200k, yêu cầu không ai biết.",1,,
,"Bán suất đăng ký đề tài Ứng dụng học tiếng Anh cho khóa dưới, giá 500k.",1,,
,tìm bạn cùng làm đề tài ai phát hiện gian lận môn nhập môn lập trình.,0,,
,"Mình đã pass đề tài AI phát hiện gian lận, ai cần hỏi gì cứ hỏi nhé.",0,,
,"Ai cần giấy khen giả để xét học bổng, ib Zalo 09xx, giá 100k.",1,,
,"Thầy cô Phương ơi, em nộp đề tài Ứng dụng học tiếng Anh muộn được không ạ?",0,,
,"Ai muốn nhóm mình đánh giá cao thì chuyển 200k, ib Telegram @abc.",1,,
,Thầy cô Lan yêu cầu sinh viên mua tài liệu môn Thương mại điện tử giá 2 triệu.,1,,
,"Nhận đăng ký đề tài hộ, giá 10 triệu, ib Facebook.",1,,
,"mình có nhiều tài khoản ảo, ai cần đăng ký đề tài ib zalo 09xx.",1,,
,Ai từng làm đề tài Ứng dụng quản lý sinh viên rồi cho mình xin review.,0,,
,"Tài khoản giảng viên cô Lan bị lỗi, sinh viên gửi thông tin qua link bit.ly/....",1,,
,"Ai muốn nhóm mình đánh giá cao thì chuyển 2 triệu, ib Zalo 09xx.",1,,
,Kinh nghiệm làm đề tài Website đăng ký đề tài là chia nhỏ task ra nhé.,0,,
,Có ai biết quy định xin gia hạn deadline môn Khai phá dữ liệu không?,0,,
,"mình có ảnh nhạy cảm của bạn, chuyển 100k nếu không muốn bị phát tán.",1,,
,"Nhận chạy tool, code đề tài Ứng dụng quản lý sinh viên, giá 100k, liên hệ ib riêng.",1,,
,cảm ơn nhóm đã làm việc chăm chỉ cho đề tài hệ thống đặt vé xe.,0,,
,Thông báo họp nhóm môn Lập trình web vào thứ 6 này.,0,,
,"Khóa học làm đề tài Chatbot tư vấn tuyển sinh giá 2 triệu, đăng ký ngay tại tinyurl.com/....",1,,
,"thầy cô phương ơi, cho em hỏi về đề tài hệ thống đặt vé xe với ạ.",0,,
,"Biết nhóm bạn mua đề tài Ứng dụng đặt lịch khám, đưa 5 triệu mình im lặng.",1,,
,"Ai cần mua đề tài Ứng dụng đặt lịch khám không? Bao trọn gói báo cáo, code, slide, giá 100k.",1,,
,Thảo luận chút: đề tài Ứng dụng đặt lịch khám nên làm web hay mobile?,0,,
,"Không đăng nhập được vào trang đăng ký đề tài, ai giúp với.",0,,
,"Còn 1 slot đề tài Hệ thống thư viện, ai nhanh tay chuyển 10 triệu.",1,,
,"cô cô phương không kiểm tra đâu, ai muốn vào nhóm cho có thì trả 200k.",1,,
,"mình có sẵn đề tài website đăng ký đề tài đã bảo vệ, pass cô lan, chỉ 10 triệu, không cần làm gì.",1,,
,Ai biết cách đăng ký đề tài Hệ thống thư viện trên hệ thống không?,0,,
,"Mình muốn đăng ký đề tài Website đăng ký đề tài, mọi người cho mình hỏi thủ tục.",0,,
,Mình đã tạo form điểm danh nhóm đề tài AI phát hiện gian lận.,0,,
,Đề tài Hệ thống thư viện của thầy cô Mai có còn slot không mọi người?,0,,
,"Ai giúp mình xin điểm cao môn Thương mại điện tử, mình trả 200k.",1,,
,"Bán slot đề tài Ứng dụng quản lý chi tiêu cho ai chưa đăng ký, giá 10 triệu, ib Zalo 09xx.",1,,
,"Nhóm ơi, mình đã xong phần tài liệu đề tài Ứng dụng học tiếng Anh.",0,,
,"Nhóm ơi, mình cập nhật tiến độ đề tài Ứng dụng quản lý sinh viên vào tối nay nhé.",0,,
,"Mình gửi bản nháp đề tài Web bán đồ ăn, mọi người xem giúp.",0,,
,"Cần đáp án bài kiểm tra Khai phá dữ liệu, ai có share mình với, hậu tạ 100k.",1,,
,"Dịch vụ nâng điểm môn Nhập môn lập trình, giá 10 triệu, ai cần ib số 0987....",1,,
,"Quảng cáo: mua báo cáo Website đăng ký đề tài tặng kèm bảo vệ, giá 500k.",1,,
,"Cần tài liệu về Website đăng ký đề tài, ai có gửi giúp mình.",0,,
,"Ai cần tài khoản trường để đăng ký đề tài Ứng dụng quản lý chi tiêu không, mình cho thuê 200k.",1,,
,"Mình không nộp được báo cáo môn Phân tích thiết kế hệ thống, ai kiểm tra giúp.",0,,
,"Mình còn phần báo cáo chưa xong, ai giúp được không?",0,,
,Chia sẻ với mọi người cách mình quản lý thời gian làm đề tài Web bán đồ ăn.,0,,
,"Nhóm mình thiếu người, ai rảnh tham gia đề tài Ứng dụng học tiếng Anh nhé.",0,,
,"mình chưa biết bắt đầu đề tài ứng dụng quản lý chi tiêu từ đâu, ai giúp với.",0,,
,"Kêu gọi quyên góp cho lớp, ai chuyển 100k mình ghi nhận điểm rèn luyện.",1,,
,"Làm giả chữ ký giảng viên cô Mai, giá 500k.",1,,
,Cô cô Phương nhắn riêng: đóng 1 triệu để được duyệt đề tài AI phát hiện gian lận.,1,,
,Ai biết cách đăng ký đề tài Website đăng ký đề tài trên hệ thống không?,0,,
,"Mình quên deadline nộp slide đề tài AI phát hiện gian lận, ai nhắc với.",0,,
,"Dịch vụ tăng lượt tương tác cho đề tài Hệ thống đặt vé xe, giá 5 triệu.",1,,
,ai chưa vào nhóm đề tài hệ thống điểm danh thì báo mình.,0,,
,"Bán tài liệu môn Khai phá dữ liệu giá 50k, chuyển khoản trước rồi mình gửi link tinyurl.com/....",1,,
,"tài liệu này hữu ích cho đề tài ứng dụng học tiếng anh, mọi người tham khảo nhé.",0,,
,"Ai muốn chiếm slot đề tài AI phát hiện gian lận thì mình hack giúp, giá 5 triệu.",1,,
,Mình cần xác nhận đăng ký đề tài Ứng dụng quản lý sinh viên với thầy cô Mai.,0,,
,"Cần bán gấp đề tài Ứng dụng quản lý chi tiêu, đảm bảo qua môn, ai ib Telegram @abc tớ gửi demo.",1,,
,"nhận viết hộ báo cáo website bán hàng, giá 200k, tặng slide thuyết trình.",1,,
,"Nhóm ơi, mình cập nhật tiến độ đề tài Hệ thống đặt vé xe vào tối nay nhé.",0,,
,"Bán slot đăng ký đề tài Hệ thống thư viện, ai cần ib nick mess, giá 200k.",1,,
,"Mình muốn đổi điểm đề tài Ứng dụng học tiếng Anh, ai giúp ib Facebook, hậu tạ 10 triệu.",1,,
,"Cần mua đánh giá tốt cho giảng viên thầy Nam, giá 200k.",1,,
,Mọi người cho mình feedback về ý tưởng đề tài Website bán hàng với.,0,,
,"Ai cần làm hộ bài tập lớn Ứng dụng quản lý chi tiêu không? Mình làm từ A-Z, giá 200k.",1,,
,"Mình bán script spam đăng ký đề tài, giá 500k, ib Telegram @abc.",1,,
,Mọi người cập nhật tiến độ đề tài Hệ thống đặt vé xe cho mình nhé.,0,,
,"Cần đáp án bài kiểm tra Công nghệ phần mềm, ai có share mình với, hậu tạ 50k.",1,,
,Cảm ơn cô cô Lan đã giải đáp thắc mắc ạ.,0,,
,Ai biết thông tin về đề tài Website đăng ký đề tài không? Cho mình hỏi với.,0,,
,Trường mình có quy định gì về đăng ký đề tài AI phát hiện gian lận không?,0,,
,Mọi người cho hỏi deadline bài tập lớn môn Phân tích thiết kế hệ thống ạ.,0,,
,"Làm giả chữ ký giảng viên thầy Hùng, giá 50k.",1,,
,Có ai biết lịch bảo vệ đề tài Ứng dụng học tiếng Anh chưa?,0,,
,Mọi người cho mình xin tài liệu ôn thi môn Trí tuệ nhân tạo với ạ.,0,,
,Quy định bảo vệ đề tài Ứng dụng quản lý chi tiêu gồm những gì ạ?,0,,
,"Ai muốn chiếm slot đề tài Ứng dụng quản lý chi tiêu thì mình hack giúp, giá 500k.",1,,
,"Cần hack vào hệ thống đăng ký đề tài Ứng dụng quản lý sinh viên, trả 500k.",1,,
,Hẹn mọi người thứ 6 này online để chia task đề tài Hệ thống thư viện.,0,,
,ai biết cách sửa lỗi upload file đề tài website bán hàng không?,0,,
,"Bán biên lai đóng tiền đề tài giả, giá 50k.",1,,
,"Ai biết cách hack tài khoản trường không, chỉ tớ với, trả 1 triệu.",1,,
,"Mọi người rảnh cuối kỳ không, mình bàn đề tài Website bán hàng.",0,,
,Thông báo: nhóm đề tài Hệ thống điểm danh nộp báo cáo trước thứ 6 này nhé.,0,,
,"Ai giúp mình xin điểm cao môn An toàn thông tin, mình trả 50k.",1,,
,"Mình có slot nội bộ đề tài AI phát hiện gian lận, giá 50k, ai cần ib.",1,,
,thầy cô mai gia hạn deadline môn thương mại điện tử chưa?,0,,
,Mọi người có tài liệu tham khảo cho đề tài Ứng dụng quản lý sinh viên không?,0,,
,"Mình có nhiều tài khoản ảo, ai cần đăng ký đề tài ib Zalo 09xx.",1,,
,"Mình đang tìm hiểu về Ứng dụng quản lý chi tiêu, có ai thảo luận không?",0,,
,"Mình có bằng chứng bạn hack tài khoản, trả 200k đi.",1,,
,"Mình muốn đổi điểm đề tài Web bán đồ ăn, ai giúp ib Zalo 09xx, hậu tạ 5 triệu.",1,,
,Ai muốn dùng tài khoản mình để nộp bài thì trả 2 triệu.,1,,
,"Ai quen cô cô Phương không, xin nâng điểm môn Lập trình web, mình trả 500k.",1,,
,"Nhận đăng ký đề tài hộ, giá 500k, ib Facebook.",1,,
,Cảm ơn bạn đã gửi tài liệu môn Phân tích thiết kế hệ thống cho mình.,0,,
,"Ai biết cách hack tài khoản trường không, chỉ mình với, trả 500k.",1,,
,"Ai cần mua đề tài Hệ thống thư viện không? Bao trọn gói báo cáo, code, slide, giá 10 triệu.",1,,
,Cảm ơn cô thầy Nam đã giải đáp thắc mắc ạ.,0,,
,Ai có kinh nghiệm về Ứng dụng quản lý chi tiêu muốn join nhóm không?,0,,
,Mình cảm ơn mọi người đã nhắc deadline môn Học máy.,0,,
,"pass lại đề tài ai phát hiện gian lận cho khóa dưới, bao bảo vệ, giá 10 triệu.",1,,
,"Nhóm tớ nhận làm hộ đồ án Hệ thống đặt vé xe cho sinh viên, giá 5 triệu, deadline tuần sau.",1,,
,"Cung cấp minh chứng ngoại khóa giả, giá 10 triệu, link bit.ly/....",1,,
,Mình cần hướng dẫn sử dụng công cụ cho đề tài Chatbot tư vấn tuyển sinh.,0,,
,"Mình đang kêu gọi ủng hộ đề tài Ứng dụng quản lý sinh viên, ai chuyển 5 triệu qua Facebook nhé.",1,,
,Nhóm tớ họp lúc ngày mai ở thư viện nhé.,0,,
,"Mình có thể tạo minh chứng nộp báo cáo Hệ thống đặt vé xe, giá 1 triệu.",1,,
,"Mình đang phân vân giữa Ứng dụng đặt lịch khám và đề tài khác, mọi người tư vấn giúp.",0,,
,"Nhận làm hồ sơ xin hoãn deadline đề tài, giá 100k.",1,,
,"Thầy thầy Bình ơi, cho em hỏi về đề tài Hệ thống thư viện với ạ.",0,,
,Cho mình hỏi cách viết báo cáo đề tài Hệ thống đặt vé xe với ạ.,0,,
,Chốt lịch họp nhóm ngày mai nha mọi người.,0,,
,"mình có đề thi và đáp án môn nhập môn lập trình, ai cần ib zalo 09xx, giá 200k.",1,,
,Mọi người cho mình hỏi cách triển khai đề tài Website đăng ký đề tài.,0,,
,Mình cần hỏi về thủ tục xin đổi đề tài Website bán hàng.,0,,
,"Share cho mọi người slide môn Nhập môn lập trình nhé, link bit.ly/....",0,,
,"Cần đáp án bài kiểm tra Cơ sở dữ liệu, ai có share mình với, hậu tạ 5 triệu.",1,,
,Thông báo: nhóm đề tài Ứng dụng quản lý chi tiêu nộp báo cáo trước tuần sau nhé.,0,,
,Mọi người cập nhật tiến độ đề tài AI phát hiện gian lận cho mình nhé.,0,,
,"Mình quên deadline nộp slide đề tài AI phát hiện gian lận, ai nhắc với.",0,,
,"Nhận cung cấp đề tài Website đăng ký đề tài theo yêu cầu, giá 100k, giao trong tối nay.",1,,
,"Mình nhận làm hộ toàn bộ đề tài Hệ thống thư viện, bao sửa đến khi bảo vệ xong.",1,,
,"Nhờ thầy cô Mai nâng điểm chuyên cần, giá 200k.",1,,
,"Mình bán suất thành viên nhóm đề tài Chatbot tư vấn tuyển sinh, giá 10 triệu, bao điểm.",1,,
,"Mình có thể sửa kết quả bình chọn đề tài, giá 200k.",1,,
,Mình cảm ơn mọi người đã nhắc deadline môn Thương mại điện tử.,0,,
,"Mình có đề tài Website bán hàng full source, chỉ cần đổi tên là nộp, giá 2 triệu.",1,,
,"chia sẻ acc học online, giá 5 triệu, ib facebook.",1,,
,Thầy cô Phương yêu cầu sinh viên mua tài liệu môn Cơ sở dữ liệu giá 10 triệu.,1,,
,Mình đã tạo form điểm danh nhóm đề tài Ứng dụng đặt lịch khám.,0,,
,"Ai muốn được tính điểm nhóm dù không làm gì thì liên hệ số 0987..., giá 500k.",1,,
,"Bán đáp án thi cuối kỳ môn Trí tuệ nhân tạo, giá 50k, ib Zalo 09xx.",1,,
,"Cô cô Lan không kiểm tra đâu, ai muốn vào nhóm cho có thì trả 50k.",1,,
,"Góp ý tích cực: bài của bạn đã tốt, chỉ cần chỉnh format.",0,,
,Mình không nhận được email xác nhận đề tài Web bán đồ ăn.,0,,
,Nhóm mình đã hoàn thành 50% đề tài Hệ thống điểm danh.,0,,
,Còn bao lâu nữa đến hạn nộp đề tài Web bán đồ ăn vậy?,0,,
,Mình không nhận được email xác nhận đề tài Ứng dụng đặt lịch khám.,0,,
,"bán tài liệu môn học máy giá 200k, chuyển khoản trước rồi mình gửi link bit.ly/....",1,,
,"Bên mình nhận làm đề tài Chatbot tư vấn tuyển sinh, báo cáo, slide, giá 2 triệu, ib Zalo 09xx.",1,,
,Cảm ơn bạn đã gửi tài liệu môn An toàn thông tin cho mình.,0,,
,Cô thầy Nam có thể gợi ý tài liệu cho đề tài Website bán hàng không ạ?,0,,
,mọi người hướng dẫn giúp mình cách làm đề tài ứng dụng đặt lịch khám với.,0,,
,"Ai giúp mình xin điểm cao môn Khai phá dữ liệu, mình trả 50k.",1,,
,Mọi người cho tớ feedback về ý tưởng đề tài Hệ thống điểm danh với.,0,,
,"Ai có thể sửa điểm trên hệ thống môn Cơ sở dữ liệu không, trả 10 triệu.",1,,
,thầy thầy nam yêu cầu sinh viên mua tài liệu môn thương mại điện tử giá 5 triệu.,1,,
,deadline đăng ký đề tài website đăng ký đề tài còn không mọi người?,0,,
,Mọi người cho mình xin tài liệu ôn thi môn Lập trình web với ạ.,0,,
,"bán tool spam đánh giá môn khai phá dữ liệu, giá 2 triệu.",1,,
,"Có cách nào qua môn Khai phá dữ liệu không, cần đáp án gấp, giá 500k.",1,,
,Mình cần góp ý cho phần demo đề tài Ứng dụng học tiếng Anh.,0,,
,mọi người thấy đề tài hệ thống đặt vé xe có phù hợp cho sinh viên năm 3 không?,0,,
,"Mình có template báo cáo đề tài Ứng dụng quản lý sinh viên, ai cần ib mình.",0,,
,"mình quên deadline nộp slide đề tài website bán hàng, ai nhắc với.",0,,
,Cảm ơn mọi người đã góp ý cho bài báo cáo của tớ.,0,,
,Mình rút ra được nhiều bài học khi làm đề tài Ứng dụng quản lý sinh viên.,0,,
,"nhờ người quen trong khoa sửa điểm, giá 100k.",1,,
,"Mình đọc paper về Ứng dụng quản lý chi tiêu, thấy khá hay, mọi người tham khảo.",0,,
,Thảo luận chút: đề tài Website đăng ký đề tài nên làm web hay mobile?,0,,
,"Mình bán script spam đăng ký đề tài, giá 200k, ib Facebook.",1,,
,"Ai muốn chiếm slot đề tài Website đăng ký đề tài thì mình hack giúp, giá 1 triệu.",1,,
,"Bán suất đăng ký đề tài Ứng dụng quản lý chi tiêu cho khóa dưới, giá 200k.",1,,
,"Nhận viết hộ báo cáo Website đăng ký đề tài, giá 2 triệu, tặng slide thuyết trình.",1,,
,Mình nghĩ bạn nên sửa phần này trong báo cáo đề tài Hệ thống thư viện.,0,,
,"Nếu không chuyển 500k, mình sẽ xóa đề tài Website bán hàng của bạn.",1,,
,"Nick này là giảng viên cô Lan, ai muốn nâng điểm ib nick mess, giá 10 triệu.",1,,
,"Cần người ứng tiền làm đồ án Hệ thống điểm danh, hứa trả 2 triệu, ib Facebook.",1,,
,Mình đã đăng ký đề tài Hệ thống thư viện thành công rồi mọi người.,0,,
,Cho mình hỏi yêu cầu đề tài Ứng dụng đặt lịch khám môn Lập trình web với ạ.,0,,
,mọi người nhớ cập nhật task trên trello nhé.,0,,
,Mọi người cho ý kiến về database cho đề tài Ứng dụng quản lý sinh viên với.,0,,
,Deadline đăng ký đề tài Ứng dụng học tiếng Anh còn không mọi người?,0,,
,"Mình có đề thi và đáp án môn Phân tích thiết kế hệ thống, ai cần ib nick mess, giá 10 triệu.",1,,
,"Mình nhận làm giấy xác nhận sinh viên giả, giá 5 triệu.",1,,
,"Nhờ thầy thầy Nam nâng điểm chuyên cần, giá 200k.",1,,
,Cảm ơn thầy thầy Bình đã hướng dẫn em đề tài AI phát hiện gian lận.,0,,
,Tống tiền: đưa 10 triệu nếu không muốn bị đánh.,1,,
,"Chia sẻ acc học online, giá 5 triệu, ib số 0987....",1,,
,"Mình đang kêu gọi ủng hộ đề tài Chatbot tư vấn tuyển sinh, ai chuyển 10 triệu qua Zalo 09xx nhé.",1,,
,"Cho mượn tài khoản qua môn An toàn thông tin, giá 10 triệu.",1,,
,"Cho mượn tài khoản qua môn Lập trình web, giá 5 triệu.",1,,
,bạn nào muốn làm đề tài website bán hàng với mình thì ib nhé.,0,,
,"Đừng lo, đề tài Ứng dụng quản lý sinh viên không khó nếu làm đúng quy trình.",0,,
,"Bán tài khoản sinh viên môn Học máy, giá 1 triệu, ib nick mess.",1,,
,hẹn mọi người tuần sau online để chia task đề tài website bán hàng.,0,,
,Ai có kinh nghiệm làm đề tài Ứng dụng quản lý sinh viên chỉ mình với.,0,,
,đề tài ứng dụng quản lý chi tiêu cần biết trước công nghệ gì ạ?,0,,
,"Dịch vụ làm hộ đồ án Ứng dụng quản lý sinh viên, cam kết qua môn, không qua hoàn tiền.",1,,
,"Cung cấp minh chứng ngoại khóa giả, giá 50k, link docs.google.com/....",1,,
,"Thầy cô Phương thông báo nộp phí bảo vệ đề tài Ứng dụng quản lý sinh viên, ai chưa nộp ib ib riêng.",1,,
,"Thuê người vote cho nhóm mình trong cuộc thi Hệ thống điểm danh, giá 200k.",1,,
,Cảm ơn bạn đã gửi tài liệu môn Nhập môn lập trình cho mình.,0,,
,Mọi người thấy phần demo đề tài AI phát hiện gian lận ổn chưa?,0,,
,"Cần bán gấp đề tài Website đăng ký đề tài, đảm bảo qua môn, ai ib Telegram @abc mình gửi demo.",1,,
,"Mình có template báo cáo đề tài Ứng dụng quản lý chi tiêu, ai cần ib mình.",0,,
,"Nhận đăng ký đề tài hộ, giá 50k, ib số 0987....",1,,
,"Mình đã pass đề tài Website bán hàng, ai cần hỏi gì cứ hỏi nhé.",0,,
,"Nhóm mình đã chốt đề tài Ứng dụng quản lý sinh viên, mọi người xem qua nhé.",0,,
,"nhờ người quen trong khoa sửa điểm, giá 5 triệu.",1,,
,cảm ơn bạn đã gửi tài liệu môn công nghệ phần mềm cho mình.,0,,
,nhóm mình đang tìm thêm thành viên cho đề tài ứng dụng học tiếng anh.,0,,
,Ai có kinh nghiệm về AI phát hiện gian lận muốn join nhóm không?,0,,
,"Cần gấp tiền làm đề tài Website đăng ký đề tài, ai cho vay 100k mình trả gấp đôi.",1,,
,"bán slot đề tài hệ thống thư viện cho ai chưa đăng ký, giá 50k, ib ib riêng.",1,,
,Mình muốn hỏi về quy định trích dẫn trong báo cáo đề tài Ứng dụng quản lý sinh viên.,0,,
,"ai cần giấy khen giả để xét học bổng, ib nick mess, giá 5 triệu.",1,,
,"Mình bán script spam đăng ký đề tài, giá 500k, ib nick mess.",1,,
,"ai làm rồi cho mình xem đáp án môn trí tuệ nhân tạo với, mình trả 2 triệu.",1,,
,"Mình đang làm phần demo, mọi người thế nào rồi?",0,,
,"Ai muốn mua đề tài Hệ thống đặt vé xe môn Phân tích thiết kế hệ thống thì liên hệ ib riêng, giá 200k.",1,,
,"Bán slot đề tài Chatbot tư vấn tuyển sinh cho ai chưa đăng ký, giá 500k, ib nick mess.",1,,
,"Bán tài khoản admin để sửa điểm môn Học máy, giá 100k.",1,,
,"Ai làm rồi cho mình xem đáp án môn Công nghệ phần mềm với, mình trả 5 triệu.",1,,
,kinh nghiệm làm đề tài ứng dụng quản lý chi tiêu là chia nhỏ task ra nhé.,0,,
,"Tài liệu này hữu ích cho đề tài Website đăng ký đề tài, mọi người tham khảo nhé.",0,,
,"Bán quyền đăng ký đề tài Hệ thống điểm danh môn Học máy, giá 500k.",1,,
,"Kêu gọi quyên góp cho lớp, ai chuyển 1 triệu mình ghi nhận điểm rèn luyện.",1,,
,"Mình là sinh viên khó khăn, cần 5 triệu để đóng phí bảo vệ, ib nick mess.",1,,
,"chia sẻ tài khoản giảng viên thầy nam, giá 50k, không ai biết.",1,,
,"Ai cần mua đề tài Ứng dụng đặt lịch khám không? Bao trọn gói báo cáo, code, slide, giá 200k.",1,,
,"Mình có nguồn đề thi môn Cơ sở dữ liệu, chỉ cần trả 200k qua nick mess.",1,,
,Mình muốn trao đổi về kiến trúc hệ thống cho đề tài Hệ thống đặt vé xe.,0,,
,"Thầy thầy Hùng ơi, cho em hỏi về đề tài Ứng dụng quản lý sinh viên với ạ.",0,,
,Mọi người có tài liệu tham khảo cho đề tài Hệ thống thư viện không?,0,,
,"Pass lại đề tài AI phát hiện gian lận cho khóa dưới, bao bảo vệ, giá 100k.",1,,
,mọi người nghĩ đề tài ứng dụng học tiếng anh nên dùng công nghệ gì?,0,,
,"Mình còn phần báo cáo chưa xong, ai giúp được không?",0,,
,Cảm ơn cô thầy Bình đã giải đáp thắc mắc ạ.,0,,
,"Cần người tạo tài khoản ảo để vote đề tài Chatbot tư vấn tuyển sinh, trả 50k.",1,,
,"Cần người hack link docs.google.com/... để lấy đề thi môn Khai phá dữ liệu, trả 500k.",1,,
,Thầy cô Mai gia hạn deadline môn An toàn thông tin chưa?,0,,
,Mình cảm ơn mọi người đã nhắc deadline môn An toàn thông tin.,0,,
,"cần người ứng tiền làm đồ án ai phát hiện gian lận, hứa trả 1 triệu, ib zalo 09xx.",1,,
,"Bán slot đăng ký đề tài Hệ thống thư viện, ai cần ib số 0987..., giá 5 triệu.",1,,
,"Cần người tạo tài khoản ảo để vote đề tài Hệ thống đặt vé xe, trả 2 triệu.",1,,
,"Nhóm mình có người làm hộ, ai muốn tham gia trả 100k.",1,,
,"cảm ơn bạn nhiều, tài liệu rất hữu ích cho đề tài ứng dụng học tiếng anh.",0,,
,mình nghĩ bạn nên sửa phần này trong báo cáo đề tài web bán đồ ăn.,0,,
,"Ai muốn nhóm mình đánh giá cao thì chuyển 1 triệu, ib số 0987....",1,,
,Mình cần góp ý cho phần demo đề tài Hệ thống thư viện.,0,,
,"Cần người ứng tiền làm đồ án Website đăng ký đề tài, hứa trả 50k, ib nick mess.",1,,
,ai chưa vào nhóm đề tài ứng dụng học tiếng anh thì báo mình.,0,,
,"Mình gửi link meeting vào tối nay, mọi người tham gia nhé.",0,,
,Ai trong nhóm đề tài Website bán hàng thì điểm danh giúp mình.,0,,
,"Bán suất đăng ký đề tài Ứng dụng đặt lịch khám cho khóa dưới, giá 50k.",1,,
,"Cần chạy điểm môn Công nghệ phần mềm, ai làm được ib số 0987..., giá 1 triệu.",1,,
,Đề tài Hệ thống thư viện cần biết trước công nghệ gì ạ?,0,,
,"Ai viết đánh giá 5 sao cho đề tài Ứng dụng quản lý chi tiêu không, mình trả 5 triệu.",1,,
,Mình muốn hỏi về quy định trích dẫn trong báo cáo đề tài Web bán đồ ăn.,0,,
,"bán đề tài ai phát hiện gian lận môn học máy, có full báo cáo và slide, giá 1 triệu. ai cần ib ib riêng.",1,,
,"Thuê làm hộ đồ án Ứng dụng đặt lịch khám, trả 1 triệu, yêu cầu không ai biết.",1,,
,Ai từng làm đề tài Ứng dụng đặt lịch khám rồi cho mình xin review.,0,,
,"Bán slot đăng ký đề tài Ứng dụng quản lý chi tiêu, ai cần ib nick mess, giá 1 triệu.",1,,
,Mọi người nhớ cập nhật task trên trello nhé.,0,,
,Ai muốn tham gia nhóm làm đề tài Ứng dụng quản lý chi tiêu không?,0,,
,"Nếu không chuyển 50k, mình sẽ xóa đề tài Ứng dụng quản lý sinh viên của bạn.",1,,
,"Bán tool spam đánh giá môn Thương mại điện tử, giá 1 triệu.",1,,
,Hẹn mọi người ngày mai online để chia task đề tài Ứng dụng học tiếng Anh.,0,,
,"Khóa học làm đề tài Website đăng ký đề tài giá 10 triệu, đăng ký ngay tại drive.google.com/....",1,,
,"mình tạo nhóm chat cho đề tài ứng dụng đặt lịch khám rồi, mọi người vào nhé.",0,,
,"Ai có đáp án đề thi môn Học máy không, cho mình xin, mình trả 2 triệu.",1,,
,"Mình gửi bản nháp đề tài Website đăng ký đề tài, mọi người xem giúp.",0,,
,"Cảm ơn bạn nhiều, tài liệu rất hữu ích cho đề tài Hệ thống thư viện.",0,,
,"Dịch vụ làm hộ đồ án Website đăng ký đề tài, cam kết qua môn, không qua hoàn tiền.",1,,
,"cần người tạo tài khoản ảo để vote đề tài hệ thống đặt vé xe, trả 2 triệu.",1,,
,Mình đã đăng ký đề tài Ứng dụng quản lý sinh viên thành công rồi mọi người.,0,,
,cảm ơn mọi người đã giúp mình làm đề tài ứng dụng học tiếng anh.,0,,
,"mình đã pass đề tài website bán hàng, ai cần hỏi gì cứ hỏi nhé.",0,,
,"Nhóm tớ có người làm hộ, ai muốn tham gia trả 5 triệu.",1,,
,"Ai làm rồi cho tớ xem đáp án môn Phân tích thiết kế hệ thống với, tớ trả 200k.",1,,
,"Mọi người ơi, nhóm mình cần thêm 1 thành viên nghiêm túc.",0,,
,Mình không nhận được email xác nhận đề tài Website bán hàng.,0,,
,"Mình có template báo cáo đề tài Web bán đồ ăn, ai cần ib mình.",0,,
,"Làm giả chữ ký giảng viên thầy Hùng, giá 200k.",1,,
,Còn bao lâu nữa đến hạn nộp đề tài Ứng dụng quản lý chi tiêu vậy?,0,,
,Thầy thầy Hùng gia hạn deadline môn Công nghệ phần mềm chưa?,0,,
,mọi người đánh giá thế nào về hướng tiếp cận của đề tài ứng dụng đặt lịch khám?,0,,
,Cho mình hỏi yêu cầu đề tài AI phát hiện gian lận môn Công nghệ phần mềm với ạ.,0,,
,"Làm đề tài Website đăng ký đề tài cần kiên nhẫn, đừng để sát deadline.",0,,
,tìm bạn cùng làm đề tài ứng dụng quản lý sinh viên môn phân tích thiết kế hệ thống.,0,,
,Mọi người thấy phần demo đề tài Web bán đồ ăn ổn chưa?,0,,
,mình cảm ơn mọi người đã nhắc deadline môn khai phá dữ liệu.,0,,
,"Mình bán script spam đăng ký đề tài, giá 5 triệu, ib nick mess.",1,,
,Thông báo: nhóm đề tài Hệ thống thư viện nộp báo cáo trước ngày mai nhé.,0,,
,"Ai viết đánh giá 5 sao cho đề tài Ứng dụng quản lý chi tiêu không, mình trả 500k.",1,,
,"mình gửi link tài liệu đề tài ai phát hiện gian lận, mọi người kiểm tra nhé.",0,,
,"mình biết bạn mua đáp án môn lập trình web, trả 200k để mình không nói.",1,,
,Mình cần hướng dẫn sử dụng công cụ cho đề tài Website bán hàng.,0,,
,Mọi người nên tham khảo nhiều nguồn cho đề tài Chatbot tư vấn tuyển sinh.,0,,
,Ai biết lịch nộp báo cáo đề tài Hệ thống điểm danh không?,0,,
,"bên mình nhận làm đề tài ứng dụng quản lý chi tiêu, báo cáo, slide, giá 100k, ib ib riêng.",1,,
,Tìm bạn cùng làm đề tài Web bán đồ ăn môn Cơ sở dữ liệu.,0,,
,Mình cảm ơn nhóm đã hỗ trợ trong đề tài Ứng dụng đặt lịch khám.,0,,
,"Bên mình nhận làm đề tài Hệ thống điểm danh, báo cáo, slide, giá 10 triệu, ib Facebook.",1,,
,Bạn thử tham khảo thêm nguồn này cho đề tài Hệ thống đặt vé xe nhé.,0,,
,"Mình muốn đổi đề tài Ứng dụng quản lý chi tiêu, cần làm gì ạ?",0,,
,"cần hack vào hệ thống đăng ký đề tài chatbot tư vấn tuyển sinh, trả 10 triệu.",1,,
,Mọi người cho mình hỏi cách triển khai đề tài Ứng dụng quản lý sinh viên.,0,,
,"Chuyển 500k nhanh, không tớ gửi đơn tố cáo lên khoa.",1,,
,ai chưa làm phần của mình thì báo để mình hỗ trợ.,0,,
,"Ai có thể sửa điểm trên hệ thống môn Thương mại điện tử không, trả 50k.",1,,
,"ai viết đánh giá 5 sao cho đề tài hệ thống thư viện không, mình trả 2 triệu.",1,,
,"Mình đã pass đề tài AI phát hiện gian lận, ai cần hỏi gì cứ hỏi nhé.",0,,
,"Link này nhận học bổng 10 triệu, sinh viên nhập thông tin tài khoản để nhận.",1,,
,"Mình muốn đăng ký đề tài Ứng dụng đặt lịch khám, mọi người cho tớ hỏi thủ tục.",0,,
,"Bán phần mềm làm đề tài Website đăng ký đề tài, giá 5 triệu, link tinyurl.com/....",1,,
,"Thầy cô Phương ơi, cho em hỏi về đề tài Web bán đồ ăn với ạ.",0,,
,Mình không nhận được email xác nhận đề tài Hệ thống thư viện.,0,,
,"Mình nhận buff like, comment cho bài đăng đề tài, giá 100k.",1,,
,Cảm ơn mọi người đã góp ý cho bài báo cáo của mình.,0,,
,"Ai viết đánh giá 5 sao cho đề tài Hệ thống điểm danh không, mình trả 50k.",1,,
,"Nick này là giảng viên thầy Nam, ai muốn nâng điểm ib Facebook, giá 1 triệu.",1,,
,"cho thuê tài khoản để thi hộ, giá 200k, bao qua môn.",1,,
,"Bán slot đăng ký đề tài Ứng dụng học tiếng Anh, ai cần ib số 0987..., giá 2 triệu.",1,,
,"Mình có ảnh nhạy cảm của bạn, chuyển 50k nếu không muốn bị phát tán.",1,,
,"Kêu gọi quyên góp cho lớp, ai chuyển 2 triệu mình ghi nhận điểm rèn luyện.",1,,
,"Bán tài khoản học tập môn Nhập môn lập trình, giá 100k, ib ib riêng.",1,,
,"làm giả chữ ký giảng viên cô mai, giá 5 triệu.",1,,
,Mọi người cho tớ xin tài liệu ôn thi môn Thương mại điện tử với ạ.,0,,
,"Mình muốn đổi điểm đề tài Ứng dụng quản lý sinh viên, ai giúp ib nick mess, hậu tạ 2 triệu.",1,,
,"Thuê làm hộ đồ án AI phát hiện gian lận, trả 500k, yêu cầu không ai biết.",1,,
,"Ai muốn yên thân thì trả 100k, ib Zalo 09xx.",1,,
,Bạn nào muốn làm đề tài Hệ thống thư viện với mình thì ib nhé.,0,,
,Đề tài Ứng dụng quản lý sinh viên của thầy cô Mai có còn slot không mọi người?,0,,
,Ai chưa vào nhóm đề tài Chatbot tư vấn tuyển sinh thì báo mình.,0,,
,"Không đăng nhập được vào trang đăng ký đề tài, ai giúp với.",0,,
,"Mình có nguồn đề thi môn An toàn thông tin, chỉ cần trả 5 triệu qua nick mess.",1,,
,mọi người thấy phần demo đề tài ai phát hiện gian lận ổn chưa?,0,,
,"Làm giả chữ ký giảng viên thầy Hùng, giá 100k.",1,,
,"share cho mọi người slide môn công nghệ phần mềm nhé, link tinyurl.com/....",0,,
,"Mình có ảnh nhạy cảm của bạn, chuyển 50k nếu không muốn bị phát tán.",1,,
,"Mình đã pass đề tài Hệ thống điểm danh, ai cần hỏi gì cứ hỏi nhé.",0,,
,Mọi người cho ý kiến về database cho đề tài Ứng dụng quản lý chi tiêu với.,0,,
,thầy cô phương có yêu cầu đặc biệt gì cho đề tài hệ thống đặt vé xe không?,0,,
,"Dịch vụ xâm nhập tài khoản giảng viên thầy Bình, giá 10 triệu.",1,,
,Chốt lịch họp nhóm ngày mai nha mọi người.,0,,
,Ai trong nhóm đề tài Website đăng ký đề tài thì điểm danh giúp mình.,0,,
,"Mình có tài liệu môn An toàn thông tin, ai cần mình share link drive.google.com/....",0,,
,"Ai quen cô cô Lan không, xin nâng điểm môn Nhập môn lập trình, mình trả 100k.",1,,
,Mọi người cho mình hỏi quy định về tài liệu tham khảo với.,0,,
,"Ai chưa có đề tài, tớ bán slot Website đăng ký đề tài, giá 200k.",1,,
,"Cần người đứng tên nhóm môn Học máy, trả 50k, ib nick mess.",1,,
,Ai có kinh nghiệm làm đề tài Ứng dụng học tiếng Anh chỉ mình với.,0,,
,"Cần mua đánh giá tốt cho giảng viên thầy Bình, giá 100k.",1,,
,cô cô phương có thể gợi ý tài liệu cho đề tài web bán đồ ăn không ạ?,0,,
,Quy định bảo vệ đề tài Ứng dụng quản lý sinh viên gồm những gì ạ?,0,,
,"Bán minh chứng tham gia đề tài Ứng dụng quản lý chi tiêu, giá 500k, ib Telegram @abc.",1,,
,Mình bị mất dữ liệu đề tài AI phát hiện gian lận sau khi refresh.,0,,
,"Nhóm mình đã chốt đề tài Ứng dụng đặt lịch khám, mọi người xem qua nhé.",0,,
,Ai muốn tham gia nhóm làm đề tài Hệ thống thư viện không?,0,,
,Chúng ta cần tăng tốc vì deadline đề tài Hệ thống điểm danh gần rồi.,0,,
,"Tuyển cộng tác viên làm đề tài, đóng phí 100k để nhận việc.",1,,
,"Mình biết lỗ hổng web trường, có thể đổi điểm, ib ib riêng.",1,,
,Mình có chút góp ý cho phần mở đầu báo cáo.,0,,
,"Thầy thầy Hùng ơi, em nộp đề tài AI phát hiện gian lận muộn được không ạ?",0,,
,"Còn 1 slot đề tài Website đăng ký đề tài, ai nhanh tay chuyển 200k.",1,,
,"Mọi người rảnh tuần sau không, mình bàn đề tài Hệ thống thư viện.",0,,
,mình xin thông báo lịch bảo vệ đề tài hệ thống thư viện.,0,,
,"Có cách nào qua môn Học máy không, cần đáp án gấp, giá 50k.",1,,
,"Dịch vụ làm hộ đồ án Hệ thống thư viện, cam kết qua môn, không qua hoàn tiền.",1,,
,"Làm đề tài Ứng dụng học tiếng Anh cần kiên nhẫn, đừng để sát deadline.",0,,
,trường mình có quy định gì về đăng ký đề tài ứng dụng quản lý sinh viên không?,0,,
,"bán minh chứng tham gia đề tài web bán đồ ăn, giá 200k, ib facebook.",1,,
,Ai biết cách sửa lỗi upload file đề tài Hệ thống thư viện không?,0,,
,ai biết thông tin về đề tài ứng dụng quản lý sinh viên không? cho mình hỏi với.,0,,
,"Nhóm mình có người làm hộ, ai muốn tham gia trả 5 triệu.",1,,
,"Thầy cô Phương ơi, cho em hỏi về đề tài Ứng dụng học tiếng Anh với ạ.",0,,
,"Làm đề tài Ứng dụng học tiếng Anh cần kiên nhẫn, đừng để sát deadline.",0,,
,Ai muốn vào nhóm làm đề tài Ứng dụng đặt lịch khám mà không cần đóng góp thì trả 100k.,1,,
,"Chuyển 50k nhanh, không mình gửi đơn tố cáo lên khoa.",1,,
,Mọi người thấy đề tài Ứng dụng quản lý sinh viên có phù hợp cho sinh viên năm 3 không?,0,,
,"Tuyển cộng tác viên làm đề tài, đóng phí 5 triệu để nhận việc.",1,,
,"Ai giúp mình xin điểm cao môn Phân tích thiết kế hệ thống, mình trả 200k.",1,,
,"Ai muốn mua đề tài Web bán đồ ăn môn Khai phá dữ liệu thì liên hệ nick mess, giá 500k.",1,,
,"cảm ơn mọi người, mình đã hoàn thành đề tài ai phát hiện gian lận rồi.",0,,
,"Cần bán gấp slot đề tài Web bán đồ ăn, giá 5 triệu, liên hệ ib riêng.",1,,
,"Bán quyền truy cập hệ thống đề tài, giá 200k, link bit.ly/....",1,,
,"Nhận giữ slot đề tài Website đăng ký đề tài, giá 100k, không cần đăng ký.",1,,
,"Bán slot đề tài Chatbot tư vấn tuyển sinh cho ai chưa đăng ký, giá 50k, ib nick mess.",1,,
,"Dịch vụ nâng điểm môn Học máy, giá 500k, ai cần ib số 0987....",1,,
,"Bán tool spam đánh giá môn Cơ sở dữ liệu, giá 500k.",1,,
,"Làm hộ giấy xác nhận khó khăn, giá 100k, liên hệ Zalo 09xx.",1,,
,Mọi người cho hỏi deadline bài tập lớn môn Phân tích thiết kế hệ thống ạ.,0,,
,"Cần đáp án bài kiểm tra Khai phá dữ liệu, ai có share mình với, hậu tạ 200k.",1,,
,Thầy cô Phương yêu cầu sinh viên mua tài liệu môn Thương mại điện tử giá 200k.,1,,
,Mình rút ra được nhiều bài học khi làm đề tài Chatbot tư vấn tuyển sinh.,0,,
,Kinh nghiệm làm đề tài Chatbot tư vấn tuyển sinh là chia nhỏ task ra nhé.,0,,
,cho mình hỏi yêu cầu đề tài hệ thống điểm danh môn công nghệ phần mềm với ạ.,0,,
,mình có chút góp ý cho phần mở đầu báo cáo.,0,,
,"Bán slot đề tài Ứng dụng đặt lịch khám cho ai chưa đăng ký, giá 10 triệu, ib nick mess.",1,,
,cảm ơn mọi người đã góp ý cho bài báo cáo của mình.,0,,
,Mình bị mất dữ liệu đề tài Hệ thống thư viện sau khi refresh.,0,,
,"Bán minh chứng tham gia đề tài Chatbot tư vấn tuyển sinh, giá 2 triệu, ib ib riêng.",1,,
,Mình cảm ơn mọi người đã nhắc deadline môn Trí tuệ nhân tạo.,0,,
,"thuê làm hộ đồ án website bán hàng, trả 100k, yêu cầu không ai biết.",1,,
,"Nhận đăng ký đề tài hộ, giá 50k, ib ib riêng.",1,,
,"Mình quên deadline nộp slide đề tài Hệ thống điểm danh, ai nhắc với.",0,,
,"Bán slot đề tài Hệ thống đặt vé xe cho ai chưa đăng ký, giá 50k, ib Telegram @abc.",1,,
,mọi người cho mình feedback về ý tưởng đề tài website đăng ký đề tài với.,0,,
,"Cung cấp minh chứng ngoại khóa giả, giá 10 triệu, link tinyurl.com/....",1,,
,Cảm ơn thầy cô Phương đã hướng dẫn em đề tài Ứng dụng học tiếng Anh.,0,,
,"ai cần giấy khen giả để xét học bổng, ib nick mess, giá 10 triệu.",1,,
,"Ai viết đánh giá 5 sao cho đề tài Website bán hàng không, mình trả 1 triệu.",1,,
,"Cảm ơn mọi người, mình đã hoàn thành đề tài Web bán đồ ăn rồi.",0,,
,"Bán phao thi môn Công nghệ phần mềm, đảm bảo pass, giá 5 triệu, ib số 0987....",1,,
,Mình góp ý về cách trình bày tài liệu môn Phân tích thiết kế hệ thống.,0,,
,"Share cho mọi người slide môn Công nghệ phần mềm nhé, link tinyurl.com/....",0,,
,"ai quen cô thầy hùng không, xin nâng điểm môn phân tích thiết kế hệ thống, mình trả 5 triệu.",1,,
,"Mình vừa tìm được paper về Website đăng ký đề tài, ai cần không?",0,,
,"cảm ơn mọi người, mình đã hoàn thành đề tài hệ thống điểm danh rồi.",0,,
,thầy cô mai đã duyệt đề tài hệ thống điểm danh cho mình chưa?,0,,
,Bạn nào muốn làm đề tài Ứng dụng đặt lịch khám với mình thì ib nhé.,0,,
,"Cô thầy Bình không kiểm tra đâu, ai muốn vào nhóm cho có thì trả 2 triệu.",1,,
,"Dịch vụ viết thuê luận văn môn An toàn thông tin, uy tín, giá 50k.",1,,
,Chia sẻ với mọi người cách mình quản lý thời gian làm đề tài Hệ thống điểm danh.,0,,
,"mình gửi link meeting vào ngày mai, mọi người tham gia nhé.",0,,
,"Cô thầy Nam yêu cầu đóng 1 triệu để chấm lại điểm, chuyển khoản gấp.",1,,
,Cảm ơn bạn đã gửi tài liệu môn Nhập môn lập trình cho mình.,0,,
,"Mình giữ slot đề tài Hệ thống đặt vé xe môn Nhập môn lập trình, pass lại giá 10 triệu.",1,,
,"Ai muốn mua đề tài Hệ thống đặt vé xe môn Cơ sở dữ liệu thì liên hệ Facebook, giá 200k.",1,,
,Ai biết lịch nộp báo cáo đề tài Website bán hàng không?,0,,
,Ai chưa vào nhóm đề tài Hệ thống điểm danh thì báo mình.,0,,
,Cho mình hỏi form đăng ký đề tài Web bán đồ ăn ở đâu ạ?,0,,
,Ai chưa vào nhóm đề tài Hệ thống điểm danh thì báo mình.,0,,
,Ai chưa nộp phần của mình cho đề tài Ứng dụng quản lý chi tiêu thì gửi gấp.,0,,
,Mọi người nhớ đọc thông báo mới về đề tài Chatbot tư vấn tuyển sinh.,0,,
,Mọi người nghĩ đề tài Website đăng ký đề tài nên dùng công nghệ gì?,0,,
,Mọi người cho hỏi deadline bài tập lớn môn Khai phá dữ liệu ạ.,0,,
,"Chia sẻ tài khoản giảng viên cô Lan, giá 200k, không ai biết.",1,,
,Thầy thầy Nam đã duyệt đề tài Hệ thống điểm danh cho tớ chưa?,0,,
,"Ai có đáp án đề thi môn Trí tuệ nhân tạo không, cho mình xin, mình trả 200k.",1,,
,"Góp ý tích cực: bài của cậu đã tốt, chỉ cần chỉnh format.",0,,
,"Mình gửi link meeting vào thứ 6 này, mọi người tham gia nhé.",0,,
,có ai biết quy định xin gia hạn deadline môn lập trình web không?,0,,
,"Mình bán suất thành viên nhóm đề tài Chatbot tư vấn tuyển sinh, giá 50k, bao điểm.",1,,
,"Ai cần giấy khen giả để xét học bổng, ib số 0987..., giá 1 triệu.",1,,
,"Dịch vụ nâng điểm môn An toàn thông tin, giá 5 triệu, ai cần ib Telegram @abc.",1,,
,"Ai viết đánh giá 5 sao cho đề tài Web bán đồ ăn không, tớ trả 500k.",1,,
,cho mình hỏi cách viết báo cáo đề tài ứng dụng quản lý sinh viên với ạ.,0,,
,"Nhận làm hồ sơ xin hoãn deadline đề tài, giá 10 triệu.",1,,
,Mọi người cho mình hỏi quy định về tài liệu tham khảo với.,0,,
,"Mình có thể tạo minh chứng nộp báo cáo Ứng dụng quản lý chi tiêu, giá 10 triệu.",1,,
,"Cung cấp minh chứng ngoại khóa giả, giá 5 triệu, link tinyurl.com/....",1,,
,"Thầy cô Mai ơi, cho em hỏi về đề tài Hệ thống đặt vé xe với ạ.",0,,
,Cho mình hỏi form đăng ký đề tài Hệ thống đặt vé xe ở đâu ạ?,0,,
,Ai biết thông tin về đề tài Ứng dụng quản lý sinh viên không? Cho mình hỏi với.,0,,
,Có ai biết lịch bảo vệ đề tài Website đăng ký đề tài chưa?,0,,
,"Cần tài liệu về Ứng dụng quản lý sinh viên, ai có gửi giúp mình.",0,,
,"Bán tool spam đánh giá môn Nhập môn lập trình, giá 500k.",1,,
,"Nhận viết review chéo cho nhóm, giá 200k, ib Zalo 09xx.",1,,
,Ai muốn dùng tài khoản mình để nộp bài thì trả 200k.,1,,
,Deadline môn Nhập môn lập trình có được dời không mọi người?,0,,
,cảm ơn mọi người đã góp ý cho bài báo cáo của mình.,0,,
,"Mình gửi link meeting vào ngày mai, mọi người tham gia nhé.",0,,
,"Hệ thống chat bị lag, mọi người có bị không?",0,,
,Cô thầy Bình có thể gợi ý tài liệu cho đề tài Hệ thống điểm danh không ạ?,0,,
,Cảm ơn bạn đã gửi tài liệu môn Cơ sở dữ liệu cho mình.,0,,
,"Ai quen cô cô Phương không, xin nâng điểm môn Phân tích thiết kế hệ thống, mình trả 10 triệu.",1,,
,Ai chưa làm phần của mình thì báo để mình hỗ trợ.,0,,
,Thông báo từ khoa: ai chưa đóng 50k sẽ bị hủy đăng ký đề tài Ứng dụng quản lý sinh viên.,1,,
,Cảm ơn thầy cô Phương đã hướng dẫn em đề tài Ứng dụng học tiếng Anh.,0,,
,Thầy cô Lan có yêu cầu đặc biệt gì cho đề tài Hệ thống đặt vé xe không?,0,,
,"Link này nhận học bổng 100k, sinh viên nhập thông tin tài khoản để nhận.",1,,
,Cảm ơn bạn đã gửi tài liệu môn An toàn thông tin cho mình.,0,,
,Cảm ơn nhóm đã làm việc chăm chỉ cho đề tài Ứng dụng quản lý sinh viên.,0,,
,Cảm ơn mọi người đã góp ý cho bài báo cáo của mình.,0,,
,"Cần người tạo tài khoản ảo để vote đề tài Chatbot tư vấn tuyển sinh, trả 5 triệu.",1,,
,"Mình có thể sửa kết quả bình chọn đề tài, giá 2 triệu.",1,,
,Mình muốn hỏi về quy định trích dẫn trong báo cáo đề tài Hệ thống đặt vé xe.,0,,
,"Nhóm ơi, thầy cô Mai vừa nhắc về đề tài Ứng dụng đặt lịch khám.",0,,
,"Chia sẻ acc học online, giá 50k, ib số 0987....",1,,
,"Nhóm mình thiếu người, ai rảnh tham gia đề tài Ứng dụng quản lý chi tiêu nhé.",0,,
,"Mình bán tài khoản đã verify, dùng đăng ký đề tài Hệ thống điểm danh, giá 1 triệu.",1,,
,"mình là admin hệ thống, cần xác nhận tài khoản để duyệt đề tài, ib số 0987....",1,,
,"Ai quen cô cô Phương không, xin nâng điểm môn Trí tuệ nhân tạo, mình trả 200k.",1,,
,"nhận làm hộ đồ án ứng dụng quản lý sinh viên môn khai phá dữ liệu, bao bảo vệ, giá 200k. ib nick mess.",1,,
,"Mình gửi bản nháp đề tài AI phát hiện gian lận, mọi người xem giúp.",0,,
,"Bán biên lai đóng tiền đề tài giả, giá 2 triệu.",1,,
,"Mình có thể tạo minh chứng nộp báo cáo Hệ thống đặt vé xe, giá 1 triệu.",1,,
,"tuyển cộng tác viên làm đề tài, đóng phí 10 triệu để nhận việc.",1,,
,Có ai biết quy định xin gia hạn deadline môn Khai phá dữ liệu không?,0,,
,Thông báo: nhóm đề tài Hệ thống thư viện nộp báo cáo trước ngày mai nhé.,0,,
,"Pass lại đề tài Hệ thống thư viện cho khóa dưới, bao bảo vệ, giá 500k.",1,,
,"ai cần làm hộ bài tập lớn ứng dụng quản lý sinh viên không? mình làm từ a-z, giá 1 triệu.",1,,
,"pass slot đề tài hệ thống điểm danh, bao duyệt, giá 500k, ib nick mess.",1,,
,"Thầy cô Phương ơi, cho em hỏi về đề tài Ứng dụng đặt lịch khám với ạ.",0,,
,"Mình nhận làm hộ toàn bộ đề tài Web bán đồ ăn, bao sửa đến khi bảo vệ xong.",1,,
,"cảm ơn bạn nhiều, tài liệu rất hữu ích cho đề tài ứng dụng đặt lịch khám.",0,,
,"Mình có nguồn đề thi môn Công nghệ phần mềm, chỉ cần trả 10 triệu qua số 0987....",1,,
,"Bán tài liệu môn Cơ sở dữ liệu giá 50k, chuyển khoản trước rồi mình gửi link bit.ly/....",1,,
,"ai chưa có đề tài, mình bán slot chatbot tư vấn tuyển sinh, giá 100k.",1,,
,Nhóm mình họp lúc tối nay ở thư viện nhé.,0,,
,"Tài liệu này hữu ích cho đề tài Ứng dụng quản lý sinh viên, mọi người tham khảo nhé.",0,,
,"Mình muốn đổi điểm đề tài Hệ thống đặt vé xe, ai giúp ib số 0987..., hậu tạ 1 triệu.",1,,
,"Bên tớ nhận làm đề tài Ứng dụng quản lý chi tiêu, báo cáo, slide, giá 200k, ib số 0987....",1,,
,"Ai biết cách hack tài khoản trường không, chỉ mình với, trả 50k.",1,,
,Mình muốn trao đổi về kiến trúc hệ thống cho đề tài Web bán đồ ăn.,0,,
,"Mình quên deadline nộp slide đề tài Ứng dụng đặt lịch khám, ai nhắc với.",0,,
,Mọi người nhớ họp nhóm môn Phân tích thiết kế hệ thống đúng giờ nha.,0,,
,Mọi người cho mình xin tài liệu ôn thi môn Trí tuệ nhân tạo với ạ.,0,,
,"Nick này là giảng viên cô Lan, ai muốn nâng điểm ib Telegram @abc, giá 10 triệu.",1,,
,"làm hộ báo cáo hệ thống đặt vé xe môn công nghệ phần mềm, chỉ 100k, giao đúng hạn.",1,,
,Ai muốn tham gia nhóm làm đề tài Website bán hàng không?,0,,
,cảm ơn bạn đã gửi tài liệu môn phân tích thiết kế hệ thống cho mình.,0,,
,"cần bán gấp đề tài chatbot tư vấn tuyển sinh, đảm bảo qua môn, ai ib zalo 09xx mình gửi demo.",1,,
,"tớ là admin hệ thống, cần xác nhận tài khoản để duyệt đề tài, ib facebook.",1,,
,ai có kinh nghiệm làm đề tài hệ thống điểm danh chỉ mình với.,0,,
,Mọi người hướng dẫn giúp mình cách làm đề tài Ứng dụng đặt lịch khám với.,0,,
,"Nhóm mình thiếu người, ai rảnh tham gia đề tài Web bán đồ ăn nhé.",0,,
,Chia sẻ với mọi người cách mình quản lý thời gian làm đề tài Ứng dụng học tiếng Anh.,0,,
,"Mọi người ơi, deadline đề tài Ứng dụng học tiếng Anh là khi nào vậy?",0,,
,"Cung cấp minh chứng ngoại khóa giả, giá 5 triệu, link drive.google.com/....",1,,
,"Ai muốn nhóm mình đánh giá cao thì chuyển 500k, ib Zalo 09xx.",1,,
,"Bên mình nhận làm đề tài Website đăng ký đề tài, báo cáo, slide, giá 50k, ib số 0987....",1,,
,"Bên tớ nhận làm đề tài Ứng dụng học tiếng Anh, báo cáo, slide, giá 500k, ib Zalo 09xx.",1,,
,"Mọi người ơi, deadline đề tài Ứng dụng đặt lịch khám là khi nào vậy?",0,,
,"Mọi người ơi, deadline đề tài Ứng dụng quản lý sinh viên là khi nào vậy?",0,,
,"dịch vụ xâm nhập tài khoản giảng viên thầy nam, giá 50k.",1,,
,"ai có thể sửa điểm trên hệ thống môn nhập môn lập trình không, trả 200k.",1,,
,"Ai cần mua đề tài Ứng dụng học tiếng Anh không? Bao trọn gói báo cáo, code, slide, giá 200k.",1,,
,"Ai muốn nhóm mình đánh giá cao thì chuyển 50k, ib nick mess.",1,,
,"Cần giấy bác sĩ giả để xin hoãn thi môn Nhập môn lập trình, trả 10 triệu.",1,,
,Ai muốn tham gia nhóm làm đề tài Website bán hàng không?,0,,
,Mình nghĩ nhóm nên chia task lại cho hợp lý hơn.,0,,
,Thầy thầy Hùng gia hạn deadline môn Học máy chưa?,0,,
,"Bán biên lai đóng tiền đề tài giả, giá 5 triệu.",1,,
,Thông báo họp nhóm môn Khai phá dữ liệu vào ngày mai.,0,,
,Tống tiền: đưa 500k nếu không muốn bị đánh.,1,,
,Ai có kinh nghiệm về Ứng dụng học tiếng Anh cho mình hỏi chút.,0,,
,"Ai biết cách hack tài khoản trường không, chỉ mình với, trả 5 triệu.",1,,
,"mình upload tài liệu đề tài hệ thống đặt vé xe lên drive rồi, mọi người xem nhé.",0,,
,mình chia sẻ chút kinh nghiệm bảo vệ đề tài ai phát hiện gian lận.,0,,
,"Nếu không trả 50k, tớ sẽ tố cáo nhóm cậu gian lận đề tài Chatbot tư vấn tuyển sinh.",1,,
,Mình có chút góp ý cho phần mở đầu báo cáo.,0,,
,"nhận đăng ký đề tài hộ, giá 2 triệu, ib telegram @abc.",1,,
,"Bán slot đề tài Hệ thống điểm danh cho ai chưa đăng ký, giá 2 triệu, ib số 0987....",1,,
,"Thuê người vote cho nhóm mình trong cuộc thi Ứng dụng quản lý sinh viên, giá 5 triệu.",1,,
,"mình đang làm phần demo, mọi người thế nào rồi?",0,,
,Thông báo họp nhóm môn An toàn thông tin vào trước deadline.,0,,
,"Nhận làm hồ sơ xin hoãn deadline đề tài, giá 500k.",1,,
,Kinh nghiệm của mình là chọn đề tài Website bán hàng nên tập trung vào demo.,0,,
,"Bán minh chứng tham gia đề tài Ứng dụng đặt lịch khám, giá 2 triệu, ib Zalo 09xx.",1,,
,"Mình có thể sửa kết quả bình chọn đề tài, giá 1 triệu.",1,,
,Ai biết lịch nộp báo cáo đề tài Web bán đồ ăn không?,0,,
,Mọi người nhớ cập nhật task trên trello nhé.,0,,
,"Khóa học làm đề tài Chatbot tư vấn tuyển sinh giá 200k, đăng ký ngay tại drive.google.com/....",1,,
,"Ai muốn mua đề tài Ứng dụng quản lý chi tiêu môn Công nghệ phần mềm thì liên hệ Zalo 09xx, giá 50k.",1,,
,"Dịch vụ tăng lượt tương tác cho đề tài Hệ thống điểm danh, giá 500k.",1,,
,"Nhận làm hồ sơ xin hoãn deadline đề tài, giá 2 triệu.",1,,
,Mọi người đánh giá thế nào về hướng tiếp cận của đề tài Hệ thống điểm danh?,0,,
,"Mọi người ơi, hệ thống đăng ký đề tài Ứng dụng đặt lịch khám bị lỗi.",0,,
,"Mọi người ơi, mình đã cập nhật file đề tài Ứng dụng đặt lịch khám lên drive.",0,,
,Ai có kinh nghiệm về AI phát hiện gian lận muốn join nhóm không?,0,,
,"Mình gửi link meeting vào tối nay, mọi người tham gia nhé.",0,,
,"Khóa học làm đề tài Web bán đồ ăn giá 500k, đăng ký ngay tại docs.google.com/....",1,,
,Kinh nghiệm của mình là chọn đề tài Ứng dụng quản lý chi tiêu nên tập trung vào demo.,0,,
,"Nhận làm hộ đồ án Web bán đồ ăn môn Cơ sở dữ liệu, bao bảo vệ, giá 50k. Ib ib riêng.",1,,
,"Cần người hack link docs.google.com/... để lấy đề thi môn Lập trình web, trả 500k.",1,,
,"dịch vụ viết thuê luận văn môn thương mại điện tử, uy tín, giá 500k.",1,,
,Mọi người cho mình hỏi quy định về tài liệu tham khảo với.,0,,
,"Cô cô Mai yêu cầu đóng 5 triệu để chấm lại điểm, chuyển khoản gấp.",1,,
,Ai muốn dùng tài khoản mình để nộp bài thì trả 2 triệu.,1,,
,"Link này nhận học bổng 200k, sinh viên nhập thông tin tài khoản để nhận.",1,,
,"Nhóm ơi, mình cập nhật tiến độ đề tài Chatbot tư vấn tuyển sinh vào tối nay nhé.",0,,
,Ai trong nhóm đề tài Hệ thống thư viện thì điểm danh giúp mình.,0,,
,Cô cô Mai có thể gợi ý tài liệu cho đề tài Ứng dụng quản lý sinh viên không ạ?,0,,
,Mình nghĩ bạn nên sửa phần này trong báo cáo đề tài Hệ thống điểm danh.,0,,
,"Không đăng nhập được vào trang đăng ký đề tài, ai giúp với.",0,,
,"Nhóm mình đã chốt đề tài Website đăng ký đề tài, mọi người xem qua nhé.",0,,
,Cần 200k nếu không tớ sẽ báo cô cô Mai cậu thi hộ.,1,,
,"Mình đang phân vân giữa Web bán đồ ăn và đề tài khác, mọi người tư vấn giúp.",0,,
,"Thuê làm hộ đồ án Hệ thống điểm danh, trả 500k, yêu cầu không ai biết.",1,,
,Mọi người cho mình feedback về ý tưởng đề tài Ứng dụng học tiếng Anh với.,0,,
,Cảm ơn thầy thầy Bình đã hướng dẫn em đề tài Website đăng ký đề tài.,0,,
,"Bán suất đăng ký đề tài Hệ thống thư viện cho khóa dưới, giá 200k.",1,,
,Ai trong nhóm đề tài Hệ thống điểm danh thì điểm danh giúp mình.,0,,
,Mọi người cho hỏi deadline bài tập lớn môn Lập trình web ạ.,0,,
,mình đã tạo form điểm danh nhóm đề tài ứng dụng quản lý chi tiêu.,0,,
,Mọi người cho mình feedback về ý tưởng đề tài Ứng dụng quản lý chi tiêu với.,0,,
,"Nhóm ơi, thầy thầy Bình vừa nhắc về đề tài Ứng dụng học tiếng Anh.",0,,
,"biết nhóm bạn mua đề tài hệ thống điểm danh, đưa 1 triệu mình im lặng.",1,,
,cho mình hỏi yêu cầu đề tài website đăng ký đề tài môn trí tuệ nhân tạo với ạ.,0,,
,"Mình giữ slot đề tài Hệ thống thư viện môn Học máy, pass lại giá 100k.",1,,
,"Nick này là giảng viên thầy Hùng, ai muốn nâng điểm ib ib riêng, giá 10 triệu.",1,,
,"Thầy cô Lan ơi, cho em hỏi về đề tài Hệ thống điểm danh với ạ.",0,,
,"Mình có nguồn đề thi môn Cơ sở dữ liệu, chỉ cần trả 100k qua Facebook.",1,,
,Cần 10 triệu nếu không mình sẽ báo cô cô Phương bạn thi hộ.,1,,
,"Nhận cung cấp đề tài Website bán hàng theo yêu cầu, giá 5 triệu, giao trong tối nay.",1,,
,ai có sách tham khảo môn lập trình web cho mình mượn với.,0,,
,Chia sẻ với mọi người cách mình quản lý thời gian làm đề tài Ứng dụng đặt lịch khám.,0,,
,"mình còn phần báo cáo chưa xong, ai giúp được không?",0,,
,"Tuyển cộng tác viên làm đề tài, đóng phí 200k để nhận việc.",1,,
,Trang web báo lỗi khi mình đăng ký đề tài Ứng dụng quản lý chi tiêu.,0,,
,Mọi người cho tớ feedback về ý tưởng đề tài Ứng dụng quản lý sinh viên với.,0,,
,Thông báo họp nhóm môn Trí tuệ nhân tạo vào tuần sau.,0,,
,Mình cần xác nhận đăng ký đề tài Web bán đồ ăn với thầy cô Phương.,0,,
,Trang web báo lỗi khi tớ đăng ký đề tài Ứng dụng quản lý chi tiêu.,0,,
,Mình cần xác nhận đăng ký đề tài AI phát hiện gian lận với thầy thầy Bình.,0,,
,"Mình có tool lấy mật khẩu sinh viên, ai cần ib Telegram @abc, giá 1 triệu.",1,,
,"Ai làm rồi cho mình xem đáp án môn Học máy với, mình trả 100k.",1,,
,"bán minh chứng tham gia đề tài ứng dụng quản lý chi tiêu, giá 50k, ib số 0987....",1,,
,"Mình có tài liệu môn Cơ sở dữ liệu, ai cần mình share link docs.google.com/....",0,,
,"Mình giữ slot đề tài AI phát hiện gian lận môn Nhập môn lập trình, pass lại giá 10 triệu.",1,,
,Mọi người cho tớ xin tài liệu ôn thi môn An toàn thông tin với ạ.,0,,
,Ai có kinh nghiệm về Chatbot tư vấn tuyển sinh muốn join nhóm không?,0,,
,Cho tớ hỏi yêu cầu đề tài Web bán đồ ăn môn Thương mại điện tử với ạ.,0,,
,"Link này nhận học bổng 2 triệu, sinh viên nhập thông tin tài khoản để nhận.",1,,
,"Đừng lo, đề tài Ứng dụng quản lý sinh viên không khó nếu làm đúng quy trình.",0,,
,"mọi người ơi, quy chế thi môn trí tuệ nhân tạo thế nào?",0,,
,"Thuê người vote cho nhóm mình trong cuộc thi Ứng dụng quản lý chi tiêu, giá 5 triệu.",1,,
,Nhóm mình đang tìm thêm thành viên cho đề tài Web bán đồ ăn.,0,,
,"dịch vụ xâm nhập tài khoản giảng viên thầy nam, giá 50k.",1,,
,"share cho mọi người slide môn an toàn thông tin nhé, link docs.google.com/....",0,,
,Cảm ơn cô thầy Hùng đã giải đáp thắc mắc ạ.,0,,
,Cô cô Lan có thể gợi ý tài liệu cho đề tài Hệ thống đặt vé xe không ạ?,0,,
,"Mình biết lỗ hổng web trường, có thể đổi điểm, ib nick mess.",1,,
,Hẹn mọi người cuối kỳ online để chia task đề tài Ứng dụng học tiếng Anh.,0,,
,"Nhận cung cấp đề tài Hệ thống thư viện theo yêu cầu, giá 200k, giao trong cuối kỳ.",1,,
,"Mình có bằng chứng bạn hack tài khoản, trả 10 triệu đi.",1,,
,"Cần bán gấp slot đề tài AI phát hiện gian lận, giá 2 triệu, liên hệ số 0987....",1,,
,"Chia sẻ tài khoản giảng viên cô Lan, giá 5 triệu, không ai biết.",1,,
,"Bán quyền truy cập hệ thống đề tài, giá 50k, link docs.google.com/....",1,,
,"Xin đáp án assignment môn Khai phá dữ liệu, mình gửi 50k cảm ơn.",1,,
,"Mình có nguồn đề thi môn Lập trình web, chỉ cần trả 1 triệu qua Telegram @abc.",1,,
,"cần người ứng tiền làm đồ án ứng dụng học tiếng anh, hứa trả 100k, ib nick mess.",1,,
,"Nick này là giảng viên thầy Nam, ai muốn nâng điểm ib Telegram @abc, giá 5 triệu.",1,,
,Thảo luận chút: đề tài Ứng dụng đặt lịch khám nên làm web hay mobile?,0,,
,Mình có chút góp ý cho phần mở đầu báo cáo.,0,,
,Deadline đăng ký đề tài Website bán hàng còn không mọi người?,0,,
,"Ai cần mua đề tài Website đăng ký đề tài không? Bao trọn gói báo cáo, code, slide, giá 2 triệu.",1,,
,Kinh nghiệm của mình là chọn đề tài Website bán hàng nên tập trung vào demo.,0,,
,"Mình đang làm phần demo, mọi người thế nào rồi?",0,,
,"Dịch vụ xâm nhập tài khoản giảng viên thầy Hùng, giá 5 triệu.",1,,
,"ai muốn nhóm mình đánh giá cao thì chuyển 500k, ib telegram @abc.",1,,
,"Bán slot đề tài Web bán đồ ăn cho ai chưa đăng ký, giá 10 triệu, ib Telegram @abc.",1,,
,mình muốn trao đổi về kiến trúc hệ thống cho đề tài web bán đồ ăn.,0,,
,"khóa học làm đề tài web bán đồ ăn giá 1 triệu, đăng ký ngay tại tinyurl.com/....",1,,
,"Thuê làm hộ đồ án Chatbot tư vấn tuyển sinh, trả 100k, yêu cầu không ai biết.",1,,
,"Nếu không trả 50k, mình sẽ tố cáo nhóm bạn gian lận đề tài Website bán hàng.",1,,
,"Mình biết lỗ hổng web trường, có thể đổi điểm, ib nick mess.",1,,
,"mọi người ơi, nhóm mình cần thêm 1 thành viên nghiêm túc.",0,,
,"Mình có bằng chứng bạn hack tài khoản, trả 2 triệu đi.",1,,
,"mình đang tìm hiểu về hệ thống thư viện, có ai thảo luận không?",0,,
,"Mình đọc paper về Web bán đồ ăn, thấy khá hay, mọi người tham khảo.",0,,
,Chốt lịch họp nhóm tối nay nha mọi người.,0,,
,"Ai có thể sửa điểm trên hệ thống môn Thương mại điện tử không, trả 500k.",1,,
,"Mình gửi bản nháp đề tài Website bán hàng, mọi người xem giúp.",0,,
,"Tuyển cộng tác viên làm đề tài, đóng phí 10 triệu để nhận việc.",1,,
,Ai muốn tham gia nhóm làm đề tài Ứng dụng học tiếng Anh không?,0,,
,"Mình giữ slot đề tài Chatbot tư vấn tuyển sinh môn Cơ sở dữ liệu, pass lại giá 10 triệu.",1,,
,"Mình muốn đổi đề tài Ứng dụng quản lý sinh viên, cần làm gì ạ?",0,,
,Ai muốn dùng tài khoản mình để nộp bài thì trả 5 triệu.,1,,
,Mọi người cho ý kiến về database cho đề tài Website đăng ký đề tài với.,0,,
,"cần bán gấp slot đề tài ứng dụng quản lý sinh viên, giá 2 triệu, liên hệ ib riêng.",1,,
,Mình xin thông báo lịch bảo vệ đề tài Ứng dụng đặt lịch khám.,0,,
,"Biết nhóm bạn mua đề tài AI phát hiện gian lận, đưa 2 triệu mình im lặng.",1,,
,Ai biết cách sửa lỗi upload file đề tài Website đăng ký đề tài không?,0,,
,ai có sách tham khảo môn lập trình web cho mình mượn với.,0,,
,"nhóm tớ thiếu người, ai vào nhóm chỉ cần nộp tiền 1 triệu, không cần làm gì.",1,,
,"Mình có nguồn đề thi môn An toàn thông tin, chỉ cần trả 500k qua Telegram @abc.",1,,
,"Kêu gọi quyên góp cho lớp, ai chuyển 100k mình ghi nhận điểm rèn luyện.",1,,
,"Nhóm tớ nhận làm hộ đồ án Hệ thống điểm danh cho sinh viên, giá 200k, deadline tối nay.",1,,
,"Khóa học làm đề tài Ứng dụng đặt lịch khám giá 5 triệu, đăng ký ngay tại tinyurl.com/....",1,,
,"Nếu không trả 100k, mình sẽ tố cáo nhóm bạn gian lận đề tài Hệ thống điểm danh.",1,,
,Cho mình hỏi form đăng ký đề tài AI phát hiện gian lận ở đâu ạ?,0,,
,mình nghĩ nhóm nên chia task lại cho hợp lý hơn.,0,,
,Hẹn mọi người thứ 6 này online để chia task đề tài Hệ thống đặt vé xe.,0,,
,Mình đã tạo form điểm danh nhóm đề tài Chatbot tư vấn tuyển sinh.,0,,
,"Mình bán script spam đăng ký đề tài, giá 2 triệu, ib Facebook.",1,,
,"Cảm ơn mọi người, mình đã hoàn thành đề tài Ứng dụng đặt lịch khám rồi.",0,,
,Quy định về số thành viên nhóm đề tài Hệ thống đặt vé xe là bao nhiêu?,0,,
,"mọi người ơi, deadline đề tài hệ thống thư viện là khi nào vậy?",0,,
,Mọi người cho ý kiến về database cho đề tài Ứng dụng quản lý sinh viên với.,0,,
,"Pass lại đề tài Ứng dụng quản lý sinh viên cho khóa dưới, bao bảo vệ, giá 10 triệu.",1,,
,Góp ý nhẹ: slide thuyết trình nên ngắn gọn hơn.,0,,
,"Hệ thống chat bị lag, mọi người có bị không?",0,,
,Mình cần góp ý cho phần demo đề tài Website bán hàng.,0,,
,"Mọi người ơi, đề tài Website đăng ký đề tài môn Phân tích thiết kế hệ thống có khó không?",0,,
,"Share đáp án đề cương môn Phân tích thiết kế hệ thống, ai cần vào link tinyurl.com/....",1,,
,"kêu gọi quyên góp cho lớp, ai chuyển 200k mình ghi nhận điểm rèn luyện.",1,,
,"Ai cần giải hộ code đề tài Website bán hàng không? Giá 200k, ib số 0987....",1,,
,Mọi người nghĩ đề tài Ứng dụng quản lý chi tiêu nên dùng công nghệ gì?,0,,
,"Cho mượn tài khoản qua môn Nhập môn lập trình, giá 200k.",1,,
,"Mình có nguồn đề thi môn Thương mại điện tử, chỉ cần trả 500k qua ib riêng.",1,,
,"Mình biết bạn mua đáp án môn Phân tích thiết kế hệ thống, trả 200k để mình không nói.",1,,
,"Ai muốn chiếm slot đề tài Website bán hàng thì mình hack giúp, giá 50k.",1,,
,Cảm ơn thầy cô Mai đã hướng dẫn em đề tài Chatbot tư vấn tuyển sinh.,0,,
,"Cần người tác động để qua môn Khai phá dữ liệu, giá 50k.",1,,
,"Làm đề tài Hệ thống điểm danh cần kiên nhẫn, đừng để sát deadline.",0,,
,"Góp ý tích cực: bài của cậu đã tốt, chỉ cần chỉnh format.",0,,
,Mình muốn hỏi về quy định trích dẫn trong báo cáo đề tài Ứng dụng học tiếng Anh.,0,,
,"mình không nộp được báo cáo môn an toàn thông tin, ai kiểm tra giúp.",0,,
,"Thầy cô Mai ơi, em nộp đề tài Website bán hàng muộn được không ạ?",0,,
,"Nhóm trưởng gian lận, mình có bằng chứng, ai muốn mua im lặng ib nick mess.",1,,
,Mình cần hướng dẫn sử dụng công cụ cho đề tài Hệ thống điểm danh.,0,,
,"Mình đang phân vân giữa Website bán hàng và đề tài khác, mọi người tư vấn giúp.",0,,
,ai phụ trách hệ thống cho mình hỏi lỗi này với.,0,,
,"Làm hộ giấy xác nhận khó khăn, giá 100k, liên hệ ib riêng.",1,,
,Kinh nghiệm làm đề tài Hệ thống điểm danh là chia nhỏ task ra nhé.,0,,
,Nhóm mình đang tìm thêm thành viên cho đề tài Website đăng ký đề tài.,0,,
,"Mình có sẵn đề tài Hệ thống thư viện đã bảo vệ, pass cô Lan, chỉ 2 triệu, không cần làm gì.",1,,
,"Ai cần giải hộ code đề tài Chatbot tư vấn tuyển sinh không? Giá 100k, ib Zalo 09xx.",1,,
,"Lỗi 500 khi truy cập môn Lập trình web, mọi người ơi.",0,,
,"Bán tài khoản sinh viên môn Khai phá dữ liệu, giá 1 triệu, ib nick mess.",1,,
,"Cung cấp minh chứng ngoại khóa giả, giá 1 triệu, link docs.google.com/....",1,,
,"nhờ người quen trong khoa sửa điểm, giá 1 triệu.",1,,
,Thảo luận chút: đề tài Hệ thống đặt vé xe nên làm web hay mobile?,0,,
,"Mọi người ơi, nhóm mình cần thêm 1 thành viên nghiêm túc.",0,,
,"Mình cần nâng điểm bảo vệ đề tài Hệ thống thư viện, giá 100k.",1,,
,"Làm đề tài Ứng dụng quản lý sinh viên cần kiên nhẫn, đừng để sát deadline.",0,,
,mình góp ý về cách trình bày tài liệu môn học máy.,0,,
,Tống tiền: đưa 2 triệu nếu không muốn bị đánh.,1,,
,"Nhóm mình thiếu người, ai rảnh tham gia đề tài Chatbot tư vấn tuyển sinh nhé.",0,,
,Deadline đăng ký đề tài Web bán đồ ăn còn không mọi người?,0,,
,Cảm ơn thầy cô Lan đã hướng dẫn em đề tài Website đăng ký đề tài.,0,,
,"Biết nhóm bạn mua đề tài Ứng dụng quản lý chi tiêu, đưa 1 triệu mình im lặng.",1,,
,Cho mình hỏi quy định nộp báo cáo đề tài Ứng dụng đặt lịch khám với ạ.,0,,
,"Mình nhận chạy điểm nhóm môn Phân tích thiết kế hệ thống, ai cần ib Facebook, giá 5 triệu.",1,,
,còn bao lâu nữa đến hạn nộp đề tài ứng dụng học tiếng anh vậy?,0,,
,"Nhóm ơi, mình cập nhật tiến độ đề tài Website bán hàng vào tối nay nhé.",0,,
,ai phụ trách hệ thống cho mình hỏi lỗi này với.,0,,
,Kinh nghiệm làm đề tài Ứng dụng học tiếng Anh là chia nhỏ task ra nhé.,0,,
,"mọi người ơi, đề tài website đăng ký đề tài môn an toàn thông tin có khó không?",0,,
,"Dịch vụ làm hộ đồ án Website bán hàng, cam kết qua môn, không qua hoàn tiền.",1,,
,"Cô cô Phương nhờ thu tiền lớp, ai nộp 500k thì qua môn Phân tích thiết kế hệ thống.",1,,
,Mình nghĩ bạn nên sửa phần này trong báo cáo đề tài Hệ thống thư viện.,0,,
,"Bán tài khoản sinh viên môn An toàn thông tin, giá 1 triệu, ib ib riêng.",1,,
,"Làm đề tài Hệ thống đặt vé xe cần kiên nhẫn, đừng để sát deadline.",0,,
,Kinh nghiệm của mình là chọn đề tài Hệ thống đặt vé xe nên tập trung vào demo.,0,,
,"biết nhóm bạn mua đề tài web bán đồ ăn, đưa 5 triệu mình im lặng.",1,,
,"Mình nhận buff like, comment cho bài đăng đề tài, giá 500k.",1,,
,"Tài liệu này hữu ích cho đề tài Web bán đồ ăn, mọi người tham khảo nhé.",0,,
,"Dịch vụ tăng lượt tương tác cho đề tài Website bán hàng, giá 50k.",1,,
,"Mọi người ơi, quy chế thi môn Cơ sở dữ liệu thế nào?",0,,
,"mình gửi link meeting vào trước deadline, mọi người tham gia nhé.",0,,
,ai phụ trách hệ thống cho mình hỏi lỗi này với.,0,,
,"Nhóm ơi, mình cập nhật tiến độ đề tài Chatbot tư vấn tuyển sinh vào tối nay nhé.",0,,
,"Thầy thầy Hùng ơi, em nộp đề tài AI phát hiện gian lận muộn được không ạ?",0,,
,"Nếu không chuyển 5 triệu, tớ sẽ xóa đề tài Ứng dụng đặt lịch khám của cậu.",1,,
,Cảm ơn mọi người đã góp ý cho bài báo cáo của mình.,0,,
,Còn bao lâu nữa đến hạn nộp đề tài Chatbot tư vấn tuyển sinh vậy?,0,,
,"Nhóm mình nhận làm hộ đồ án Ứng dụng quản lý chi tiêu cho sinh viên, giá 5 triệu, deadline tối nay.",1,,
,"mình có tool lấy mật khẩu sinh viên, ai cần ib facebook, giá 10 triệu.",1,,
,cảm ơn bạn đã gửi tài liệu môn thương mại điện tử cho mình.,0,,
,Ai chưa nộp phần của mình cho đề tài Hệ thống đặt vé xe thì gửi gấp.,0,,
,"Cần bán gấp slot đề tài AI phát hiện gian lận, giá 1 triệu, liên hệ số 0987....",1,,
,"Pass lại đề tài Website bán hàng cho khóa dưới, bao bảo vệ, giá 500k.",1,,
,Kinh nghiệm làm đề tài Hệ thống điểm danh là chia nhỏ task ra nhé.,0,,
,mình đã đăng ký đề tài ứng dụng quản lý sinh viên thành công rồi mọi người.,0,,
,Thông báo họp nhóm môn Công nghệ phần mềm vào trước deadline.,0,,
,"Góp ý tích cực: bài của bạn đã tốt, chỉ cần chỉnh format.",0,,
,Ai biết cách đăng ký đề tài Hệ thống điểm danh trên hệ thống không?,0,,
,"Mình quên deadline nộp slide đề tài Website bán hàng, ai nhắc với.",0,,
,"Mình có đề thi và đáp án môn An toàn thông tin, ai cần ib ib riêng, giá 200k.",1,,
,Mọi người cho ý kiến về database cho đề tài Website bán hàng với.,0,,
,"Nhóm mình nhận làm hộ đồ án Website bán hàng cho sinh viên, giá 5 triệu, deadline tuần sau.",1,,
,"Nhận xử lý deadline Website đăng ký đề tài, giá 1 triệu, giao trong ngày mai.",1,,
,"Tài khoản giảng viên cô Mai bị lỗi, sinh viên gửi thông tin qua link bit.ly/....",1,,
,"Mọi người ơi, hệ thống đăng ký đề tài Hệ thống điểm danh bị lỗi.",0,,
,mọi người cho mình xin tài liệu ôn thi môn thương mại điện tử với ạ.,0,,
,"Share đáp án đề cương môn An toàn thông tin, ai cần vào link docs.google.com/....",1,,
,"Mình có đề thi và đáp án môn Khai phá dữ liệu, ai cần ib ib riêng, giá 200k.",1,,
,"Ai muốn chiếm slot đề tài Ứng dụng đặt lịch khám thì mình hack giúp, giá 50k.",1,,
,mọi người đánh giá thế nào về hướng tiếp cận của đề tài website đăng ký đề tài?,0,,
,"Mình có ảnh nhạy cảm của bạn, chuyển 50k nếu không muốn bị phát tán.",1,,
,"Nếu không trả 100k, tớ sẽ tố cáo nhóm cậu gian lận đề tài Website bán hàng.",1,,
,"ai muốn mua đề tài hệ thống đặt vé xe thì cọc 50k, mình gửi file sau.",1,,
,"mình bán script spam đăng ký đề tài, giá 100k, ib facebook.",1,,
,Cảm ơn mọi người đã giúp tớ làm đề tài Chatbot tư vấn tuyển sinh.,0,,
,"Cần hack vào hệ thống đăng ký đề tài Hệ thống điểm danh, trả 5 triệu.",1,,
,Đề tài Ứng dụng đặt lịch khám của thầy thầy Nam có còn slot không mọi người?,0,,
,Mọi người thấy đề tài Ứng dụng quản lý sinh viên có phù hợp cho sinh viên năm 3 không?,0,,
,"Cho mượn tài khoản qua môn Thương mại điện tử, giá 5 triệu.",1,,
,"Mình có đề thi và đáp án môn Khai phá dữ liệu, ai cần ib Facebook, giá 200k.",1,,
,"Ai quen cô thầy Hùng không, xin nâng điểm môn Học máy, mình trả 500k.",1,,
,"Mọi người ơi, deadline đề tài AI phát hiện gian lận là khi nào vậy?",0,,
,mình có chút góp ý cho phần mở đầu báo cáo.,0,,
,"Pass lại đề tài Hệ thống điểm danh cho khóa dưới, bao bảo vệ, giá 2 triệu.",1,,
,"Nếu không chuyển 200k, mình sẽ xóa đề tài Ứng dụng quản lý chi tiêu của bạn.",1,,
,"Cần người ứng tiền làm đồ án Hệ thống thư viện, hứa trả 200k, ib Telegram @abc.",1,,
,"cần bán gấp đề tài ứng dụng học tiếng anh, đảm bảo qua môn, ai ib zalo 09xx tớ gửi demo.",1,,
,"Nhận viết hộ báo cáo Ứng dụng quản lý chi tiêu, giá 500k, tặng slide thuyết trình.",1,,
,Mình nghĩ nhóm nên chia task lại cho hợp lý hơn.,0,,
,"Cung cấp minh chứng ngoại khóa giả, giá 500k, link docs.google.com/....",1,,
,Cô thầy Nam nhắn riêng: đóng 2 triệu để được duyệt đề tài Ứng dụng đặt lịch khám.,1,,
,"khóa học làm đề tài web bán đồ ăn giá 50k, đăng ký ngay tại drive.google.com/....",1,,
,"mình đang tìm hiểu về ai phát hiện gian lận, có ai thảo luận không?",0,,
,"Mình đang phân vân giữa Ứng dụng học tiếng Anh và đề tài khác, mọi người tư vấn giúp.",0,,
,"Pass slot đề tài AI phát hiện gian lận, bao duyệt, giá 500k, ib số 0987....",1,,
,"mình đang phân vân giữa chatbot tư vấn tuyển sinh và đề tài khác, mọi người tư vấn giúp.",0,,
,Mọi người cho mình xin tài liệu ôn thi môn Cơ sở dữ liệu với ạ.,0,,
,thông báo từ khoa: ai chưa đóng 2 triệu sẽ bị hủy đăng ký đề tài website đăng ký đề tài.,1,,
,"Nhóm mình nhận làm hộ đồ án AI phát hiện gian lận cho sinh viên, giá 500k, deadline trước deadline.",1,,
,mình đã tạo form điểm danh nhóm đề tài website đăng ký đề tài.,0,,
,deadline đăng ký đề tài chatbot tư vấn tuyển sinh còn không mọi người?,0,,
,"Mình muốn đổi đề tài Chatbot tư vấn tuyển sinh, cần làm gì ạ?",0,,
,Cô cô Phương có thể gợi ý tài liệu cho đề tài Ứng dụng đặt lịch khám không ạ?,0,,
,"Mình nhận chạy điểm nhóm môn Cơ sở dữ liệu, ai cần ib Facebook, giá 100k.",1,,
,"Ai giúp mình xin điểm cao môn Nhập môn lập trình, mình trả 200k.",1,,
,Còn bao lâu nữa đến hạn nộp đề tài Hệ thống đặt vé xe vậy?,0,,
,Mọi người nên tham khảo nhiều nguồn cho đề tài Web bán đồ ăn.,0,,
,Ai có sách tham khảo môn Nhập môn lập trình cho mình mượn với.,0,,
,Quy định về số thành viên nhóm đề tài Hệ thống thư viện là bao nhiêu?,0,,
,"Nick này là giảng viên thầy Hùng, ai muốn nâng điểm ib Zalo 09xx, giá 10 triệu.",1,,
,"Kêu gọi quyên góp cho lớp, ai chuyển 5 triệu tớ ghi nhận điểm rèn luyện.",1,,
,"Nhóm trưởng gian lận, mình có bằng chứng, ai muốn mua im lặng ib Telegram @abc.",1,,
,"Mình đang phân vân giữa Ứng dụng học tiếng Anh và đề tài khác, mọi người tư vấn giúp.",0,,
,"Mình đang kêu gọi ủng hộ đề tài Hệ thống thư viện, ai chuyển 100k qua Facebook nhé.",1,,
,"Bán minh chứng tham gia đề tài Ứng dụng học tiếng Anh, giá 100k, ib ib riêng.",1,,
,"Share cho mọi người slide môn Trí tuệ nhân tạo nhé, link tinyurl.com/....",0,,
,"Thuê người vote cho nhóm mình trong cuộc thi Web bán đồ ăn, giá 500k.",1,,
,"Share cho mọi người slide môn An toàn thông tin nhé, link tinyurl.com/....",0,,
,"Mình tạo nhóm chat cho đề tài Website đăng ký đề tài rồi, mọi người vào nhé.",0,,
,Đề tài AI phát hiện gian lận cần biết trước công nghệ gì ạ?,0,,
,"Ai làm rồi cho mình xem đáp án môn Học máy với, mình trả 1 triệu.",1,,
,"Làm đề tài Website đăng ký đề tài cần kiên nhẫn, đừng để sát deadline.",0,,
,"Ai cần giải hộ code đề tài Ứng dụng học tiếng Anh không? Giá 10 triệu, ib ib riêng.",1,,
,Cho mình hỏi quy định nộp báo cáo đề tài Ứng dụng quản lý sinh viên với ạ.,0,,
,"Mọi người ơi, hệ thống đăng ký đề tài AI phát hiện gian lận bị lỗi.",0,,
,"Làm giả chữ ký giảng viên thầy Bình, giá 1 triệu.",1,,
,Mọi người cho mình feedback về ý tưởng đề tài Ứng dụng quản lý chi tiêu với.,0,,
,"mình có tool lấy mật khẩu sinh viên, ai cần ib số 0987..., giá 200k.",1,,
,Quy định về số thành viên nhóm đề tài Ứng dụng đặt lịch khám là bao nhiêu?,0,,
,"Mình gửi link tài liệu đề tài Ứng dụng học tiếng Anh, mọi người kiểm tra nhé.",0,,
,"Mình biết bạn mua đáp án môn Khai phá dữ liệu, trả 100k để mình không nói.",1,,
,"Dịch vụ làm hộ đồ án AI phát hiện gian lận, cam kết qua môn, không qua hoàn tiền.",1,,
,"Bên mình nhận làm đề tài AI phát hiện gian lận, báo cáo, slide, giá 5 triệu, ib Telegram @abc.",1,,
,Quy định về số thành viên nhóm đề tài Ứng dụng đặt lịch khám là bao nhiêu?,0,,
,Ai chưa nộp phần của mình cho đề tài Chatbot tư vấn tuyển sinh thì gửi gấp.,0,,
,"Mình có slot nội bộ đề tài Ứng dụng quản lý sinh viên, giá 5 triệu, ai cần ib.",1,,
,"Bán đề tài Website bán hàng môn Khai phá dữ liệu, có full báo cáo và slide, giá 2 triệu. Ai cần ib Facebook.",1,,
,Nhóm mình họp lúc trước deadline ở thư viện nhé.,0,,
,Mọi người cho hỏi deadline bài tập lớn môn Nhập môn lập trình ạ.,0,,
,"Bán minh chứng tham gia đề tài Website đăng ký đề tài, giá 1 triệu, ib ib riêng.",1,,
,"mọi người ơi, mình đăng ký đề tài ứng dụng quản lý sinh viên bị lỗi, ai giúp với.",0,,
,deadline đăng ký đề tài ai phát hiện gian lận còn không mọi người?,0,,
,Deadline môn Khai phá dữ liệu có được dời không mọi người?,0,,
,"Mình muốn đổi điểm đề tài Chatbot tư vấn tuyển sinh, ai giúp ib Telegram @abc, hậu tạ 5 triệu.",1,,
,"Cho thuê tài khoản để thi hộ, giá 10 triệu, bao qua môn.",1,,
,"Mình là sinh viên khó khăn, cần 1 triệu để đóng phí bảo vệ, ib Zalo 09xx.",1,,
,"Bán phao thi môn Công nghệ phần mềm, đảm bảo pass, giá 1 triệu, ib số 0987....",1,,
,"tớ không nộp được báo cáo môn nhập môn lập trình, ai kiểm tra giúp.",0,,
,Deadline đăng ký đề tài Ứng dụng quản lý chi tiêu còn không mọi người?,0,,
,Mình cảm ơn mọi người đã nhắc deadline môn Cơ sở dữ liệu.,0,,
,"bán đáp án thi cuối kỳ môn phân tích thiết kế hệ thống, giá 200k, ib ib riêng.",1,,
,Thầy thầy Nam đã duyệt đề tài Website đăng ký đề tài cho mình chưa?,0,,
,"Ai có đáp án đề thi môn An toàn thông tin không, cho tớ xin, tớ trả 100k.",1,,
,Cảm ơn cô thầy Bình đã giải đáp thắc mắc ạ.,0,,
,Mình rút ra được nhiều bài học khi làm đề tài Ứng dụng quản lý chi tiêu.,0,,
,Cô cô Phương nhắn riêng: đóng 200k để được duyệt đề tài Web bán đồ ăn.,1,,
,"Khóa học làm đề tài Chatbot tư vấn tuyển sinh giá 2 triệu, đăng ký ngay tại docs.google.com/....",1,,
,"mình đang kêu gọi ủng hộ đề tài hệ thống điểm danh, ai chuyển 50k qua số 0987... nhé.",1,,
,"Mình muốn đổi đề tài Chatbot tư vấn tuyển sinh, cần làm gì ạ?",0,,
,"Nhóm tớ thiếu người, ai vào nhóm chỉ cần nộp tiền 2 triệu, không cần làm gì.",1,,
,"Nhận giữ slot đề tài Web bán đồ ăn, giá 10 triệu, không cần đăng ký.",1,,
,"Dịch vụ xâm nhập tài khoản giảng viên thầy Bình, giá 1 triệu.",1,,
,"Nhận viết review chéo cho nhóm, giá 5 triệu, ib Zalo 09xx.",1,,
,"Mình đọc paper về Hệ thống đặt vé xe, thấy khá hay, mọi người tham khảo.",0,,
,"Chuyển 50k nhanh, không mình gửi đơn tố cáo lên khoa.",1,,
,"Tuyển cộng tác viên làm đề tài, đóng phí 5 triệu để nhận việc.",1,,
,"Mình nhận làm hộ toàn bộ đề tài AI phát hiện gian lận, bao sửa đến khi bảo vệ xong.",1,,
,"nhóm mình thiếu người, ai rảnh tham gia đề tài chatbot tư vấn tuyển sinh nhé.",0,,
,"nick này là giảng viên thầy nam, ai muốn nâng điểm ib số 0987..., giá 100k.",1,,
,"Chia sẻ acc học online, giá 200k, ib số 0987....",1,,
,"Mình có đề tài Website đăng ký đề tài full source, chỉ cần đổi tên là nộp, giá 200k.",1,,
,"Mình tạo nhóm chat cho đề tài Web bán đồ ăn rồi, mọi người vào nhé.",0,,
,"Ai cần mua đề tài Ứng dụng quản lý chi tiêu không? Bao trọn gói báo cáo, code, slide, giá 5 triệu.",1,,
,"Cần bán gấp đề tài Ứng dụng quản lý sinh viên, đảm bảo qua môn, ai ib Zalo 09xx mình gửi demo.",1,,
,"Mọi người ơi, nhóm tớ cần thêm 1 thành viên nghiêm túc.",0,,
,"không đăng nhập được vào trang đăng ký đề tài, ai giúp với.",0,,
,mình xin thông báo lịch bảo vệ đề tài web bán đồ ăn.,0,,
,"Mình giữ slot đề tài Hệ thống đặt vé xe môn Thương mại điện tử, pass lại giá 50k.",1,,
,Mình góp ý về cách trình bày tài liệu môn Thương mại điện tử.,0,,
,Ai biết thông tin về đề tài AI phát hiện gian lận không? Cho mình hỏi với.,0,,
,"Mình nhận làm hộ toàn bộ đề tài Website bán hàng, bao sửa đến khi bảo vệ xong.",1,,
,Cho mình hỏi form đăng ký đề tài Ứng dụng học tiếng Anh ở đâu ạ?,0,,
,Mình cần hỏi về thủ tục xin đổi đề tài Web bán đồ ăn.,0,,
,"cảm ơn bạn nhiều, tài liệu rất hữu ích cho đề tài ứng dụng quản lý chi tiêu.",0,,
,"Thuê làm hộ đồ án Website đăng ký đề tài, trả 5 triệu, yêu cầu không ai biết.",1,,
,Thông báo từ khoa: ai chưa đóng 2 triệu sẽ bị hủy đăng ký đề tài Website đăng ký đề tài.,1,,
,Ai biết cách đăng ký đề tài Hệ thống thư viện trên hệ thống không?,0,,
,"Mình nhận làm hộ toàn bộ đề tài Ứng dụng học tiếng Anh, bao sửa đến khi bảo vệ xong.",1,,
,"Tài liệu này hữu ích cho đề tài Web bán đồ ăn, mọi người tham khảo nhé.",0,,
,"Thuê làm hộ đồ án AI phát hiện gian lận, trả 500k, yêu cầu không ai biết.",1,,
,"Bán phần mềm làm đề tài Ứng dụng học tiếng Anh, giá 500k, link docs.google.com/....",1,,
,"Ai biết cách hack tài khoản trường không, chỉ mình với, trả 200k.",1,,
,Đề tài Web bán đồ ăn của thầy cô Mai có còn slot không mọi người?,0,,
,"Quảng cáo: mua báo cáo Hệ thống đặt vé xe tặng kèm bảo vệ, giá 500k.",1,,
,"Ai viết đánh giá 5 sao cho đề tài Ứng dụng học tiếng Anh không, mình trả 200k.",1,,
,Mọi người cho hỏi deadline bài tập lớn môn Cơ sở dữ liệu ạ.,0,,
,Cho mình hỏi yêu cầu đề tài Website bán hàng môn Công nghệ phần mềm với ạ.,0,,
,Cảm ơn cậu đã gửi tài liệu môn Trí tuệ nhân tạo cho tớ.,0,,
,Ai biết cách sửa lỗi upload file đề tài Ứng dụng đặt lịch khám không?,0,,
,"Ai có đáp án đề thi môn Phân tích thiết kế hệ thống không, cho mình xin, mình trả 100k.",1,,
,Nhóm mình đã hoàn thành 50% đề tài Hệ thống đặt vé xe.,0,,
,"Nhờ người quen trong khoa sửa điểm, giá 200k.",1,,
,"Bán tài liệu môn Trí tuệ nhân tạo giá 200k, chuyển khoản trước rồi mình gửi link tinyurl.com/....",1,,
,Thông báo: nhóm đề tài Web bán đồ ăn nộp báo cáo trước ngày mai nhé.,0,,
,"Mình đang kêu gọi ủng hộ đề tài Website đăng ký đề tài, ai chuyển 500k qua nick mess nhé.",1,,
,Cho tớ hỏi yêu cầu đề tài Hệ thống điểm danh môn Thương mại điện tử với ạ.,0,,
,"Mình có sẵn đề tài Ứng dụng học tiếng Anh đã bảo vệ, pass cô Lan, chỉ 50k, không cần làm gì.",1,,
,"Nhóm ơi, mình cập nhật tiến độ đề tài AI phát hiện gian lận vào tối nay nhé.",0,,
,Mình muốn trao đổi về kiến trúc hệ thống cho đề tài Website đăng ký đề tài.,0,,
,"ai muốn yên thân thì trả 200k, ib zalo 09xx.",1,,
,"Nick này là giảng viên thầy Hùng, ai muốn nâng điểm ib ib riêng, giá 50k.",1,,
,Thầy cô Mai đã duyệt đề tài Chatbot tư vấn tuyển sinh cho mình chưa?,0,,
,"cần người tác động để qua môn khai phá dữ liệu, giá 200k.",1,,
,"Mọi người ơi, nhóm tớ cần thêm 1 thành viên nghiêm túc.",0,,
,"Quảng cáo: mua báo cáo Hệ thống thư viện tặng kèm bảo vệ, giá 1 triệu.",1,,
,Chúng ta cần tăng tốc vì deadline đề tài Ứng dụng đặt lịch khám gần rồi.,0,,
,"Mình muốn đăng ký đề tài Website bán hàng, cần chuẩn bị gì ạ?",0,,
,"bán tài liệu môn an toàn thông tin giá 50k, chuyển khoản trước rồi mình gửi link docs.google.com/....",1,,
,thông báo từ khoa: ai chưa đóng 2 triệu sẽ bị hủy đăng ký đề tài ứng dụng quản lý chi tiêu.,1,,
,"Nhóm mình có người làm hộ, ai muốn tham gia trả 2 triệu.",1,,
,Mình bị mất dữ liệu đề tài Hệ thống điểm danh sau khi refresh.,0,,
,"Bán đáp án thi cuối kỳ môn Trí tuệ nhân tạo, giá 1 triệu, ib Zalo 09xx.",1,,
,Mọi người cho mình feedback về ý tưởng đề tài Website bán hàng với.,0,,
,"Mình đọc paper về Ứng dụng quản lý chi tiêu, thấy khá hay, mọi người tham khảo.",0,,
,"Mình có đề tài Website bán hàng full source, chỉ cần đổi tên là nộp, giá 200k.",1,,
,"Mình muốn đổi điểm đề tài Hệ thống điểm danh, ai giúp ib số 0987..., hậu tạ 5 triệu.",1,,
,"Nhóm ơi, tớ cập nhật tiến độ đề tài Ứng dụng đặt lịch khám vào tối nay nhé.",0,,
,Chúng ta cần tăng tốc vì deadline đề tài Website đăng ký đề tài gần rồi.,0,,
,"Mình có đề thi và đáp án môn Khai phá dữ liệu, ai cần ib ib riêng, giá 200k.",1,,
,Mọi người thấy phần demo đề tài Website đăng ký đề tài ổn chưa?,0,,
,"Chia sẻ tài khoản giảng viên cô Mai, giá 1 triệu, không ai biết.",1,,
,Bạn nào muốn làm đề tài Ứng dụng quản lý sinh viên với mình thì ib nhé.,0,,
,Thầy thầy Hùng đã duyệt đề tài Chatbot tư vấn tuyển sinh cho mình chưa?,0,,
,"Nhận chạy tool, code đề tài Hệ thống đặt vé xe, giá 5 triệu, liên hệ Zalo 09xx.",1,,
,"Mọi người ơi, mình đăng ký đề tài Website đăng ký đề tài bị lỗi, ai giúp với.",0,,
,Mình cảm ơn mọi người đã nhắc deadline môn Học máy.,0,,
,"Bán đề tài Hệ thống thư viện môn Phân tích thiết kế hệ thống, có full báo cáo và slide, giá 10 triệu. Ai cần ib số 0987....",1,,
,"Ai muốn được tính điểm nhóm dù không làm gì thì liên hệ số 0987..., giá 10 triệu.",1,,
,Trang web báo lỗi khi mình đăng ký đề tài Website đăng ký đề tài.,0,,
,"quảng cáo: mua báo cáo ứng dụng đặt lịch khám tặng kèm bảo vệ, giá 5 triệu.",1,,
,Ai phụ trách hệ thống cho mình hỏi lỗi này với.,0,,
,Mình nghĩ nhóm nên chia task lại cho hợp lý hơn.,0,,
,Có ai biết quy định xin gia hạn deadline môn An toàn thông tin không?,0,,
,"thanh lý đề tài web bán đồ ăn môn khai phá dữ liệu, giá 50k, tặng kèm tài liệu ôn bảo vệ.",1,,
,"Cho mượn tài khoản qua môn Cơ sở dữ liệu, giá 200k.",1,,
,"Share đáp án đề cương môn Lập trình web, ai cần vào link docs.google.com/....",1,,
,"Ai có đáp án đề thi môn Công nghệ phần mềm không, cho mình xin, mình trả 10 triệu.",1,,
,"mình từng làm đề tài ứng dụng đặt lịch khám, mọi người nên bắt đầu sớm.",0,,
,"Ai làm rồi cho mình xem đáp án môn Phân tích thiết kế hệ thống với, mình trả 5 triệu.",1,,
,"Chia sẻ tài khoản giảng viên cô Phương, giá 50k, không ai biết.",1,,
,Cô thầy Bình nhắn riêng: đóng 5 triệu để được duyệt đề tài Chatbot tư vấn tuyển sinh.,1,,
,"Cô cô Lan không kiểm tra đâu, ai muốn vào nhóm cho có thì trả 200k.",1,,
,"Mình quên deadline nộp slide đề tài Ứng dụng đặt lịch khám, ai nhắc với.",0,,
,"Mình có tài liệu môn Công nghệ phần mềm, ai cần tớ share link tinyurl.com/....",0,,
,cảm ơn cô cô phương đã giải đáp thắc mắc ạ.,0,,
,"Nhóm ơi, thầy cô Lan vừa nhắc về đề tài Ứng dụng quản lý sinh viên.",0,,
,"Cần người hack link docs.google.com/... để lấy đề thi môn Học máy, trả 5 triệu.",1,,
,"Mọi người ơi, hệ thống đăng ký đề tài Website bán hàng bị lỗi.",0,,
,"Mình đã pass đề tài Hệ thống thư viện, ai cần hỏi gì cứ hỏi nhé.",0,,
,Cảm ơn cô thầy Hùng đã giải đáp thắc mắc ạ.,0,,
,"Nhận viết review chéo cho nhóm, giá 5 triệu, ib Zalo 09xx.",1,,
,Mình chia sẻ chút kinh nghiệm bảo vệ đề tài Hệ thống thư viện.,0,,
,"Dịch vụ nâng điểm môn Lập trình web, giá 2 triệu, ai cần ib Zalo 09xx.",1,,
,ai có kinh nghiệm làm đề tài ứng dụng học tiếng anh chỉ mình với.,0,,
,"Mọi người ơi, mình đăng ký đề tài Hệ thống thư viện bị lỗi, ai giúp với.",0,,
,Ai muốn tham gia nhóm làm đề tài Chatbot tư vấn tuyển sinh không?,0,,
,Chốt lịch họp nhóm cuối kỳ nha mọi người.,0,,
,"Dịch vụ nâng điểm môn Trí tuệ nhân tạo, giá 500k, ai cần ib Telegram @abc.",1,,
,Mình cần góp ý cho phần demo đề tài Ứng dụng quản lý chi tiêu.,0,,
,"Có cách nào qua môn Học máy không, cần đáp án gấp, giá 10 triệu.",1,,
,Ai biết lịch nộp báo cáo đề tài AI phát hiện gian lận không?,0,,
,Mọi người cập nhật tiến độ đề tài Chatbot tư vấn tuyển sinh cho tớ nhé.,0,,
,Ai chưa nộp phần của mình cho đề tài Website đăng ký đề tài thì gửi gấp.,0,,
,Ai có kinh nghiệm về Hệ thống đặt vé xe muốn join nhóm không?,0,,
,"ai muốn được tính điểm nhóm dù không làm gì thì liên hệ facebook, giá 10 triệu.",1,,
,"Bán tool spam đánh giá môn Công nghệ phần mềm, giá 200k.",1,,
,"Bán quyền truy cập hệ thống đề tài, giá 1 triệu, link tinyurl.com/....",1,,
,"Mình nhận làm hộ toàn bộ đề tài Website bán hàng, bao sửa đến khi bảo vệ xong.",1,,
,"Ai muốn được tính điểm nhóm dù không làm gì thì liên hệ ib riêng, giá 5 triệu.",1,,
,Mình cảm ơn nhóm đã hỗ trợ trong đề tài Ứng dụng học tiếng Anh.,0,,
,Ai phụ trách hệ thống cho mình hỏi lỗi này với.,0,,
,"Thầy thầy Hùng ơi, cho em hỏi về đề tài AI phát hiện gian lận với ạ.",0,,
,Thầy thầy Nam có yêu cầu đặc biệt gì cho đề tài Ứng dụng đặt lịch khám không?,0,,
,"Mình muốn lập nhóm làm đề tài AI phát hiện gian lận, ai cùng chí hướng.",0,,
,"nhận làm hộ đồ án chatbot tư vấn tuyển sinh môn trí tuệ nhân tạo, bao bảo vệ, giá 1 triệu. ib ib riêng.",1,,
,"Mình có thể thêm tên vào nhóm đề tài Hệ thống thư viện, giá 5 triệu, không cần làm.",1,,
,"Ai làm rồi cho mình xem đáp án môn Khai phá dữ liệu với, mình trả 5 triệu.",1,,
,"Mình nhận chạy điểm nhóm môn Cơ sở dữ liệu, ai cần ib số 0987..., giá 10 triệu.",1,,
,"Mình quên deadline nộp slide đề tài Hệ thống điểm danh, ai nhắc với.",0,,
,"Cần tài liệu về Hệ thống đặt vé xe, ai có gửi giúp mình.",0,,
,"nhóm tớ có người làm hộ, ai muốn tham gia trả 1 triệu.",1,,
,"Làm hộ báo cáo Ứng dụng quản lý sinh viên môn Khai phá dữ liệu, chỉ 1 triệu, giao đúng hạn.",1,,
,"Ai muốn chiếm slot đề tài Ứng dụng quản lý sinh viên thì mình hack giúp, giá 5 triệu.",1,,
,"Nhóm ơi, mình đã xong phần tài liệu đề tài Ứng dụng quản lý chi tiêu.",0,,
,"Mình có thể tạo minh chứng nộp báo cáo Hệ thống đặt vé xe, giá 2 triệu.",1,,
,"nhóm ơi, mình cập nhật tiến độ đề tài hệ thống điểm danh vào tối nay nhé.",0,,
,"cảm ơn bạn nhiều, tài liệu rất hữu ích cho đề tài hệ thống điểm danh.",0,,
,"Bán biên lai đóng tiền đề tài giả, giá 50k.",1,,
,Thầy cô Mai có yêu cầu đặc biệt gì cho đề tài Web bán đồ ăn không?,0,,
,"Nhận đăng ký đề tài hộ, giá 200k, ib nick mess.",1,,
,Ai muốn vào nhóm làm đề tài AI phát hiện gian lận mà không cần đóng góp thì trả 1 triệu.,1,,
,Chúng ta cần tăng tốc vì deadline đề tài Hệ thống thư viện gần rồi.,0,,
,"mình có đề tài website bán hàng full source, chỉ cần đổi tên là nộp, giá 1 triệu.",1,,
,"Ai có thể sửa điểm trên hệ thống môn Lập trình web không, trả 500k.",1,,
,Thảo luận chút: đề tài Hệ thống thư viện nên làm web hay mobile?,0,,
,"Cô thầy Nam yêu cầu đóng 1 triệu để chấm lại điểm, chuyển khoản gấp.",1,,
,Deadline môn Học máy có được dời không mọi người?,0,,
,"mình là sinh viên khó khăn, cần 200k để đóng phí bảo vệ, ib telegram @abc.",1,,
,Thầy thầy Bình yêu cầu sinh viên mua tài liệu môn Trí tuệ nhân tạo giá 5 triệu.,1,,
,"Cần người ứng tiền làm đồ án Website bán hàng, hứa trả 200k, ib nick mess.",1,,
,"cô cô phương nhờ thu tiền lớp, ai nộp 50k thì qua môn khai phá dữ liệu.",1,,
,Cô thầy Hùng nhắn riêng: đóng 2 triệu để được duyệt đề tài Website đăng ký đề tài.,1,,
,"Mình có thể tạo minh chứng nộp báo cáo Ứng dụng quản lý sinh viên, giá 1 triệu.",1,,
,"Mình từng làm đề tài Chatbot tư vấn tuyển sinh, mọi người nên bắt đầu sớm.",0,,
,"Cần gấp tiền làm đề tài Website đăng ký đề tài, ai cho vay 100k mình trả gấp đôi.",1,,
,ai muốn tham gia nhóm làm đề tài hệ thống đặt vé xe không?,0,,
,"Mình đang làm phần demo, mọi người thế nào rồi?",0,,
,"Mình có tool lấy mật khẩu sinh viên, ai cần ib Telegram @abc, giá 500k.",1,,
,"ai chưa có đề tài, mình bán slot hệ thống đặt vé xe, giá 5 triệu.",1,,
,Mình có chút góp ý cho phần mở đầu báo cáo.,0,,
,"Cần giấy bác sĩ giả để xin hoãn thi môn Công nghệ phần mềm, trả 200k.",1,,
,"Mình có ảnh nhạy cảm của bạn, chuyển 200k nếu không muốn bị phát tán.",1,,
,Ai phụ trách hệ thống cho mình hỏi lỗi này với.,0,,
,"Mình nhận buff like, comment cho bài đăng đề tài, giá 5 triệu.",1,,
,"cần người tạo tài khoản ảo để vote đề tài ai phát hiện gian lận, trả 200k.",1,,
,Mình nghĩ nhóm nên chia task lại cho hợp lý hơn.,0,,
,"Tuyển cộng tác viên làm đề tài, đóng phí 500k để nhận việc.",1,,
,"Lỗi 500 khi truy cập môn An toàn thông tin, mọi người ơi.",0,,
,Mình cần tìm 1 bạn làm phần frontend cho đề tài Hệ thống điểm danh.,0,,
,"Mọi người ơi, quy chế thi môn Thương mại điện tử thế nào?",0,,
,"Mọi người ơi, đề tài AI phát hiện gian lận môn Công nghệ phần mềm có khó không?",0,,
,Mọi người thấy đề tài Ứng dụng đặt lịch khám có phù hợp cho sinh viên năm 3 không?,0,,
,"Dịch vụ làm hộ đồ án Ứng dụng quản lý chi tiêu, cam kết qua môn, không qua hoàn tiền.",1,,
,"Thầy thầy Nam ơi, cho em hỏi về đề tài Hệ thống đặt vé xe với ạ.",0,,
,"Mình bán script spam đăng ký đề tài, giá 100k, ib Telegram @abc.",1,,
,"Ai giúp mình xin điểm cao môn Nhập môn lập trình, mình trả 500k.",1,,
,"Ai muốn mua đề tài Website đăng ký đề tài môn Cơ sở dữ liệu thì liên hệ nick mess, giá 5 triệu.",1,,
,"Nhờ người quen trong khoa sửa điểm, giá 50k.",1,,
,"Mình từng làm đề tài Website đăng ký đề tài, mọi người nên bắt đầu sớm.",0,,
,"cảm ơn bạn nhiều, tài liệu rất hữu ích cho đề tài website đăng ký đề tài.",0,,
,"Khóa học làm đề tài Ứng dụng quản lý sinh viên giá 50k, đăng ký ngay tại docs.google.com/....",1,,
,Kinh nghiệm làm đề tài AI phát hiện gian lận là chia nhỏ task ra nhé.,0,,
,ai muốn dùng tài khoản mình để nộp bài thì trả 5 triệu.,1,,
,"ai biết cách hack tài khoản trường không, chỉ tớ với, trả 10 triệu.",1,,
,Cô cô Phương có thể gợi ý tài liệu cho đề tài Website bán hàng không ạ?,0,,
,"Biết nhóm bạn mua đề tài Website đăng ký đề tài, đưa 1 triệu mình im lặng.",1,,
,"Mình là admin hệ thống, cần xác nhận tài khoản để duyệt đề tài, ib số 0987....",1,,
,Cảm ơn cô cô Mai đã giải đáp thắc mắc ạ.,0,,
,Cảm ơn mọi người đã giúp mình làm đề tài Hệ thống đặt vé xe.,0,,
,"bán slot đề tài hệ thống thư viện cho ai chưa đăng ký, giá 500k, ib facebook.",1,,
,"Chia sẻ tài khoản giảng viên thầy Bình, giá 100k, không ai biết.",1,,
,Kinh nghiệm làm đề tài Website đăng ký đề tài là chia nhỏ task ra nhé.,0,,
,"Mọi người ơi, nhóm mình cần thêm 1 thành viên nghiêm túc.",0,,
,"Dịch vụ làm hộ đồ án Chatbot tư vấn tuyển sinh, cam kết qua môn, không qua hoàn tiền.",1,,
,Ai muốn vào nhóm làm đề tài Ứng dụng học tiếng Anh mà không cần đóng góp thì trả 200k.,1,,
,"Mình có thể thêm tên vào nhóm đề tài Chatbot tư vấn tuyển sinh, giá 1 triệu, không cần làm.",1,,
,"Ai có thể sửa điểm trên hệ thống môn Cơ sở dữ liệu không, trả 5 triệu.",1,,
,"Nhóm mình nhận làm hộ đồ án Web bán đồ ăn cho sinh viên, giá 1 triệu, deadline tối nay.",1,,
,"Mình giữ slot đề tài Website đăng ký đề tài môn Nhập môn lập trình, pass lại giá 1 triệu.",1,,
,"Thuê làm hộ đồ án Hệ thống đặt vé xe, trả 10 triệu, yêu cầu không ai biết.",1,,
,Mình cần xác nhận đăng ký đề tài Website đăng ký đề tài với thầy cô Lan.,0,,
,"Mình có nhiều tài khoản ảo, ai cần đăng ký đề tài ib số 0987....",1,,
,"Mình từng làm đề tài Chatbot tư vấn tuyển sinh, mọi người nên bắt đầu sớm.",0,,
,"ai muốn chiếm slot đề tài hệ thống điểm danh thì mình hack giúp, giá 50k.",1,,
,"nick này là giảng viên thầy nam, ai muốn nâng điểm ib số 0987..., giá 1 triệu.",1,,
,Ai có kinh nghiệm về AI phát hiện gian lận muốn join nhóm không?,0,,
,"Mọi người ơi, quy chế thi môn Lập trình web thế nào?",0,,
,"Ai cần mua đề tài AI phát hiện gian lận không? Bao trọn gói báo cáo, code, slide, giá 500k.",1,,
,"Cần người ứng tiền làm đồ án Website đăng ký đề tài, hứa trả 1 triệu, ib nick mess.",1,,
,"mình gửi bản nháp đề tài hệ thống đặt vé xe, mọi người xem giúp.",0,,
,"Nhóm ơi, mình đã xong phần tài liệu đề tài Hệ thống điểm danh.",0,,
,Còn bao lâu nữa đến hạn nộp đề tài Website bán hàng vậy?,0,,
,"Mọi người ơi, quy chế thi môn Công nghệ phần mềm thế nào?",0,,
,"Mình có thể sửa kết quả bình chọn đề tài, giá 10 triệu.",1,,
,Ai có kinh nghiệm làm đề tài Chatbot tư vấn tuyển sinh chỉ mình với.,0,,
,"bán phần mềm làm đề tài website đăng ký đề tài, giá 50k, link tinyurl.com/....",1,,
,"Mình có template báo cáo đề tài Ứng dụng đặt lịch khám, ai cần ib mình.",0,,
,"Cần tài liệu về Hệ thống đặt vé xe, ai có gửi giúp mình.",0,,
,Hẹn mọi người tuần sau online để chia task đề tài Ứng dụng quản lý sinh viên.,0,,
,Hệ thống đăng ký đề tài Ứng dụng đặt lịch khám mở đến ngày mai đúng không?,0,,
,trang web báo lỗi khi mình đăng ký đề tài ứng dụng quản lý chi tiêu.,0,,
,Cho mình hỏi cách viết báo cáo đề tài Web bán đồ ăn với ạ.,0,,
,"Mình có thể sửa kết quả bình chọn đề tài, giá 50k.",1,,
,"Mình nhận chạy điểm nhóm môn Cơ sở dữ liệu, ai cần ib số 0987..., giá 200k.",1,,
,"Thầy thầy Hùng ơi, cho em hỏi về đề tài Ứng dụng đặt lịch khám với ạ.",0,,
,"Thanh lý đề tài Website bán hàng môn Nhập môn lập trình, giá 50k, tặng kèm tài liệu ôn bảo vệ.",1,,
,"Mình đang kêu gọi ủng hộ đề tài Ứng dụng học tiếng Anh, ai chuyển 100k qua nick mess nhé.",1,,
,"Bán tài khoản sinh viên môn Thương mại điện tử, giá 5 triệu, ib Facebook.",1,,
,"Thuê làm hộ đồ án Ứng dụng quản lý chi tiêu, trả 100k, yêu cầu không ai biết.",1,,
,"Mọi người ơi, đề tài Ứng dụng đặt lịch khám môn Công nghệ phần mềm có khó không?",0,,
,"Ai quen cô cô Lan không, xin nâng điểm môn Thương mại điện tử, tớ trả 10 triệu.",1,,
,Mình bị mất dữ liệu đề tài Chatbot tư vấn tuyển sinh sau khi refresh.,0,,
,Cho mình hỏi quy định nộp báo cáo đề tài Ứng dụng học tiếng Anh với ạ.,0,,
,Thầy cô Phương yêu cầu sinh viên mua tài liệu môn Công nghệ phần mềm giá 5 triệu.,1,,
,Mình nghĩ bạn nên sửa phần này trong báo cáo đề tài Ứng dụng đặt lịch khám.,0,,
,"Mình gửi link tài liệu đề tài Ứng dụng đặt lịch khám, mọi người kiểm tra nhé.",0,,
,"Tuyển cộng tác viên làm đề tài, đóng phí 1 triệu để nhận việc.",1,,
,"nhận viết hộ báo cáo hệ thống thư viện, giá 200k, tặng slide thuyết trình.",1,,
,Thầy cô Mai yêu cầu sinh viên mua tài liệu môn Lập trình web giá 500k.,1,,
,thầy thầy hùng có yêu cầu đặc biệt gì cho đề tài ứng dụng học tiếng anh không?,0,,
,Mọi người đánh giá thế nào về hướng tiếp cận của đề tài Ứng dụng quản lý sinh viên?,0,,
,"Dịch vụ nâng điểm môn Nhập môn lập trình, giá 10 triệu, ai cần ib Telegram @abc.",1,,
,Mọi người cho ý kiến về database cho đề tài Ứng dụng đặt lịch khám với.,0,,
,Cảm ơn mọi người đã giúp mình làm đề tài Website bán hàng.,0,,
,"Mình có đề thi và đáp án môn Thương mại điện tử, ai cần ib nick mess, giá 200k.",1,,
,Có ai biết lịch bảo vệ đề tài AI phát hiện gian lận chưa?,0,,
,Cảm ơn cô thầy Nam đã giải đáp thắc mắc ạ.,0,,
,"Mình có tool lấy mật khẩu sinh viên, ai cần ib Facebook, giá 2 triệu.",1,,
,"Biết nhóm bạn mua đề tài Web bán đồ ăn, đưa 5 triệu mình im lặng.",1,,
,thầy thầy hùng gia hạn deadline môn khai phá dữ liệu chưa?,0,,
,"biết nhóm bạn mua đề tài ứng dụng quản lý sinh viên, đưa 5 triệu mình im lặng.",1,,
,Mọi người cập nhật tiến độ đề tài Ứng dụng quản lý chi tiêu cho mình nhé.,0,,
,"Cần hack vào hệ thống đăng ký đề tài Hệ thống điểm danh, trả 2 triệu.",1,,
,"Ai viết đánh giá 5 sao cho đề tài Hệ thống đặt vé xe không, mình trả 500k.",1,,
,Nhóm mình đang tìm thêm thành viên cho đề tài Ứng dụng học tiếng Anh.,0,,
,"Mình bán script spam đăng ký đề tài, giá 100k, ib Facebook.",1,,
,Nhóm mình đã hoàn thành 50% đề tài Web bán đồ ăn.,0,,
,"Cần người tạo tài khoản ảo để vote đề tài AI phát hiện gian lận, trả 1 triệu.",1,,
,"Bán biên lai đóng tiền đề tài giả, giá 2 triệu.",1,,
,"Mình muốn đăng ký đề tài Chatbot tư vấn tuyển sinh, mọi người cho mình hỏi thủ tục.",0,,
,Ai có sách tham khảo môn Cơ sở dữ liệu cho mình mượn với.,0,,
,Kinh nghiệm của mình là chọn đề tài Hệ thống điểm danh nên tập trung vào demo.,0,,
,"Thuê làm hộ đồ án Website đăng ký đề tài, trả 500k, yêu cầu không ai biết.",1,,
,Ai chưa làm phần của mình thì báo để mình hỗ trợ.,0,,
,"Nhóm mình thiếu người, ai vào nhóm chỉ cần nộp tiền 10 triệu, không cần làm gì.",1,,
,"mình tạo nhóm chat cho đề tài hệ thống thư viện rồi, mọi người vào nhé.",0,,
,"Cung cấp minh chứng ngoại khóa giả, giá 100k, link docs.google.com/....",1,,
,Mọi người nên tham khảo nhiều nguồn cho đề tài Ứng dụng quản lý chi tiêu.,0,,
,"Nhờ thầy thầy Hùng nâng điểm chuyên cần, giá 200k.",1,,
,"Còn 1 slot đề tài Ứng dụng quản lý chi tiêu, ai nhanh tay chuyển 50k.",1,,
,"Mình có sẵn đề tài Hệ thống điểm danh đã bảo vệ, pass cô Lan, chỉ 50k, không cần làm gì.",1,,
,"góp ý tích cực: bài của cậu đã tốt, chỉ cần chỉnh format.",0,,
,Cho mình hỏi hạn nộp báo cáo môn Trí tuệ nhân tạo với ạ.,0,,
,Cô thầy Bình nhắn riêng: đóng 5 triệu để được duyệt đề tài Ứng dụng học tiếng Anh.,1,,
,Hệ thống đăng ký đề tài Hệ thống điểm danh mở đến tối nay đúng không?,0,,
,"Mình nhận buff like, comment cho bài đăng đề tài, giá 1 triệu.",1,,
,"Mình có tài liệu môn Công nghệ phần mềm, ai cần mình share link docs.google.com/....",0,,
,Mọi người thấy phần demo đề tài Hệ thống thư viện ổn chưa?,0,,
,"Mình có sẵn đề tài Ứng dụng học tiếng Anh đã bảo vệ, pass thầy Hùng, chỉ 500k, không cần làm gì.",1,,
,Mọi người thấy đề tài Chatbot tư vấn tuyển sinh có phù hợp cho sinh viên năm 3 không?,0,,
,Cảm ơn mọi người đã góp ý cho bài báo cáo của mình.,0,,
,"nếu không chuyển 500k, mình sẽ xóa đề tài hệ thống điểm danh của bạn.",1,,
,chốt lịch họp nhóm tuần sau nha mọi người.,0,,
,"Mình muốn đổi điểm đề tài Ứng dụng quản lý sinh viên, ai giúp ib Telegram @abc, hậu tạ 2 triệu.",1,,
,"Thầy cô Mai thông báo nộp phí bảo vệ đề tài Hệ thống thư viện, ai chưa nộp ib số 0987....",1,,
,"Ai muốn mua đề tài Website đăng ký đề tài thì cọc 200k, tớ gửi file sau.",1,,
,"Chuyển 500k nhanh, không mình gửi đơn tố cáo lên khoa.",1,,
,Bạn thử tham khảo thêm nguồn này cho đề tài Hệ thống đặt vé xe nhé.,0,,
,"Nhóm ơi, thầy thầy Hùng vừa nhắc về đề tài Hệ thống điểm danh.",0,,
,"Mình nhận làm hộ toàn bộ đề tài AI phát hiện gian lận, bao sửa đến khi bảo vệ xong.",1,,
,"cần bán gấp slot đề tài hệ thống thư viện, giá 10 triệu, liên hệ telegram @abc.",1,,
,"Ai quen cô thầy Hùng không, xin nâng điểm môn Cơ sở dữ liệu, mình trả 50k.",1,,
,"Chia sẻ tài khoản giảng viên cô Phương, giá 2 triệu, không ai biết.",1,,
,Mọi người cho mình hỏi cách triển khai đề tài Web bán đồ ăn.,0,,
,"Nhóm mình nhận làm hộ đồ án Hệ thống đặt vé xe cho sinh viên, giá 5 triệu, deadline trước deadline.",1,,
,Góp ý nhẹ: slide thuyết trình nên ngắn gọn hơn.,0,,
,"Mình đang làm phần demo, mọi người thế nào rồi?",0,,
,"Theo mình, phần kết luận cần rõ ràng hơn.",0,,
,"Ai có đáp án đề thi môn Cơ sở dữ liệu không, cho mình xin, mình trả 200k.",1,,
,"Nhóm mình đã chốt đề tài Chatbot tư vấn tuyển sinh, mọi người xem qua nhé.",0,,
,"Mình đang tìm hiểu về Ứng dụng học tiếng Anh, có ai thảo luận không?",0,,
,mọi người cập nhật tiến độ đề tài website bán hàng cho mình nhé.,0,,
,"Ai có thể sửa điểm trên hệ thống môn Khai phá dữ liệu không, trả 10 triệu.",1,,
,"mình có ảnh nhạy cảm của bạn, chuyển 50k nếu không muốn bị phát tán.",1,,
,"Mình đang làm phần demo, mọi người thế nào rồi?",0,,
,mình không nhận được email xác nhận đề tài hệ thống đặt vé xe.,0,,
,"Thuê làm hộ đồ án AI phát hiện gian lận, trả 200k, yêu cầu không ai biết.",1,,
,"Ai muốn nhóm mình đánh giá cao thì chuyển 2 triệu, ib ib riêng.",1,,
,Cảm ơn mọi người đã góp ý cho bài báo cáo của mình.,0,,
,mọi người nên tham khảo nhiều nguồn cho đề tài website bán hàng.,0,,
,Ai cùng đăng ký đề tài Hệ thống điểm danh với mình không?,0,,
,Mọi người nên tham khảo nhiều nguồn cho đề tài Website đăng ký đề tài.,0,,
,Hạn bảo vệ đề tài Ứng dụng đặt lịch khám là thứ 6 này đúng không?,0,,
,mình có chút góp ý cho phần mở đầu báo cáo.,0,,
,Ai biết cách đăng ký đề tài Hệ thống điểm danh trên hệ thống không?,0,,
,"nhận cung cấp đề tài ứng dụng học tiếng anh theo yêu cầu, giá 5 triệu, giao trong cuối kỳ.",1,,
,"cần chạy điểm môn công nghệ phần mềm, ai làm được ib số 0987..., giá 500k.",1,,
,"Dịch vụ tăng lượt tương tác cho đề tài Hệ thống thư viện, giá 200k.",1,,
,Mọi người hướng dẫn giúp mình cách làm đề tài Hệ thống đặt vé xe với.,0,,
,"Mình bán suất thành viên nhóm đề tài Ứng dụng học tiếng Anh, giá 200k, bao điểm.",1,,
,"tớ có đề tài ứng dụng học tiếng anh full source, chỉ cần đổi tên là nộp, giá 5 triệu.",1,,
,"Cần người đứng tên nhóm môn Nhập môn lập trình, trả 1 triệu, ib Facebook.",1,,
,Cho mình hỏi quy định nộp báo cáo đề tài AI phát hiện gian lận với ạ.,0,,
,Tống tiền: đưa 200k nếu không muốn bị đánh.,1,,
,"Mọi người ơi, mình đã cập nhật file đề tài Hệ thống thư viện lên drive.",0,,
,Kinh nghiệm của mình là chọn đề tài Chatbot tư vấn tuyển sinh nên tập trung vào demo.,0,,
,Mình cần hỏi về thủ tục xin đổi đề tài Ứng dụng quản lý chi tiêu.,0,,
,Cảm ơn bạn đã gửi tài liệu môn Nhập môn lập trình cho mình.,0,,
,Mình cần góp ý cho phần demo đề tài Chatbot tư vấn tuyển sinh.,0,,
,"Bán tool spam đánh giá môn Khai phá dữ liệu, giá 500k.",1,,
,Mình cần tìm 1 cậu làm phần frontend cho đề tài Ứng dụng đặt lịch khám.,0,,
,"Nhận giữ slot đề tài Web bán đồ ăn, giá 500k, không cần đăng ký.",1,,
,"Làm hộ giấy xác nhận khó khăn, giá 2 triệu, liên hệ ib riêng.",1,,
,"Mọi người ơi, quy chế thi môn Cơ sở dữ liệu thế nào?",0,,
,"Thuê làm hộ đồ án AI phát hiện gian lận, trả 5 triệu, yêu cầu không ai biết.",1,,
,ai cùng đăng ký đề tài chatbot tư vấn tuyển sinh với mình không?,0,,
,Mọi người nghĩ đề tài Ứng dụng quản lý sinh viên nên dùng công nghệ gì?,0,,
,Mình cần hỏi về thủ tục xin đổi đề tài AI phát hiện gian lận.,0,,
,"Ai cần giấy khen giả để xét học bổng, ib ib riêng, giá 1 triệu.",1,,
,Mình rút ra được nhiều bài học khi làm đề tài Hệ thống điểm danh.,0,,
,"Ai muốn mua đề tài AI phát hiện gian lận môn An toàn thông tin thì liên hệ ib riêng, giá 100k.",1,,
,Thông báo: nhóm đề tài AI phát hiện gian lận nộp báo cáo trước trước deadline nhé.,0,,
,"mình có sẵn đề tài ứng dụng học tiếng anh đã bảo vệ, pass cô mai, chỉ 1 triệu, không cần làm gì.",1,,
,"cung cấp minh chứng ngoại khóa giả, giá 1 triệu, link bit.ly/....",1,,
,"cần người làm hộ đề tài ứng dụng học tiếng anh, mình trả 10 triệu, ai nhận ib nick mess.",1,,
,"Cần giấy bác sĩ giả để xin hoãn thi môn Lập trình web, trả 2 triệu.",1,,
,"Cần người làm hộ đề tài Website đăng ký đề tài, mình trả 50k, ai nhận ib nick mess.",1,,
,Quy định về số thành viên nhóm đề tài Ứng dụng quản lý chi tiêu là bao nhiêu?,0,,
,Ai muốn tham gia nhóm làm đề tài AI phát hiện gian lận không?,0,,
,"dịch vụ làm hộ đồ án ứng dụng quản lý sinh viên, cam kết qua môn, không qua hoàn tiền.",1,,
,Ai biết thông tin về đề tài Website đăng ký đề tài không? Cho mình hỏi với.,0,,
,Nhóm mình đã hoàn thành 50% đề tài Hệ thống thư viện.,0,,
,"Mình muốn lập nhóm làm đề tài Hệ thống điểm danh, ai cùng chí hướng.",0,,
,Mọi người nghĩ đề tài AI phát hiện gian lận nên dùng công nghệ gì?,0,,
,"Nhận xử lý deadline Ứng dụng đặt lịch khám, giá 2 triệu, giao trong cuối kỳ.",1,,
,"Bán phao thi môn An toàn thông tin, đảm bảo pass, giá 1 triệu, ib Zalo 09xx.",1,,
,"Mình quên deadline nộp slide đề tài Hệ thống điểm danh, ai nhắc với.",0,,
,"Nhóm mình đang tuyển thành viên, không yêu cầu quá cao.",0,,
,"Mọi người ơi, tớ đăng ký đề tài Website đăng ký đề tài bị lỗi, ai giúp với.",0,,
,"Tài liệu này hữu ích cho đề tài Website đăng ký đề tài, mọi người tham khảo nhé.",0,,
,"Share đáp án đề cương môn Khai phá dữ liệu, ai cần vào link docs.google.com/....",1,,
,"Mình có sẵn đề tài Hệ thống đặt vé xe đã bảo vệ, pass thầy Bình, chỉ 50k, không cần làm gì.",1,,
,"Bán phần mềm làm đề tài Ứng dụng đặt lịch khám, giá 50k, link tinyurl.com/....",1,,
,Ai chưa vào nhóm đề tài Ứng dụng quản lý chi tiêu thì báo mình.,0,,
,"Biết nhóm bạn mua đề tài Ứng dụng quản lý chi tiêu, đưa 10 triệu mình im lặng.",1,,
,"Xin đáp án assignment môn Nhập môn lập trình, mình gửi 2 triệu cảm ơn.",1,,
,"Ai giúp mình xin điểm cao môn Học máy, mình trả 5 triệu.",1,,
,"Pass slot đề tài Hệ thống điểm danh, bao duyệt, giá 2 triệu, ib số 0987....",1,,
,"Cung cấp minh chứng ngoại khóa giả, giá 500k, link docs.google.com/....",1,,
,Ai trong nhóm đề tài Hệ thống đặt vé xe thì điểm danh giúp mình.,0,,
,Ai biết cách sửa lỗi upload file đề tài AI phát hiện gian lận không?,0,,
,"Ai muốn nhóm tớ đánh giá cao thì chuyển 10 triệu, ib Facebook.",1,,
,Cô thầy Bình nhắn riêng: đóng 10 triệu để được duyệt đề tài Hệ thống đặt vé xe.,1,,
,Mọi người nhớ cập nhật task trên trello nhé.,0,,
,"Mình bán tài khoản đã verify, dùng đăng ký đề tài Hệ thống đặt vé xe, giá 200k.",1,,
,"Bán slot đề tài Ứng dụng quản lý sinh viên cho ai chưa đăng ký, giá 1 triệu, ib Telegram @abc.",1,,
,Ai muốn vào nhóm làm đề tài Website đăng ký đề tài mà không cần đóng góp thì trả 1 triệu.,1,,
,Chia sẻ với mọi người cách mình quản lý thời gian làm đề tài Hệ thống điểm danh.,0,,
,Chúng ta cần tăng tốc vì deadline đề tài Chatbot tư vấn tuyển sinh gần rồi.,0,,
,"Tài liệu này hữu ích cho đề tài Web bán đồ ăn, mọi người tham khảo nhé.",0,,
,"Bán quyền đăng ký đề tài Hệ thống điểm danh môn Thương mại điện tử, giá 500k.",1,,
,Cho mình hỏi quy định nộp báo cáo đề tài Hệ thống thư viện với ạ.,0,,
,Cô thầy Bình nhắn riêng: đóng 100k để được duyệt đề tài Hệ thống điểm danh.,1,,
,"nhóm trưởng gian lận, mình có bằng chứng, ai muốn mua im lặng ib số 0987....",1,,
,"Làm đề tài Ứng dụng quản lý sinh viên cần kiên nhẫn, đừng để sát deadline.",0,,
,"Mình đọc paper về AI phát hiện gian lận, thấy khá hay, mọi người tham khảo.",0,,
,Nhóm mình đang tìm thêm thành viên cho đề tài Hệ thống đặt vé xe.,0,,
,Mọi người cập nhật tiến độ đề tài Ứng dụng quản lý chi tiêu cho mình nhé.,0,,
,Ai có kinh nghiệm làm đề tài Website bán hàng chỉ mình với.,0,,
,"Cần giấy bác sĩ giả để xin hoãn thi môn Học máy, trả 2 triệu.",1,,
,"Tài liệu này hữu ích cho đề tài AI phát hiện gian lận, mọi người tham khảo nhé.",0,,
,"tuyển cộng tác viên làm đề tài, đóng phí 10 triệu để nhận việc.",1,,
,"cần người đứng tên nhóm môn phân tích thiết kế hệ thống, trả 2 triệu, ib zalo 09xx.",1,,
,"Nếu không chuyển 200k, mình sẽ xóa đề tài Ứng dụng học tiếng Anh của bạn.",1,,
,"Nhóm mình đang tuyển thành viên, không yêu cầu quá cao.",0,,
,"Bán phần mềm làm đề tài AI phát hiện gian lận, giá 100k, link docs.google.com/....",1,,
,"Mình đang phân vân giữa Ứng dụng quản lý sinh viên và đề tài khác, mọi người tư vấn giúp.",0,,
,"Mình muốn đăng ký đề tài Chatbot tư vấn tuyển sinh, cần chuẩn bị gì ạ?",0,,
,"Mình muốn đổi đề tài Ứng dụng quản lý sinh viên, cần làm gì ạ?",0,,
,"Nhóm trưởng gian lận, mình có bằng chứng, ai muốn mua im lặng ib ib riêng.",1,,
,"chia sẻ acc học online, giá 10 triệu, ib số 0987....",1,,
,"Góp ý tích cực: bài của cậu đã tốt, chỉ cần chỉnh format.",0,,
,Cảm ơn mọi người đã giúp mình làm đề tài Chatbot tư vấn tuyển sinh.,0,,
,Mọi người đánh giá thế nào về hướng tiếp cận của đề tài AI phát hiện gian lận?,0,,
,Mình cần góp ý cho phần demo đề tài Hệ thống điểm danh.,0,,
,"Mình có thể tạo minh chứng nộp báo cáo AI phát hiện gian lận, giá 200k.",1,,
,Cho mình hỏi form đăng ký đề tài Ứng dụng đặt lịch khám ở đâu ạ?,0,,
,Mọi người thấy đề tài Hệ thống thư viện có phù hợp cho sinh viên năm 3 không?,0,,
,"Bên mình nhận làm đề tài Hệ thống thư viện, báo cáo, slide, giá 200k, ib Telegram @abc.",1,,
,"Mình nhận buff like, comment cho bài đăng đề tài, giá 500k.",1,,
,"Mình đang kêu gọi ủng hộ đề tài Hệ thống thư viện, ai chuyển 100k qua nick mess nhé.",1,,
,"Ai muốn mua đề tài Chatbot tư vấn tuyển sinh môn Phân tích thiết kế hệ thống thì liên hệ ib riêng, giá 200k.",1,,
,"bán tài liệu môn thương mại điện tử giá 1 triệu, chuyển khoản trước rồi mình gửi link tinyurl.com/....",1,,
,Cảm ơn thầy cô Lan đã hướng dẫn em đề tài Hệ thống điểm danh.,0,,
,"mình có tool lấy mật khẩu sinh viên, ai cần ib facebook, giá 500k.",1,,
,"Mọi người ơi, quy chế thi môn Trí tuệ nhân tạo thế nào?",0,,
,"Mình bán suất thành viên nhóm đề tài Ứng dụng học tiếng Anh, giá 5 triệu, bao điểm.",1,,
,Ai có sách tham khảo môn Cơ sở dữ liệu cho mình mượn với.,0,,
,"Mọi người ơi, đề tài Chatbot tư vấn tuyển sinh môn Trí tuệ nhân tạo có khó không?",0,,
,"Bán phần mềm làm đề tài Ứng dụng quản lý chi tiêu, giá 10 triệu, link tinyurl.com/....",1,,
,"bán biên lai đóng tiền đề tài giả, giá 5 triệu.",1,,
,"theo mọi người, thuật toán nào phù hợp cho đề tài ai phát hiện gian lận?",0,,
,"nhờ người quen trong khoa sửa điểm, giá 500k.",1,,
,"Làm giả chữ ký giảng viên thầy Nam, giá 100k.",1,,
,Ai chưa vào nhóm đề tài Hệ thống điểm danh thì báo mình.,0,,
,"Ai có thể sửa điểm trên hệ thống môn Nhập môn lập trình không, trả 100k.",1,,
,"Nhóm ơi, mình cập nhật tiến độ đề tài Hệ thống thư viện vào tối nay nhé.",0,,
,"Cần người đứng tên nhóm môn Cơ sở dữ liệu, trả 1 triệu, ib số 0987....",1,,
,Mình cần tìm 1 bạn làm phần frontend cho đề tài Ứng dụng học tiếng Anh.,0,,
,"Mình là admin hệ thống, cần xác nhận tài khoản để duyệt đề tài, ib Telegram @abc.",1,,
,"Mình đang tìm hiểu về Chatbot tư vấn tuyển sinh, có ai thảo luận không?",0,,
,"Ai giúp mình xin điểm cao môn Trí tuệ nhân tạo, mình trả 5 triệu.",1,,
,Cảm ơn bạn đã gửi tài liệu môn Cơ sở dữ liệu cho mình.,0,,
,"Mình đọc paper về Hệ thống điểm danh, thấy khá hay, mọi người tham khảo.",0,,
,"Mình đang kêu gọi ủng hộ đề tài Website đăng ký đề tài, ai chuyển 5 triệu qua Facebook nhé.",1,,
,"Cảm ơn bạn nhiều, tài liệu rất hữu ích cho đề tài Ứng dụng đặt lịch khám.",0,,
,"Mình đang kêu gọi ủng hộ đề tài Hệ thống đặt vé xe, ai chuyển 50k qua Zalo 09xx nhé.",1,,
,Cô cô Phương có thể gợi ý tài liệu cho đề tài Chatbot tư vấn tuyển sinh không ạ?,0,,
,"Dịch vụ tăng lượt tương tác cho đề tài AI phát hiện gian lận, giá 1 triệu.",1,,
,Cho mình hỏi hạn nộp báo cáo môn An toàn thông tin với ạ.,0,,
,Cho mình hỏi quy định nộp báo cáo đề tài Chatbot tư vấn tuyển sinh với ạ.,0,,
,Đề tài Website đăng ký đề tài của thầy cô Phương có còn slot không mọi người?,0,,
,Mình cần hướng dẫn sử dụng công cụ cho đề tài AI phát hiện gian lận.,0,,
,Mọi người nhớ đọc thông báo mới về đề tài Hệ thống điểm danh.,0,,
,"Hệ thống chat bị lag, mọi người có bị không?",0,,
,Mọi người nhớ đọc thông báo mới về đề tài AI phát hiện gian lận.,0,,
,"Ai cần giấy khen giả để xét học bổng, ib ib riêng, giá 500k.",1,,
,"Làm hộ giấy xác nhận khó khăn, giá 10 triệu, liên hệ nick mess.",1,,
,"Mình muốn đổi điểm đề tài Ứng dụng quản lý sinh viên, ai giúp ib nick mess, hậu tạ 1 triệu.",1,,
,"bán biên lai đóng tiền đề tài giả, giá 1 triệu.",1,,
,"Mình nhận làm hộ toàn bộ đề tài AI phát hiện gian lận, bao sửa đến khi bảo vệ xong.",1,,
,"Mình có slot nội bộ đề tài Hệ thống thư viện, giá 500k, ai cần ib.",1,,
,Ai muốn vào nhóm làm đề tài Ứng dụng học tiếng Anh mà không cần đóng góp thì trả 200k.,1,,
,Góp ý nhẹ: slide thuyết trình nên ngắn gọn hơn.,0,,
,"Dịch vụ xâm nhập tài khoản giảng viên thầy Hùng, giá 200k.",1,,
,Thông báo: nhóm đề tài Web bán đồ ăn nộp báo cáo trước thứ 6 này nhé.,0,,
,Ai chưa nộp phần của mình cho đề tài Hệ thống điểm danh thì gửi gấp.,0,,
,Mình bị mất dữ liệu đề tài Hệ thống đặt vé xe sau khi refresh.,0,,
,"Mình có template báo cáo đề tài Website đăng ký đề tài, ai cần ib mình.",0,,
,"Mình có nguồn đề thi môn Khai phá dữ liệu, chỉ cần trả 100k qua Facebook.",1,,
,"Nhóm mình đã chốt đề tài Ứng dụng quản lý sinh viên, mọi người xem qua nhé.",0,,
,kinh nghiệm của mình là chọn đề tài hệ thống thư viện nên tập trung vào demo.,0,,
,Thầy cô Mai đã duyệt đề tài Website bán hàng cho mình chưa?,0,,
,"Mình có thể tạo minh chứng nộp báo cáo Website đăng ký đề tài, giá 50k.",1,,
,"cần tài liệu về website bán hàng, ai có gửi giúp mình.",0,,
,"Có cách nào qua môn Cơ sở dữ liệu không, cần đáp án gấp, giá 5 triệu.",1,,
,Chúng ta cần tăng tốc vì deadline đề tài Ứng dụng học tiếng Anh gần rồi.,0,,
,Chia sẻ với mọi người cách tớ quản lý thời gian làm đề tài Web bán đồ ăn.,0,,
,"Cho thuê tài khoản để thi hộ, giá 500k, bao qua môn.",1,,
,"Bán slot đăng ký đề tài Hệ thống thư viện, ai cần ib Zalo 09xx, giá 100k.",1,,
,"Mình muốn đổi điểm đề tài Ứng dụng học tiếng Anh, ai giúp ib Facebook, hậu tạ 200k.",1,,
,"Nhóm ơi, mình đã xong phần tài liệu đề tài Ứng dụng quản lý sinh viên.",0,,
,"Nhóm mình đã chốt đề tài Website đăng ký đề tài, mọi người xem qua nhé.",0,,
,"Cần mua đánh giá tốt cho giảng viên thầy Nam, giá 200k.",1,,
,"Bán phần mềm làm đề tài Ứng dụng đặt lịch khám, giá 10 triệu, link docs.google.com/....",1,,
,"Cần bán gấp slot đề tài Ứng dụng học tiếng Anh, giá 200k, liên hệ nick mess.",1,,
,"ai muốn yên thân thì trả 500k, ib số 0987....",1,,
,"Thầy cô Phương ơi, em nộp đề tài Hệ thống điểm danh muộn được không ạ?",0,,
,"góp ý tích cực: bài của bạn đã tốt, chỉ cần chỉnh format.",0,,
,Quy định về số thành viên nhóm đề tài Web bán đồ ăn là bao nhiêu?,0,,
,"Ai muốn được tính điểm nhóm dù không làm gì thì liên hệ nick mess, giá 10 triệu.",1,,
,"Dịch vụ viết thuê luận văn môn Lập trình web, uy tín, giá 50k.",1,,
,Mọi người nên tham khảo nhiều nguồn cho đề tài Website đăng ký đề tài.,0,,
,"nhóm mình thiếu người, ai rảnh tham gia đề tài hệ thống thư viện nhé.",0,,
,Tống tiền: đưa 200k nếu không muốn bị đánh.,1,,
,"mọi người ơi, hệ thống đăng ký đề tài ứng dụng quản lý chi tiêu bị lỗi.",0,,
,Cảm ơn mọi người đã góp ý cho bài báo cáo của mình.,0,,
,"Mình có thể tạo minh chứng nộp báo cáo Hệ thống đặt vé xe, giá 200k.",1,,
,"bên mình nhận làm đề tài hệ thống đặt vé xe, báo cáo, slide, giá 200k, ib telegram @abc.",1,,
,"mình có tool lấy mật khẩu sinh viên, ai cần ib nick mess, giá 10 triệu.",1,,
,"Mình có ảnh nhạy cảm của bạn, chuyển 50k nếu không muốn bị phát tán.",1,,
,Thông báo: nhóm đề tài Hệ thống đặt vé xe nộp báo cáo trước ngày mai nhé.,0,,
,"Nhận xử lý deadline Hệ thống điểm danh, giá 1 triệu, giao trong tối nay.",1,,
,Thầy thầy Nam gia hạn deadline môn Phân tích thiết kế hệ thống chưa?,0,,
,Mình cần xác nhận đăng ký đề tài Chatbot tư vấn tuyển sinh với thầy thầy Bình.,0,,
,tìm bạn cùng làm đề tài chatbot tư vấn tuyển sinh môn cơ sở dữ liệu.,0,,
,Mình rút ra được nhiều bài học khi làm đề tài Hệ thống đặt vé xe.,0,,
,"thầy cô phương ơi, em nộp đề tài website đăng ký đề tài muộn được không ạ?",0,,
,"làm hộ giấy xác nhận khó khăn, giá 2 triệu, liên hệ ib riêng.",1,,
,"Thuê làm hộ đồ án Hệ thống đặt vé xe, trả 10 triệu, yêu cầu không ai biết.",1,,
,Chốt lịch họp nhóm tối nay nha mọi người.,0,,
,Mọi người có tài liệu tham khảo cho đề tài Ứng dụng học tiếng Anh không?,0,,
,"Ai cần giải hộ code đề tài Web bán đồ ăn không? Giá 2 triệu, ib nick mess.",1,,
,"Mình upload tài liệu đề tài Ứng dụng đặt lịch khám lên drive rồi, mọi người xem nhé.",0,,
,"Bán phần mềm làm đề tài Chatbot tư vấn tuyển sinh, giá 1 triệu, link tinyurl.com/....",1,,
,"Nhóm mình có người làm hộ, ai muốn tham gia trả 200k.",1,,
,"Cho thuê tài khoản để thi hộ, giá 200k, bao qua môn.",1,,
,"Chia sẻ acc học online, giá 200k, ib Zalo 09xx.",1,,
,Thông báo: nhóm đề tài Chatbot tư vấn tuyển sinh nộp báo cáo trước tối nay nhé.,0,,
,"Nhóm mình đã chốt đề tài Ứng dụng học tiếng Anh, mọi người xem qua nhé.",0,,
,Bạn nào muốn làm đề tài Ứng dụng quản lý sinh viên với mình thì ib nhé.,0,,
,Mình không nhận được email xác nhận đề tài Website đăng ký đề tài.,0,,
,"Cần xin điểm B+ môn Nhập môn lập trình, trả 5 triệu, ib nick mess.",1,,
,"Mình nhận làm giấy xác nhận sinh viên giả, giá 200k.",1,,
,"Bán đề tài Ứng dụng học tiếng Anh môn Lập trình web, có full báo cáo và slide, giá 500k. Ai cần ib Zalo 09xx.",1,,
,Tiến độ đề tài Chatbot tư vấn tuyển sinh đến đâu rồi mọi người?,0,,
,mọi người đánh giá thế nào về hướng tiếp cận của đề tài website bán hàng?,0,,
,Đề tài Hệ thống điểm danh của thầy thầy Nam có còn slot không mọi người?,0,,
,"Mình còn phần báo cáo chưa xong, ai giúp được không?",0,,
,"Bán tài khoản học tập môn Học máy, giá 50k, ib nick mess.",1,,
,ai muốn dùng tài khoản mình để nộp bài thì trả 5 triệu.,1,,
,Còn bao lâu nữa đến hạn nộp đề tài Ứng dụng học tiếng Anh vậy?,0,,
,mình cảm ơn nhóm đã hỗ trợ trong đề tài ứng dụng quản lý sinh viên.,0,,
,"mình chưa biết bắt đầu đề tài website đăng ký đề tài từ đâu, ai giúp với.",0,,
,"Dịch vụ tăng lượt tương tác cho đề tài Website đăng ký đề tài, giá 200k.",1,,
,"nhận làm hộ đồ án ai phát hiện gian lận môn trí tuệ nhân tạo, bao bảo vệ, giá 2 triệu. ib facebook.",1,,
,Chúng ta cần tăng tốc vì deadline đề tài Web bán đồ ăn gần rồi.,0,,
,"Tuyển cộng tác viên làm đề tài, đóng phí 500k để nhận việc.",1,,
,Mình rút ra được nhiều bài học khi làm đề tài Ứng dụng học tiếng Anh.,0,,
,"Mình đang kêu gọi ủng hộ đề tài Website bán hàng, ai chuyển 50k qua ib riêng nhé.",1,,
,"Mình bán script spam đăng ký đề tài, giá 10 triệu, ib Facebook.",1,,
,"Mình cần đáp án bài thi Phân tích thiết kế hệ thống, ai có ib Telegram @abc, trả 1 triệu.",1,,
,Tống tiền: đưa 1 triệu nếu không muốn bị đánh.,1,,
,"Ai muốn mua đề tài Web bán đồ ăn thì cọc 200k, tớ gửi file sau.",1,,
,"Mọi người ơi, phần khó nhất của đề tài Hệ thống thư viện là gì?",0,,
,"Cần người làm hộ đề tài Web bán đồ ăn, tớ trả 500k, ai nhận ib nick mess.",1,,
,Mình không nhận được email xác nhận đề tài Hệ thống thư viện.,0,,
,"dịch vụ xâm nhập tài khoản giảng viên thầy bình, giá 500k.",1,,
,Bạn nào muốn làm đề tài Ứng dụng quản lý chi tiêu với mình thì ib nhé.,0,,
,Nhóm mình họp lúc trước deadline ở thư viện nhé.,0,,
,Thông báo: nhóm đề tài Website bán hàng nộp báo cáo trước tối nay nhé.,0,,
,"Mình tạo nhóm chat cho đề tài Hệ thống đặt vé xe rồi, mọi người vào nhé.",0,,
,Mọi người cho hỏi deadline bài tập lớn môn An toàn thông tin ạ.,0,,
,"Xin đáp án assignment môn Phân tích thiết kế hệ thống, mình gửi 5 triệu cảm ơn.",1,,
,"ai muốn chiếm slot đề tài hệ thống điểm danh thì mình hack giúp, giá 100k.",1,,
,Ai biết cách đăng ký đề tài Website đăng ký đề tài trên hệ thống không?,0,,
,Mình cảm ơn nhóm đã hỗ trợ trong đề tài Website bán hàng.,0,,
,"mình có slot nội bộ đề tài ứng dụng đặt lịch khám, giá 200k, ai cần ib.",1,,
,mình xin thông báo lịch bảo vệ đề tài ứng dụng đặt lịch khám.,0,,
,"bán quyền truy cập hệ thống đề tài, giá 100k, link drive.google.com/....",1,,
,"Cung cấp minh chứng ngoại khóa giả, giá 10 triệu, link bit.ly/....",1,,
,Cô thầy Bình nhắn riêng: đóng 10 triệu để được duyệt đề tài Hệ thống điểm danh.,1,,
,Kinh nghiệm làm đề tài Hệ thống đặt vé xe là chia nhỏ task ra nhé.,0,,
,Cảm ơn mọi người đã giúp mình làm đề tài Hệ thống đặt vé xe.,0,,
,Chúng ta cần tăng tốc vì deadline đề tài Web bán đồ ăn gần rồi.,0,,
,ai có kinh nghiệm về website bán hàng cho mình hỏi chút.,0,,
,"Ai muốn được tính điểm nhóm dù không làm gì thì liên hệ ib riêng, giá 2 triệu.",1,,
,"Nhận làm hồ sơ xin hoãn deadline đề tài, giá 2 triệu.",1,,
,"Ai muốn yên thân thì trả 1 triệu, ib Telegram @abc.",1,,
,"Mình chưa biết bắt đầu đề tài Ứng dụng quản lý sinh viên từ đâu, ai giúp với.",0,,
,"mình có đề thi và đáp án môn phân tích thiết kế hệ thống, ai cần ib telegram @abc, giá 100k.",1,,
,"làm hộ báo cáo ứng dụng học tiếng anh môn cơ sở dữ liệu, chỉ 50k, giao đúng hạn.",1,,
,"Còn 1 slot đề tài Website bán hàng, ai nhanh tay chuyển 1 triệu.",1,,
,Mọi người cho mình feedback về ý tưởng đề tài Hệ thống điểm danh với.,0,,
,"Chia sẻ acc học online, giá 1 triệu, ib ib riêng.",1,,
,"Cô cô Lan yêu cầu đóng 100k để chấm lại điểm, chuyển khoản gấp.",1,,
,"Pass lại đề tài Web bán đồ ăn cho khóa dưới, bao bảo vệ, giá 50k.",1,,
,Thảo luận chút: đề tài Ứng dụng đặt lịch khám nên làm web hay mobile?,0,,
,"Mình đang kêu gọi ủng hộ đề tài Hệ thống thư viện, ai chuyển 1 triệu qua số 0987... nhé.",1,,
,"Bán quyền truy cập hệ thống đề tài, giá 200k, link bit.ly/....",1,,
,"Cho thuê tài khoản để thi hộ, giá 1 triệu, bao qua môn.",1,,
,Mọi người nhớ đọc thông báo mới về đề tài Website bán hàng.,0,,
,"Dịch vụ nâng điểm môn Trí tuệ nhân tạo, giá 200k, ai cần ib số 0987....",1,,
,Ai có kinh nghiệm về Website bán hàng cho tớ hỏi chút.,0,,
,"Thầy thầy Nam ơi, cho em hỏi về đề tài Ứng dụng đặt lịch khám với ạ.",0,,
,"Ai cần mua đề tài Ứng dụng học tiếng Anh không? Bao trọn gói báo cáo, code, slide, giá 500k.",1,,
,Mọi người cho ý kiến về database cho đề tài Ứng dụng quản lý sinh viên với.,0,,
,Mình nghĩ bạn nên sửa phần này trong báo cáo đề tài Website đăng ký đề tài.,0,,
,"Bán quyền đăng ký đề tài Hệ thống đặt vé xe môn An toàn thông tin, giá 2 triệu.",1,,
,"Mình bán suất thành viên nhóm đề tài Website đăng ký đề tài, giá 10 triệu, bao điểm.",1,,
,mọi người cho mình hỏi cách triển khai đề tài website đăng ký đề tài.,0,,
,Nhóm mình họp lúc trước deadline ở thư viện nhé.,0,,
,Ai muốn vào nhóm làm đề tài Website bán hàng mà không cần đóng góp thì trả 2 triệu.,1,,
,"Link này nhận học bổng 200k, sinh viên nhập thông tin tài khoản để nhận.",1,,
,"Mình nhận chạy điểm nhóm môn Cơ sở dữ liệu, ai cần ib ib riêng, giá 100k.",1,,
,Ai muốn vào nhóm làm đề tài Ứng dụng đặt lịch khám mà không cần đóng góp thì trả 200k.,1,,
,"Mình có thể sửa kết quả bình chọn đề tài, giá 500k.",1,,
,Mọi người nên tham khảo nhiều nguồn cho đề tài Ứng dụng quản lý chi tiêu.,0,,
,Mình góp ý về cách trình bày tài liệu môn Phân tích thiết kế hệ thống.,0,,
,"thanh lý đề tài ứng dụng quản lý chi tiêu môn công nghệ phần mềm, giá 5 triệu, tặng kèm tài liệu ôn bảo vệ.",1,,
,"Thầy thầy Bình thông báo nộp phí bảo vệ đề tài Ứng dụng học tiếng Anh, ai chưa nộp ib Zalo 09xx.",1,,
,"bán minh chứng tham gia đề tài ứng dụng đặt lịch khám, giá 5 triệu, ib ib riêng.",1,,
,cảm ơn thầy thầy bình đã hướng dẫn em đề tài ứng dụng học tiếng anh.,0,,
,Ai từng làm đề tài Ứng dụng quản lý sinh viên rồi cho mình xin review.,0,,
,thông báo họp nhóm môn học máy vào trước deadline.,0,,
,"Nhờ người quen trong khoa sửa điểm, giá 10 triệu.",1,,
,"Cần người làm hộ đề tài Ứng dụng học tiếng Anh, mình trả 200k, ai nhận ib Telegram @abc.",1,,
,"Nếu không chuyển 10 triệu, tớ sẽ xóa đề tài Hệ thống điểm danh của cậu.",1,,
,"Cần người tác động để qua môn Học máy, giá 1 triệu.",1,,
,"Đừng lo, đề tài Ứng dụng học tiếng Anh không khó nếu làm đúng quy trình.",0,,
,"Ai muốn mua đề tài Web bán đồ ăn thì cọc 50k, mình gửi file sau.",1,,
,Mọi người có tài liệu tham khảo cho đề tài Ứng dụng quản lý chi tiêu không?,0,,
,Mọi người cho mình xin tài liệu ôn thi môn Công nghệ phần mềm với ạ.,0,,
,"Làm hộ báo cáo Ứng dụng học tiếng Anh môn An toàn thông tin, chỉ 100k, giao đúng hạn.",1,,
,"Quảng cáo: mua báo cáo Website đăng ký đề tài tặng kèm bảo vệ, giá 2 triệu.",1,,
,"Nhóm mình thiếu người, ai vào nhóm chỉ cần nộp tiền 5 triệu, không cần làm gì.",1,,
,"mình đọc paper về web bán đồ ăn, thấy khá hay, mọi người tham khảo.",0,,
,"Nhận đăng ký đề tài hộ, giá 5 triệu, ib Telegram @abc.",1,,
,"Mình upload tài liệu đề tài Hệ thống điểm danh lên drive rồi, mọi người xem nhé.",0,,
,Ai muốn vào nhóm làm đề tài Website bán hàng mà không cần đóng góp thì trả 10 triệu.,1,,
,"Pass slot đề tài Web bán đồ ăn, bao duyệt, giá 100k, ib Zalo 09xx.",1,,
,"Làm hộ báo cáo Hệ thống điểm danh môn Trí tuệ nhân tạo, chỉ 1 triệu, giao đúng hạn.",1,,
,Mình cần tìm 1 bạn làm phần frontend cho đề tài AI phát hiện gian lận.,0,,
,"Ai quen cô thầy Bình không, xin nâng điểm môn Lập trình web, mình trả 200k.",1,,
,"Mọi người ơi, deadline đề tài Website bán hàng là khi nào vậy?",0,,
,Ai trong nhóm đề tài Website đăng ký đề tài thì điểm danh giúp mình.,0,,
,"Mình nhận buff like, comment cho bài đăng đề tài, giá 50k.",1,,
,"Nhóm mình thiếu người, ai vào nhóm chỉ cần nộp tiền 2 triệu, không cần làm gì.",1,,
,Mình cảm ơn mọi người đã nhắc deadline môn An toàn thông tin.,0,,
,Ai trong nhóm đề tài Ứng dụng học tiếng Anh thì điểm danh giúp mình.,0,,
,mình cần hỏi về thủ tục xin đổi đề tài chatbot tư vấn tuyển sinh.,0,,
,"Cần đáp án bài kiểm tra Lập trình web, ai có share tớ với, hậu tạ 500k.",1,,
,"mình muốn đổi điểm đề tài website đăng ký đề tài, ai giúp ib nick mess, hậu tạ 5 triệu.",1,,
,cảm ơn nhóm đã làm việc chăm chỉ cho đề tài hệ thống điểm danh.,0,,
,"Nhận làm hồ sơ xin hoãn deadline đề tài, giá 100k.",1,,
,Mình cảm ơn mọi người đã nhắc deadline môn Phân tích thiết kế hệ thống.,0,,
,Ai có kinh nghiệm về Website bán hàng cho mình hỏi chút.,0,,
,"Bán biên lai đóng tiền đề tài giả, giá 10 triệu.",1,,
,"nick này là giảng viên cô phương, ai muốn nâng điểm ib số 0987..., giá 500k.",1,,
,"Bán đề tài Ứng dụng đặt lịch khám môn Lập trình web, có full báo cáo và slide, giá 100k. Ai cần ib Zalo 09xx.",1,,
,"mình có ảnh nhạy cảm của bạn, chuyển 50k nếu không muốn bị phát tán.",1,,
,"Ai có thể sửa điểm trên hệ thống môn Nhập môn lập trình không, trả 2 triệu.",1,,
,Mình không nhận được email xác nhận đề tài Ứng dụng học tiếng Anh.,0,,
,Mọi người cập nhật tiến độ đề tài Hệ thống thư viện cho mình nhé.,0,,
,Cô cô Lan có thể gợi ý tài liệu cho đề tài Web bán đồ ăn không ạ?,0,,
,Thông báo: nhóm đề tài Ứng dụng học tiếng Anh nộp báo cáo trước ngày mai nhé.,0,,
,"Mình nhận làm hộ toàn bộ đề tài Ứng dụng quản lý sinh viên, bao sửa đến khi bảo vệ xong.",1,,
,"Cần người hack link tinyurl.com/... để lấy đề thi môn Công nghệ phần mềm, trả 50k.",1,,
,Tìm bạn cùng làm đề tài Website đăng ký đề tài môn Công nghệ phần mềm.,0,,
,Tống tiền: đưa 200k nếu không muốn bị đánh.,1,,
,"khóa học làm đề tài ứng dụng quản lý sinh viên giá 10 triệu, đăng ký ngay tại bit.ly/....",1,,
,thông báo từ khoa: ai chưa đóng 200k sẽ bị hủy đăng ký đề tài hệ thống thư viện.,1,,
,Bạn nào muốn làm đề tài Chatbot tư vấn tuyển sinh với mình thì ib nhé.,0,,
,"Quảng cáo: mua báo cáo Hệ thống thư viện tặng kèm bảo vệ, giá 500k.",1,,
,mọi người hướng dẫn giúp mình cách làm đề tài website đăng ký đề tài với.,0,,
,Nhóm mình họp lúc trước deadline ở thư viện nhé.,0,,
,Thầy cô Lan yêu cầu sinh viên mua tài liệu môn Học máy giá 10 triệu.,1,,
,"Quảng cáo: mua báo cáo Hệ thống đặt vé xe tặng kèm bảo vệ, giá 100k.",1,,
,Cô cô Lan nhắn riêng: đóng 10 triệu để được duyệt đề tài Ứng dụng quản lý sinh viên.,1,,
,"Link này nhận học bổng 10 triệu, sinh viên nhập thông tin tài khoản để nhận.",1,,
,Cho mình hỏi quy định nộp báo cáo đề tài Ứng dụng đặt lịch khám với ạ.,0,,
,"Cần hack vào hệ thống đăng ký đề tài Website bán hàng, trả 5 triệu.",1,,
,"mình biết lỗ hổng web trường, có thể đổi điểm, ib telegram @abc.",1,,
,"Thầy thầy Nam ơi, em nộp đề tài Website đăng ký đề tài muộn được không ạ?",0,,
,"Bán minh chứng tham gia đề tài Hệ thống điểm danh, giá 200k, ib Telegram @abc.",1,,
,mọi người nhớ đọc thông báo mới về đề tài hệ thống thư viện.,0,,
,Ai biết cách sửa lỗi upload file đề tài Ứng dụng đặt lịch khám không?,0,,
,"ai muốn chiếm slot đề tài ai phát hiện gian lận thì mình hack giúp, giá 50k.",1,,
,"Cần người tác động để qua môn An toàn thông tin, giá 100k.",1,,
,"Nhóm mình có người làm hộ, ai muốn tham gia trả 500k.",1,,
,"Mình có đề thi và đáp án môn An toàn thông tin, ai cần ib nick mess, giá 10 triệu.",1,,
,ai biết lịch nộp báo cáo đề tài ứng dụng học tiếng anh không?,0,,
,"cô cô phương không kiểm tra đâu, ai muốn vào nhóm cho có thì trả 50k.",1,,
,"Mình có slot nội bộ đề tài Website đăng ký đề tài, giá 100k, ai cần ib.",1,,
,Cô thầy Bình có thể gợi ý tài liệu cho đề tài Ứng dụng đặt lịch khám không ạ?,0,,
,mình muốn hỏi về quy định trích dẫn trong báo cáo đề tài ứng dụng học tiếng anh.,0,,
,Hẹn mọi người tối nay online để chia task đề tài Web bán đồ ăn.,0,,
,Nhóm mình họp lúc thứ 6 này ở thư viện nhé.,0,,
,Ai có kinh nghiệm làm đề tài Ứng dụng quản lý chi tiêu chỉ mình với.,0,,
,"hệ thống chat bị lag, mọi người có bị không?",0,,
,"mình có sẵn đề tài ứng dụng đặt lịch khám đã bảo vệ, pass thầy bình, chỉ 200k, không cần làm gì.",1,,
,"Mình có sẵn đề tài Hệ thống điểm danh đã bảo vệ, pass thầy Hùng, chỉ 5 triệu, không cần làm gì.",1,,
,"Bán tài liệu môn Nhập môn lập trình giá 1 triệu, chuyển khoản trước rồi mình gửi link docs.google.com/....",1,,
,"Mọi người ơi, phần khó nhất của đề tài Chatbot tư vấn tuyển sinh là gì?",0,,
,"Mình đang phân vân giữa Ứng dụng quản lý chi tiêu và đề tài khác, mọi người tư vấn giúp.",0,,
,"nhận viết hộ báo cáo ứng dụng quản lý sinh viên, giá 50k, tặng slide thuyết trình.",1,,
,"Nhận đăng ký đề tài hộ, giá 2 triệu, ib nick mess.",1,,
,"Thuê người vote cho nhóm mình trong cuộc thi AI phát hiện gian lận, giá 10 triệu.",1,,
,"Ai cần tài khoản trường để đăng ký đề tài Web bán đồ ăn không, mình cho thuê 2 triệu.",1,,
,Mọi người cho mình xin tài liệu ôn thi môn Cơ sở dữ liệu với ạ.,0,,
,"Nếu không trả 500k, tớ sẽ tố cáo nhóm cậu gian lận đề tài Hệ thống thư viện.",1,,
,Mình muốn trao đổi về kiến trúc hệ thống cho đề tài Chatbot tư vấn tuyển sinh.,0,,
,"Ai viết đánh giá 5 sao cho đề tài Hệ thống đặt vé xe không, mình trả 200k.",1,,
,"Ai muốn mua đề tài Ứng dụng đặt lịch khám thì cọc 200k, mình gửi file sau.",1,,
,"Biết nhóm bạn mua đề tài AI phát hiện gian lận, đưa 500k mình im lặng.",1,,
,"Còn 1 slot đề tài AI phát hiện gian lận, ai nhanh tay chuyển 10 triệu.",1,,
,Thầy cô Lan yêu cầu sinh viên mua tài liệu môn Công nghệ phần mềm giá 1 triệu.,1,,
,Cảm ơn nhóm đã làm việc chăm chỉ cho đề tài Ứng dụng học tiếng Anh.,0,,
,Tìm bạn cùng làm đề tài Website đăng ký đề tài môn An toàn thông tin.,0,,
,Thầy cô Lan có yêu cầu đặc biệt gì cho đề tài Ứng dụng đặt lịch khám không?,0,,
,"Mình muốn đổi điểm đề tài Hệ thống điểm danh, ai giúp ib Facebook, hậu tạ 1 triệu.",1,,
,"Cần người tạo tài khoản ảo để vote đề tài Ứng dụng đặt lịch khám, trả 50k.",1,,
,"Bán slot đề tài Ứng dụng học tiếng Anh cho ai chưa đăng ký, giá 200k, ib Facebook.",1,,
,"Bán phao thi môn Khai phá dữ liệu, đảm bảo pass, giá 2 triệu, ib Telegram @abc.",1,,
,"Dịch vụ nâng điểm môn Thương mại điện tử, giá 50k, ai cần ib nick mess.",1,,
,"Nhóm ơi, mình đã xong phần tài liệu đề tài Hệ thống đặt vé xe.",0,,
,Mọi người cho mình feedback về ý tưởng đề tài AI phát hiện gian lận với.,0,,
,"Pass slot đề tài Ứng dụng quản lý chi tiêu, bao duyệt, giá 200k, ib Facebook.",1,,
,"Thuê làm hộ đồ án AI phát hiện gian lận, trả 10 triệu, yêu cầu không ai biết.",1,,
,"Mình đang tìm hiểu về Ứng dụng quản lý sinh viên, có ai thảo luận không?",0,,
,"Chia sẻ acc học online, giá 10 triệu, ib Facebook.",1,,
,"nhận giữ slot đề tài hệ thống thư viện, giá 100k, không cần đăng ký.",1,,
,"Nếu không chuyển 2 triệu, mình sẽ xóa đề tài AI phát hiện gian lận của bạn.",1,,
,Mọi người thấy phần demo đề tài Ứng dụng quản lý chi tiêu ổn chưa?,0,,
,"Nhóm trưởng gian lận, mình có bằng chứng, ai muốn mua im lặng ib Zalo 09xx.",1,,
,"cần hack vào hệ thống đăng ký đề tài ứng dụng quản lý chi tiêu, trả 50k.",1,,
,Mọi người cho ý kiến về database cho đề tài Ứng dụng quản lý chi tiêu với.,0,,
,"Mình nhận làm giấy xác nhận sinh viên giả, giá 200k.",1,,
,"Cần người tác động để qua môn Học máy, giá 5 triệu.",1,,
,"Xin đáp án assignment môn Công nghệ phần mềm, mình gửi 10 triệu cảm ơn.",1,,
,Ai có kinh nghiệm làm đề tài Website đăng ký đề tài chỉ mình với.,0,,
,"Biết nhóm bạn mua đề tài Ứng dụng đặt lịch khám, đưa 50k mình im lặng.",1,,
,ai có kinh nghiệm về hệ thống đặt vé xe cho mình hỏi chút.,0,,
,Mình không nhận được email xác nhận đề tài Ứng dụng quản lý sinh viên.,0,,
,"Bán tài liệu môn Nhập môn lập trình giá 5 triệu, chuyển khoản trước rồi mình gửi link tinyurl.com/....",1,,
,Mình cảm ơn mọi người đã nhắc deadline môn Nhập môn lập trình.,0,,
,"Thầy cô Phương ơi, em nộp đề tài Hệ thống đặt vé xe muộn được không ạ?",0,,
,"Tài liệu này hữu ích cho đề tài Ứng dụng học tiếng Anh, mọi người tham khảo nhé.",0,,
,"Pass slot đề tài AI phát hiện gian lận, bao duyệt, giá 200k, ib số 0987....",1,,
,Mọi người cho mình hỏi cách triển khai đề tài Website đăng ký đề tài.,0,,
,"Share đáp án đề cương môn Thương mại điện tử, ai cần vào link tinyurl.com/....",1,,
,"Bán tài liệu môn Cơ sở dữ liệu giá 10 triệu, chuyển khoản trước rồi mình gửi link docs.google.com/....",1,,
,Tống tiền: đưa 50k nếu không muốn bị đánh.,1,,
,Cảm ơn cô thầy Hùng đã giải đáp thắc mắc ạ.,0,,
,"cung cấp minh chứng ngoại khóa giả, giá 500k, link tinyurl.com/....",1,,
,Ai trong nhóm đề tài Ứng dụng đặt lịch khám thì điểm danh giúp mình.,0,,
,Có ai biết lịch bảo vệ đề tài Ứng dụng đặt lịch khám chưa?,0,,
,"ai muốn yên thân thì trả 2 triệu, ib ib riêng.",1,,
,Mọi người thấy đề tài Ứng dụng học tiếng Anh có phù hợp cho sinh viên năm 3 không?,0,,
,Mọi người cho hỏi deadline bài tập lớn môn Thương mại điện tử ạ.,0,,
,"Mình đọc paper về Ứng dụng quản lý sinh viên, thấy khá hay, mọi người tham khảo.",0,,
,"Ai cần mua đề tài Website bán hàng không? Bao trọn gói báo cáo, code, slide, giá 2 triệu.",1,,
,"Ai viết đánh giá 5 sao cho đề tài Ứng dụng đặt lịch khám không, mình trả 100k.",1,,
,"Bên mình nhận làm đề tài Web bán đồ ăn, báo cáo, slide, giá 1 triệu, ib Zalo 09xx.",1,,
,Mình góp ý về cách trình bày tài liệu môn Cơ sở dữ liệu.,0,,
,cho mình hỏi hạn nộp báo cáo môn phân tích thiết kế hệ thống với ạ.,0,,
,"pass slot đề tài ứng dụng đặt lịch khám, bao duyệt, giá 5 triệu, ib số 0987....",1,,
,Còn bao lâu nữa đến hạn nộp đề tài Hệ thống thư viện vậy?,0,,
,"Ai làm rồi cho mình xem đáp án môn Cơ sở dữ liệu với, mình trả 200k.",1,,
,Có ai biết lịch bảo vệ đề tài Hệ thống thư viện chưa?,0,,
,"Bán slot đăng ký đề tài Hệ thống đặt vé xe, ai cần ib Telegram @abc, giá 2 triệu.",1,,
,"Cần bán gấp đề tài Ứng dụng học tiếng Anh, đảm bảo qua môn, ai ib số 0987... mình gửi demo.",1,,
,"Quảng cáo: mua báo cáo Hệ thống điểm danh tặng kèm bảo vệ, giá 50k.",1,,
,"Mình có đề tài Ứng dụng quản lý sinh viên full source, chỉ cần đổi tên là nộp, giá 1 triệu.",1,,
,"Mọi người ơi, hệ thống đăng ký đề tài Web bán đồ ăn bị lỗi.",0,,
,"Dịch vụ viết thuê luận văn môn Công nghệ phần mềm, uy tín, giá 10 triệu.",1,,
,"Mình có template báo cáo đề tài Ứng dụng học tiếng Anh, ai cần ib mình.",0,,
,"Mình có đề thi và đáp án môn Thương mại điện tử, ai cần ib Telegram @abc, giá 5 triệu.",1,,
,"Mình nhận buff like, comment cho bài đăng đề tài, giá 10 triệu.",1,,
,"Nhờ thầy thầy Bình nâng điểm chuyên cần, giá 500k.",1,,
,Mình muốn hỏi về quy định trích dẫn trong báo cáo đề tài Hệ thống thư viện.,0,,
,"Cần bán gấp slot đề tài Web bán đồ ăn, giá 100k, liên hệ Zalo 09xx.",1,,
,"Mình bán script spam đăng ký đề tài, giá 200k, ib Telegram @abc.",1,,
,"Thầy thầy Bình ơi, em nộp đề tài Website bán hàng muộn được không ạ?",0,,
,Mình chia sẻ chút kinh nghiệm bảo vệ đề tài Hệ thống điểm danh.,0,,
,"cần hack vào hệ thống đăng ký đề tài ứng dụng quản lý chi tiêu, trả 2 triệu.",1,,
,Thông báo từ khoa: ai chưa đóng 5 triệu sẽ bị hủy đăng ký đề tài Website bán hàng.,1,,
,"Thanh lý đề tài Hệ thống đặt vé xe môn Nhập môn lập trình, giá 500k, tặng kèm tài liệu ôn bảo vệ.",1,,
,Còn bao lâu nữa đến hạn nộp đề tài Website đăng ký đề tài vậy?,0,,
,Mình bị mất dữ liệu đề tài AI phát hiện gian lận sau khi refresh.,0,,
,"Mọi người ơi, đề tài Ứng dụng quản lý chi tiêu môn Trí tuệ nhân tạo có khó không?",0,,
,"Mình nhận buff like, comment cho bài đăng đề tài, giá 500k.",1,,
,"mình có thể thêm tên vào nhóm đề tài website bán hàng, giá 5 triệu, không cần làm.",1,,
,"Nhận cung cấp đề tài AI phát hiện gian lận theo yêu cầu, giá 1 triệu, giao trong cuối kỳ.",1,,
,Thầy cô Mai yêu cầu sinh viên mua tài liệu môn Lập trình web giá 50k.,1,,
,"Mình bán suất thành viên nhóm đề tài Hệ thống đặt vé xe, giá 2 triệu, bao điểm.",1,,
,"cho mượn tài khoản qua môn an toàn thông tin, giá 2 triệu.",1,,
,"Mình bán tài khoản đã verify, dùng đăng ký đề tài Ứng dụng đặt lịch khám, giá 1 triệu.",1,,
,Mình cần hỏi về thủ tục xin đổi đề tài Ứng dụng quản lý sinh viên.,0,,
,"Nhóm ơi, thầy thầy Bình vừa nhắc về đề tài Hệ thống điểm danh.",0,,
,Cảm ơn mọi người đã giúp mình làm đề tài Website đăng ký đề tài.,0,,
,"Bán slot đề tài Hệ thống điểm danh cho ai chưa đăng ký, giá 50k, ib nick mess.",1,,
,Ai muốn tham gia nhóm làm đề tài Hệ thống thư viện không?,0,,
,"Nhận viết hộ báo cáo Website bán hàng, giá 5 triệu, tặng slide thuyết trình.",1,,
,"Mình bán suất thành viên nhóm đề tài Website bán hàng, giá 100k, bao điểm.",1,,
,"Hệ thống chat bị lag, mọi người có bị không?",0,,
,"Mọi người ơi, phần khó nhất của đề tài Ứng dụng học tiếng Anh là gì?",0,,
,"Pass slot đề tài Ứng dụng đặt lịch khám, bao duyệt, giá 50k, ib số 0987....",1,,
,Cần 10 triệu nếu không mình sẽ báo cô thầy Nam bạn thi hộ.,1,,
,Mọi người cho mình feedback về ý tưởng đề tài Ứng dụng học tiếng Anh với.,0,,
,Mọi người có tài liệu tham khảo cho đề tài Hệ thống đặt vé xe không?,0,,
,"Bán phần mềm làm đề tài Website bán hàng, giá 5 triệu, link bit.ly/....",1,,
,Có ai biết lịch bảo vệ đề tài Chatbot tư vấn tuyển sinh chưa?,0,,
,"Cảm ơn bạn nhiều, tài liệu rất hữu ích cho đề tài Hệ thống điểm danh.",0,,
,"Mình có thể sửa kết quả bình chọn đề tài, giá 1 triệu.",1,,
,Nhóm mình đã hoàn thành 50% đề tài AI phát hiện gian lận.,0,,
,"Mình upload tài liệu đề tài Chatbot tư vấn tuyển sinh lên drive rồi, mọi người xem nhé.",0,,
,Cho mình hỏi form đăng ký đề tài Hệ thống điểm danh ở đâu ạ?,0,,
,Mình muốn trao đổi về kiến trúc hệ thống cho đề tài AI phát hiện gian lận.,0,,
,"Chia sẻ tài khoản giảng viên thầy Bình, giá 50k, không ai biết.",1,,
,Mọi người nhớ đọc thông báo mới về đề tài Chatbot tư vấn tuyển sinh.,0,,
,"Ai giúp mình xin điểm cao môn Công nghệ phần mềm, mình trả 50k.",1,,
,"Thầy cô Phương ơi, em nộp đề tài Hệ thống thư viện muộn được không ạ?",0,,
,"đừng lo, đề tài ai phát hiện gian lận không khó nếu làm đúng quy trình.",0,,
,Đề tài Website bán hàng cần biết trước công nghệ gì ạ?,0,,
,"Thầy thầy Hùng thông báo nộp phí bảo vệ đề tài AI phát hiện gian lận, ai chưa nộp ib Facebook.",1,,
,Cho mình hỏi hạn nộp báo cáo môn Công nghệ phần mềm với ạ.,0,,
,Cho tớ hỏi hạn nộp báo cáo môn An toàn thông tin với ạ.,0,,
,Cho mình hỏi yêu cầu đề tài Website đăng ký đề tài môn Công nghệ phần mềm với ạ.,0,,
,"Tuyển cộng tác viên làm đề tài, đóng phí 10 triệu để nhận việc.",1,,
,"Tài khoản giảng viên cô Lan bị lỗi, sinh viên gửi thông tin qua link bit.ly/....",1,,
,thầy thầy nam có yêu cầu đặc biệt gì cho đề tài ứng dụng quản lý chi tiêu không?,0,,
,"mình muốn đăng ký đề tài hệ thống đặt vé xe, cần chuẩn bị gì ạ?",0,,
,"Ai cần mua đề tài Ứng dụng học tiếng Anh không? Bao trọn gói báo cáo, code, slide, giá 2 triệu.",1,,
,"Nhóm ơi, thầy cô Mai vừa nhắc về đề tài Hệ thống đặt vé xe.",0,,
,Mọi người nhớ họp nhóm môn Học máy đúng giờ nha.,0,,
,"Mình đang kêu gọi ủng hộ đề tài Website bán hàng, ai chuyển 200k qua Zalo 09xx nhé.",1,,
,"mình tạo nhóm chat cho đề tài hệ thống điểm danh rồi, mọi người vào nhé.",0,,
,mình cần hỏi về thủ tục xin đổi đề tài hệ thống điểm danh.,0,,
,Tống tiền: đưa 2 triệu nếu không muốn bị đánh.,1,,
,"Ai có thể sửa điểm trên hệ thống môn Nhập môn lập trình không, trả 1 triệu.",1,,
,"Ai quen cô cô Mai không, xin nâng điểm môn Nhập môn lập trình, mình trả 10 triệu.",1,,
,"Nhận viết review chéo cho nhóm, giá 500k, ib Zalo 09xx.",1,,
,"Chia sẻ tài khoản giảng viên cô Lan, giá 2 triệu, không ai biết.",1,,
,Cho mình hỏi yêu cầu đề tài AI phát hiện gian lận môn Nhập môn lập trình với ạ.,0,,
,Hệ thống đăng ký đề tài Web bán đồ ăn mở đến ngày mai đúng không?,0,,
,Đề tài Ứng dụng quản lý sinh viên của thầy cô Mai có còn slot không mọi người?,0,,
,"Mọi người ơi, quy chế thi môn Lập trình web thế nào?",0,,
,"Nếu không chuyển 10 triệu, mình sẽ xóa đề tài Chatbot tư vấn tuyển sinh của bạn.",1,,
,Cảm ơn bạn đã gửi tài liệu môn Phân tích thiết kế hệ thống cho mình.,0,,
,Thảo luận chút: đề tài Ứng dụng đặt lịch khám nên làm web hay mobile?,0,,
,"Mình đọc paper về Ứng dụng học tiếng Anh, thấy khá hay, mọi người tham khảo.",0,,
,"Ai giúp mình xin điểm cao môn Phân tích thiết kế hệ thống, mình trả 5 triệu.",1,,
,"Bán tài khoản học tập môn Nhập môn lập trình, giá 2 triệu, ib Facebook.",1,,
,Chốt lịch họp nhóm cuối kỳ nha mọi người.,0,,
,Mình cần xác nhận đăng ký đề tài AI phát hiện gian lận với thầy cô Lan.,0,,
,"theo mình, phần kết luận cần rõ ràng hơn.",0,,
,"Cho mượn tài khoản qua môn Nhập môn lập trình, giá 5 triệu.",1,,
,"Mình biết lỗ hổng web trường, có thể đổi điểm, ib ib riêng.",1,,
,"Nick này là giảng viên cô Lan, ai muốn nâng điểm ib số 0987..., giá 1 triệu.",1,,
,"Ai biết cách hack tài khoản trường không, chỉ mình với, trả 200k.",1,,
,Ai chưa vào nhóm đề tài Hệ thống đặt vé xe thì báo mình.,0,,
,"Mình đang phân vân giữa Hệ thống đặt vé xe và đề tài khác, mọi người tư vấn giúp.",0,,
,"Mình muốn đổi đề tài Website đăng ký đề tài, cần làm gì ạ?",0,,
,"Ai cần tài khoản trường để đăng ký đề tài Website bán hàng không, mình cho thuê 5 triệu.",1,,
,Thông báo từ khoa: ai chưa đóng 10 triệu sẽ bị hủy đăng ký đề tài Ứng dụng quản lý chi tiêu.,1,,
,Mình muốn trao đổi về kiến trúc hệ thống cho đề tài Ứng dụng quản lý sinh viên.,0,,
,Mình cần góp ý cho phần demo đề tài Hệ thống thư viện.,0,,
,"Cung cấp minh chứng ngoại khóa giả, giá 100k, link tinyurl.com/....",1,,
,"Quảng cáo: mua báo cáo Website đăng ký đề tài tặng kèm bảo vệ, giá 50k.",1,,
,"Cần bán gấp slot đề tài Hệ thống đặt vé xe, giá 1 triệu, liên hệ nick mess.",1,,
,deadline đăng ký đề tài ứng dụng đặt lịch khám còn không mọi người?,0,,
,"Ai muốn yên thân thì trả 500k, ib ib riêng.",1,,
,Ai có kinh nghiệm về Website bán hàng muốn join nhóm không?,0,,
,Mình muốn hỏi về quy định trích dẫn trong báo cáo đề tài Ứng dụng quản lý chi tiêu.,0,,
,"Bán quyền truy cập hệ thống đề tài, giá 2 triệu, link drive.google.com/....",1,,
,Thầy thầy Bình gia hạn deadline môn Học máy chưa?,0,,
,"Ai cần tài khoản trường để đăng ký đề tài Website đăng ký đề tài không, mình cho thuê 200k.",1,,
,Chốt lịch họp nhóm tối nay nha mọi người.,0,,
,Tống tiền: đưa 1 triệu nếu không muốn bị đánh.,1,,
,"dịch vụ viết thuê luận văn môn phân tích thiết kế hệ thống, uy tín, giá 10 triệu.",1,,
,Thầy thầy Nam đã duyệt đề tài Chatbot tư vấn tuyển sinh cho mình chưa?,0,,
,Ai chưa làm phần của mình thì báo để mình hỗ trợ.,0,,
,"Cần gấp tiền làm đề tài Chatbot tư vấn tuyển sinh, ai cho vay 200k tớ trả gấp đôi.",1,,
,"ai cần tài khoản trường để đăng ký đề tài web bán đồ ăn không, mình cho thuê 500k.",1,,
,"Mình có tài liệu môn Cơ sở dữ liệu, ai cần mình share link bit.ly/....",0,,
,Cô cô Lan nhắn riêng: đóng 5 triệu để được duyệt đề tài AI phát hiện gian lận.,1,,
,Ai muốn vào nhóm làm đề tài Website đăng ký đề tài mà không cần đóng góp thì trả 2 triệu.,1,,
,Trường tớ có quy định gì về đăng ký đề tài Ứng dụng đặt lịch khám không?,0,,
,"Đừng lo, đề tài Web bán đồ ăn không khó nếu làm đúng quy trình.",0,,
,"Cần người làm hộ đề tài Ứng dụng học tiếng Anh, mình trả 5 triệu, ai nhận ib số 0987....",1,,
,"Mình biết bạn mua đáp án môn Học máy, trả 200k để mình không nói.",1,,
,Có ai biết quy định xin gia hạn deadline môn Phân tích thiết kế hệ thống không?,0,,
,"Mình đang phân vân giữa Ứng dụng quản lý chi tiêu và đề tài khác, mọi người tư vấn giúp.",0,,
,mình cần hỏi về thủ tục xin đổi đề tài hệ thống điểm danh.,0,,
,"mình có tool lấy mật khẩu sinh viên, ai cần ib ib riêng, giá 5 triệu.",1,,
,Chia sẻ với mọi người cách mình quản lý thời gian làm đề tài Hệ thống điểm danh.,0,,
,"Mình có template báo cáo đề tài Hệ thống thư viện, ai cần ib mình.",0,,
,"Cần hack vào hệ thống đăng ký đề tài Web bán đồ ăn, trả 5 triệu.",1,,
,"Không đăng nhập được vào trang đăng ký đề tài, ai giúp với.",0,,
,Mọi người cho mình xin tài liệu ôn thi môn Học máy với ạ.,0,,
,"Ai muốn mua đề tài Website bán hàng môn Công nghệ phần mềm thì liên hệ Facebook, giá 5 triệu.",1,,
,"mình có bằng chứng bạn hack tài khoản, trả 2 triệu đi.",1,,
,Cảm ơn mọi người đã giúp mình làm đề tài Website bán hàng.,0,,
,"Làm hộ báo cáo Website bán hàng môn An toàn thông tin, chỉ 200k, giao đúng hạn.",1,,
,"Biết nhóm bạn mua đề tài Hệ thống thư viện, đưa 50k mình im lặng.",1,,
,"Nếu không chuyển 10 triệu, mình sẽ xóa đề tài AI phát hiện gian lận của bạn.",1,,
,"Ai cần giấy khen giả để xét học bổng, ib số 0987..., giá 10 triệu.",1,,
,"Cần người đứng tên nhóm môn Phân tích thiết kế hệ thống, trả 500k, ib Telegram @abc.",1,,
,"Ai viết đánh giá 5 sao cho đề tài Hệ thống đặt vé xe không, mình trả 100k.",1,,
,"Nhóm mình có người làm hộ, ai muốn tham gia trả 200k.",1,,
,Thông báo họp nhóm môn Nhập môn lập trình vào tối nay.,0,,
,"Thuê làm hộ đồ án Hệ thống thư viện, trả 50k, yêu cầu không ai biết.",1,,
,"Mình là admin hệ thống, cần xác nhận tài khoản để duyệt đề tài, ib Zalo 09xx.",1,,
,"Mình đang phân vân giữa Ứng dụng quản lý chi tiêu và đề tài khác, mọi người tư vấn giúp.",0,,
,"Ai cần làm hộ bài tập lớn Website đăng ký đề tài không? Mình làm từ A-Z, giá 200k.",1,,
,"Mọi người ơi, deadline đề tài Ứng dụng quản lý chi tiêu là khi nào vậy?",0,,
,Mọi người cho ý kiến về database cho đề tài Ứng dụng học tiếng Anh với.,0,,
,Cô thầy Hùng nhắn riêng: đóng 10 triệu để được duyệt đề tài Hệ thống điểm danh.,1,,
,"Ai có thể sửa điểm trên hệ thống môn Thương mại điện tử không, trả 10 triệu.",1,,
,"Mình có nhiều tài khoản ảo, ai cần đăng ký đề tài ib Telegram @abc.",1,,
,"Mình có đề thi và đáp án môn Thương mại điện tử, ai cần ib nick mess, giá 1 triệu.",1,,
,"Mọi người ơi, mình đã cập nhật file đề tài Ứng dụng quản lý sinh viên lên drive.",0,,
,"Bán suất đăng ký đề tài Ứng dụng quản lý sinh viên cho khóa dưới, giá 500k.",1,,
,Ai cùng đăng ký đề tài Ứng dụng đặt lịch khám với mình không?,0,,
,ai biết thông tin về đề tài ứng dụng quản lý chi tiêu không? cho mình hỏi với.,0,,
,Chia sẻ với mọi người cách mình quản lý thời gian làm đề tài Hệ thống điểm danh.,0,,
,"Bán suất đăng ký đề tài Ứng dụng quản lý chi tiêu cho khóa dưới, giá 50k.",1,,
,Mọi người thấy đề tài Hệ thống đặt vé xe có phù hợp cho sinh viên năm 3 không?,0,,
,"Mình gửi link meeting vào thứ 6 này, mọi người tham gia nhé.",0,,
,"Mọi người ơi, nhóm mình cần thêm 1 thành viên nghiêm túc.",0,,
,"Mình có bằng chứng bạn hack tài khoản, trả 5 triệu đi.",1,,
,"Mình muốn đăng ký đề tài Ứng dụng học tiếng Anh, cần chuẩn bị gì ạ?",0,,
,"Bán quyền đăng ký đề tài AI phát hiện gian lận môn Trí tuệ nhân tạo, giá 1 triệu.",1,,
,"Cô thầy Nam không kiểm tra đâu, ai muốn vào nhóm cho có thì trả 10 triệu.",1,,
,"Biết nhóm bạn mua đề tài Ứng dụng quản lý sinh viên, đưa 50k mình im lặng.",1,,
,"Nhận giữ slot đề tài AI phát hiện gian lận, giá 50k, không cần đăng ký.",1,,
,"Cần mua đánh giá tốt cho giảng viên thầy Hùng, giá 2 triệu.",1,,
,"Cần người đứng tên nhóm môn An toàn thông tin, trả 50k, ib ib riêng.",1,,
,"Mình có thể thêm tên vào nhóm đề tài AI phát hiện gian lận, giá 5 triệu, không cần làm.",1,,
,"Cô thầy Bình không kiểm tra đâu, ai muốn vào nhóm cho có thì trả 5 triệu.",1,,
,"nhận đăng ký đề tài hộ, giá 2 triệu, ib zalo 09xx.",1,,
,"Cần giấy bác sĩ giả để xin hoãn thi môn Công nghệ phần mềm, trả 500k.",1,,
,"cho thuê tài khoản để thi hộ, giá 1 triệu, bao qua môn.",1,,
,Chia sẻ với mọi người cách mình quản lý thời gian làm đề tài Hệ thống đặt vé xe.,0,,
,"Cần người đứng tên nhóm môn Phân tích thiết kế hệ thống, trả 200k, ib nick mess.",1,,
,"ai có đáp án đề thi môn nhập môn lập trình không, cho tớ xin, tớ trả 50k.",1,,
,Cảm ơn cô cô Mai đã giải đáp thắc mắc ạ.,0,,
,"Mình gửi link meeting vào tối nay, mọi người tham gia nhé.",0,,
,thông báo: nhóm đề tài ứng dụng học tiếng anh nộp báo cáo trước trước deadline nhé.,0,,
,Thông báo: nhóm đề tài Chatbot tư vấn tuyển sinh nộp báo cáo trước tuần sau nhé.,0,,
,bạn thử tham khảo thêm nguồn này cho đề tài ứng dụng học tiếng anh nhé.,0,,
,Cho mình hỏi yêu cầu đề tài Website bán hàng môn Phân tích thiết kế hệ thống với ạ.,0,,
,Hạn bảo vệ đề tài Ứng dụng học tiếng Anh là trước deadline đúng không?,0,,
,"Nhóm ơi, thầy cô Lan vừa nhắc về đề tài Web bán đồ ăn.",0,,
,"Mình có đề thi và đáp án môn Phân tích thiết kế hệ thống, ai cần ib số 0987..., giá 500k.",1,,
,"mình cần nâng điểm bảo vệ đề tài hệ thống đặt vé xe, giá 100k.",1,,
,"Mọi người ơi, deadline đề tài Ứng dụng đặt lịch khám là khi nào vậy?",0,,
,Ai có sách tham khảo môn Trí tuệ nhân tạo cho mình mượn với.,0,,
,"Cần bán gấp đề tài Hệ thống thư viện, đảm bảo qua môn, ai ib ib riêng mình gửi demo.",1,,
,"Cần người tạo tài khoản ảo để vote đề tài Ứng dụng quản lý chi tiêu, trả 200k.",1,,
,cảm ơn mọi người đã giúp mình làm đề tài ứng dụng đặt lịch khám.,0,,
,ai biết cách đăng ký đề tài website bán hàng trên hệ thống không?,0,,
,"Mình giữ slot đề tài Ứng dụng đặt lịch khám môn Học máy, pass lại giá 5 triệu.",1,,
,"Mình có nhiều tài khoản ảo, ai cần đăng ký đề tài ib Zalo 09xx.",1,,
,"Nhận làm hộ đồ án Ứng dụng học tiếng Anh môn Nhập môn lập trình, bao bảo vệ, giá 1 triệu. Ib số 0987....",1,,
,Mọi người hướng dẫn giúp mình cách làm đề tài Web bán đồ ăn với.,0,,
,"cho mượn tài khoản qua môn phân tích thiết kế hệ thống, giá 1 triệu.",1,,
,"Dịch vụ tăng lượt tương tác cho đề tài Ứng dụng quản lý sinh viên, giá 5 triệu.",1,,
,Ai có kinh nghiệm làm đề tài Ứng dụng học tiếng Anh chỉ mình với.,0,,
,"Nếu không trả 5 triệu, tớ sẽ tố cáo nhóm cậu gian lận đề tài Ứng dụng học tiếng Anh.",1,,
,"Nhóm mình nhận làm hộ đồ án Hệ thống đặt vé xe cho sinh viên, giá 5 triệu, deadline tuần sau.",1,,
,"Ai giúp mình xin điểm cao môn An toàn thông tin, mình trả 10 triệu.",1,,
,"Ai muốn mua đề tài AI phát hiện gian lận môn Phân tích thiết kế hệ thống thì liên hệ số 0987..., giá 10 triệu.",1,,
,Cho mình hỏi cách viết báo cáo đề tài Web bán đồ ăn với ạ.,0,,
,"Cho thuê tài khoản để thi hộ, giá 50k, bao qua môn.",1,,
,"Mình muốn đăng ký đề tài Hệ thống thư viện, cần chuẩn bị gì ạ?",0,,
,"Thuê người vote cho nhóm mình trong cuộc thi Ứng dụng quản lý sinh viên, giá 10 triệu.",1,,
,"Chia sẻ acc học online, giá 1 triệu, ib Telegram @abc.",1,,
,"Share đáp án đề cương môn Trí tuệ nhân tạo, ai cần vào link docs.google.com/....",1,,
,"Mọi người ơi, quy chế thi môn Nhập môn lập trình thế nào?",0,,
,"mình nhận buff like, comment cho bài đăng đề tài, giá 5 triệu.",1,,
,Đề tài Website đăng ký đề tài của thầy cô Lan có còn slot không mọi người?,0,,
,Ai có sách tham khảo môn Lập trình web cho mình mượn với.,0,,
,Mình bị mất dữ liệu đề tài Ứng dụng quản lý sinh viên sau khi refresh.,0,,
,"Làm hộ giấy xác nhận khó khăn, giá 2 triệu, liên hệ Telegram @abc.",1,,
,Mọi người cho mình hỏi quy định về tài liệu tham khảo với.,0,,
,Kinh nghiệm của mình là chọn đề tài Ứng dụng quản lý chi tiêu nên tập trung vào demo.,0,,
,Mọi người nghĩ đề tài Website đăng ký đề tài nên dùng công nghệ gì?,0,,
,Mọi người đánh giá thế nào về hướng tiếp cận của đề tài Ứng dụng học tiếng Anh?,0,,
,Tống tiền: đưa 100k nếu không muốn bị đánh.,1,,
,"Mình đã pass đề tài Website bán hàng, ai cần hỏi gì cứ hỏi nhé.",0,,
,"Mình có slot nội bộ đề tài Website bán hàng, giá 50k, ai cần ib.",1,,
,"mình có bằng chứng bạn hack tài khoản, trả 500k đi.",1,,
,Ai chưa vào nhóm đề tài Hệ thống đặt vé xe thì báo mình.,0,,
,"Nhóm mình đã chốt đề tài Website đăng ký đề tài, mọi người xem qua nhé.",0,,
,"ai muốn chiếm slot đề tài hệ thống thư viện thì mình hack giúp, giá 200k.",1,,
,Mình nghĩ nhóm nên chia task lại cho hợp lý hơn.,0,,
,"Nhận đăng ký đề tài hộ, giá 5 triệu, ib số 0987....",1,,
,"Chia sẻ tài khoản giảng viên thầy Nam, giá 50k, không ai biết.",1,,
,"Dịch vụ xâm nhập tài khoản giảng viên cô Phương, giá 200k.",1,,
,"Mọi người ơi, nhóm mình cần thêm 1 thành viên nghiêm túc.",0,,
,Thầy thầy Hùng đã duyệt đề tài Ứng dụng đặt lịch khám cho mình chưa?,0,,
,"Mọi người ơi, hệ thống đăng ký đề tài Chatbot tư vấn tuyển sinh bị lỗi.",0,,
,"mình đọc paper về ứng dụng học tiếng anh, thấy khá hay, mọi người tham khảo.",0,,
,Đề tài Hệ thống đặt vé xe của thầy thầy Hùng có còn slot không mọi người?,0,,
,Mọi người cho mình xin tài liệu ôn thi môn Cơ sở dữ liệu với ạ.,0,,
,Ai biết cách đăng ký đề tài Hệ thống điểm danh trên hệ thống không?,0,,
,Ai có kinh nghiệm về Web bán đồ ăn cho tớ hỏi chút.,0,,
,"Nhóm mình thiếu người, ai rảnh tham gia đề tài Hệ thống điểm danh nhé.",0,,
,Deadline đăng ký đề tài Hệ thống đặt vé xe còn không mọi người?,0,,
,"Mình là trợ giảng môn Học máy, có thể sửa điểm, ai cần ib nick mess, giá 100k.",1,,
,Ai từng làm đề tài Web bán đồ ăn rồi cho mình xin review.,0,,
,Mình có chút góp ý cho phần mở đầu báo cáo.,0,,
,Mọi người nghĩ đề tài Hệ thống đặt vé xe nên dùng công nghệ gì?,0,,
,"mọi người ơi, đề tài ứng dụng quản lý chi tiêu môn cơ sở dữ liệu có khó không?",0,,
,"Thầy cô Phương ơi, em nộp đề tài Hệ thống thư viện muộn được không ạ?",0,,
,"mình có thể tạo minh chứng nộp báo cáo ứng dụng học tiếng anh, giá 1 triệu.",1,,
,Cảm ơn mọi người đã giúp mình làm đề tài Web bán đồ ăn.,0,,
,"Mình có sẵn đề tài AI phát hiện gian lận đã bảo vệ, pass cô Phương, chỉ 2 triệu, không cần làm gì.",1,,
,"Cô thầy Bình không kiểm tra đâu, ai muốn vào nhóm cho có thì trả 10 triệu.",1,,
,"cần người tác động để qua môn cơ sở dữ liệu, giá 100k.",1,,
,"Cần tài liệu về Hệ thống thư viện, ai có gửi giúp tớ.",0,,
,"Thầy thầy Bình thông báo nộp phí bảo vệ đề tài Ứng dụng quản lý chi tiêu, ai chưa nộp ib ib riêng.",1,,
,"Bán minh chứng tham gia đề tài Hệ thống thư viện, giá 50k, ib Telegram @abc.",1,,
,"Mình có sẵn đề tài Website đăng ký đề tài đã bảo vệ, pass cô Mai, chỉ 50k, không cần làm gì.",1,,
,"Còn 1 slot đề tài Website bán hàng, ai nhanh tay chuyển 100k.",1,,
,Ai muốn dùng tài khoản mình để nộp bài thì trả 50k.,1,,
,Mọi người có tài liệu tham khảo cho đề tài Ứng dụng học tiếng Anh không?,0,,
,"Mọi người ơi, hệ thống đăng ký đề tài Hệ thống điểm danh bị lỗi.",0,,
,"Mình đang kêu gọi ủng hộ đề tài Hệ thống điểm danh, ai chuyển 5 triệu qua Facebook nhé.",1,,
,Cảm ơn mọi người đã giúp mình làm đề tài Ứng dụng đặt lịch khám.,0,,
,"cảm ơn mọi người, mình đã hoàn thành đề tài web bán đồ ăn rồi.",0,,
,"Cho mượn tài khoản qua môn Khai phá dữ liệu, giá 50k.",1,,
,Mình cần tìm 1 bạn làm phần frontend cho đề tài Ứng dụng quản lý chi tiêu.,0,,
,"Dịch vụ xâm nhập tài khoản giảng viên cô Mai, giá 1 triệu.",1,,
,Mình không nhận được email xác nhận đề tài Web bán đồ ăn.,0,,
,Tiến độ đề tài AI phát hiện gian lận đến đâu rồi mọi người?,0,,
,"Nhận cung cấp đề tài Hệ thống đặt vé xe theo yêu cầu, giá 50k, giao trong cuối kỳ.",1,,
,"Mình có đề tài AI phát hiện gian lận full source, chỉ cần đổi tên là nộp, giá 500k.",1,,
,"Kêu gọi quyên góp cho lớp, ai chuyển 10 triệu mình ghi nhận điểm rèn luyện.",1,,
,"Thuê người vote cho nhóm mình trong cuộc thi Hệ thống điểm danh, giá 500k.",1,,
,Cho mình hỏi form đăng ký đề tài Hệ thống điểm danh ở đâu ạ?,0,,
,"Cần bán gấp slot đề tài Chatbot tư vấn tuyển sinh, giá 50k, liên hệ Facebook.",1,,
,Mình cảm ơn mọi người đã nhắc deadline môn Nhập môn lập trình.,0,,
,Mọi người nhớ họp nhóm môn Thương mại điện tử đúng giờ nha.,0,,
,"Làm hộ giấy xác nhận khó khăn, giá 2 triệu, liên hệ ib riêng.",1,,
,"Bán đề tài Web bán đồ ăn môn Phân tích thiết kế hệ thống, có full báo cáo và slide, giá 2 triệu. Ai cần ib nick mess.",1,,
,mình góp ý về cách trình bày tài liệu môn khai phá dữ liệu.,0,,
,Mọi người cho mình hỏi cách triển khai đề tài AI phát hiện gian lận.,0,,
,Cho mình hỏi cách viết báo cáo đề tài AI phát hiện gian lận với ạ.,0,,
,"Mình đang tìm hiểu về Website bán hàng, có ai thảo luận không?",0,,
,"cần gấp tiền làm đề tài website đăng ký đề tài, ai cho vay 100k tớ trả gấp đôi.",1,,
,"Nhận làm hồ sơ xin hoãn deadline đề tài, giá 100k.",1,,
,"Bên tớ nhận làm đề tài Ứng dụng học tiếng Anh, báo cáo, slide, giá 1 triệu, ib Zalo 09xx.",1,,
,"bán quyền đăng ký đề tài hệ thống đặt vé xe môn học máy, giá 2 triệu.",1,,
,Có ai biết lịch bảo vệ đề tài Website bán hàng chưa?,0,,
,"ai muốn xóa log gian lận thì liên hệ nick mess, giá 500k.",1,,
,"Cần chạy điểm môn Nhập môn lập trình, ai làm được ib Zalo 09xx, giá 10 triệu.",1,,
,"Dịch vụ làm hộ đồ án Hệ thống đặt vé xe, cam kết qua môn, không qua hoàn tiền.",1,,
,mình cần tìm 1 bạn làm phần frontend cho đề tài hệ thống đặt vé xe.,0,,
,"Mình có thể tạo minh chứng nộp báo cáo Ứng dụng đặt lịch khám, giá 50k.",1,,
,"Nhận đăng ký đề tài hộ, giá 2 triệu, ib Facebook.",1,,
,Mình muốn trao đổi về kiến trúc hệ thống cho đề tài Chatbot tư vấn tuyển sinh.,0,,
,Cảm ơn thầy cô Mai đã hướng dẫn em đề tài Web bán đồ ăn.,0,,
,hẹn mọi người thứ 6 này online để chia task đề tài website đăng ký đề tài.,0,,
,Mọi người cập nhật tiến độ đề tài Web bán đồ ăn cho mình nhé.,0,,
,Mọi người cập nhật tiến độ đề tài Ứng dụng đặt lịch khám cho mình nhé.,0,,
,Tìm cậu cùng làm đề tài Website bán hàng môn Lập trình web.,0,,
,"cần người tác động để qua môn thương mại điện tử, giá 2 triệu.",1,,
,"Cô cô Phương nhờ thu tiền lớp, ai nộp 50k thì qua môn Phân tích thiết kế hệ thống.",1,,
,"Ai muốn mua đề tài Web bán đồ ăn môn Công nghệ phần mềm thì liên hệ số 0987..., giá 500k.",1,,
,"Hệ thống chat bị lag, mọi người có bị không?",0,,
,"Nick này là giảng viên thầy Nam, ai muốn nâng điểm ib ib riêng, giá 1 triệu.",1,,
,Thầy thầy Hùng gia hạn deadline môn Lập trình web chưa?,0,,
,"Mình tạo nhóm chat cho đề tài Website đăng ký đề tài rồi, mọi người vào nhé.",0,,
,"Mình gửi link meeting vào trước deadline, mọi người tham gia nhé.",0,,
,Mọi người nhớ họp nhóm môn Trí tuệ nhân tạo đúng giờ nha.,0,,
,Quy định bảo vệ đề tài Hệ thống điểm danh gồm những gì ạ?,0,,
,"cần mua đánh giá tốt cho giảng viên cô mai, giá 100k.",1,,
,Mình cần hỏi về thủ tục xin đổi đề tài Hệ thống đặt vé xe.,0,,
,"Hệ thống chat bị lag, mọi người có bị không?",0,,
,Mọi người cho ý kiến về database cho đề tài Ứng dụng đặt lịch khám với.,0,,
,"Khóa học làm đề tài Hệ thống đặt vé xe giá 2 triệu, đăng ký ngay tại tinyurl.com/....",1,,
,"tuyển cộng tác viên làm đề tài, đóng phí 10 triệu để nhận việc.",1,,
,"Ai cần mua đề tài Hệ thống thư viện không? Bao trọn gói báo cáo, code, slide, giá 200k.",1,,
,"Pass slot đề tài Ứng dụng học tiếng Anh, bao duyệt, giá 50k, ib ib riêng.",1,,
,"Nhận xử lý deadline Hệ thống thư viện, giá 100k, giao trong cuối kỳ.",1,,
,"Mình là trợ giảng môn Phân tích thiết kế hệ thống, có thể sửa điểm, ai cần ib Zalo 09xx, giá 200k.",1,,
,chốt lịch họp nhóm cuối kỳ nha mọi người.,0,,
,"Mọi người ơi, deadline đề tài AI phát hiện gian lận là khi nào vậy?",0,,
,Ai muốn tham gia nhóm làm đề tài Ứng dụng quản lý sinh viên không?,0,,
,ai muốn tham gia nhóm làm đề tài website bán hàng không?,0,,
,"cung cấp minh chứng ngoại khóa giả, giá 10 triệu, link bit.ly/....",1,,
,"Dịch vụ tăng lượt tương tác cho đề tài Web bán đồ ăn, giá 100k.",1,,
,góp ý nhẹ: slide thuyết trình nên ngắn gọn hơn.,0,,
,tiến độ đề tài website đăng ký đề tài đến đâu rồi mọi người?,0,,
,"Cô cô Phương không kiểm tra đâu, ai muốn vào nhóm cho có thì trả 10 triệu.",1,,
,"Nhận xử lý deadline Ứng dụng học tiếng Anh, giá 2 triệu, giao trong ngày mai.",1,,
,Có ai biết lịch bảo vệ đề tài Web bán đồ ăn chưa?,0,,
,Mình muốn trao đổi về kiến trúc hệ thống cho đề tài Website bán hàng.,0,,
,Ai có sách tham khảo môn Học máy cho tớ mượn với.,0,,
,"ai muốn yên thân thì trả 100k, ib ib riêng.",1,,
,Ai có kinh nghiệm về Hệ thống điểm danh cho mình hỏi chút.,0,,
,"Mọi người ơi, deadline đề tài Chatbot tư vấn tuyển sinh là khi nào vậy?",0,,
,Quy định bảo vệ đề tài Website bán hàng gồm những gì ạ?,0,,
,"Bán đề tài Ứng dụng đặt lịch khám môn Học máy, có full báo cáo và slide, giá 100k. Ai cần ib Facebook.",1,,
,Cảm ơn thầy cô Lan đã hướng dẫn em đề tài Ứng dụng quản lý sinh viên.,0,,
,"ai muốn mua đề tài hệ thống điểm danh môn nhập môn lập trình thì liên hệ telegram @abc, giá 1 triệu.",1,,
,"Cần người tác động để qua môn Trí tuệ nhân tạo, giá 50k.",1,,
,Góp ý nhẹ: slide thuyết trình nên ngắn gọn hơn.,0,,
,Cảm ơn cô thầy Nam đã giải đáp thắc mắc ạ.,0,,
,Ai biết cách sửa lỗi upload file đề tài Hệ thống thư viện không?,0,,
,"Tuyển cộng tác viên làm đề tài, đóng phí 50k để nhận việc.",1,,
,"Mình nhận chạy điểm nhóm môn Lập trình web, ai cần ib nick mess, giá 5 triệu.",1,,
,"share cho mọi người slide môn cơ sở dữ liệu nhé, link tinyurl.com/....",0,,
,"Mình muốn đăng ký đề tài Ứng dụng quản lý chi tiêu, mọi người cho mình hỏi thủ tục.",0,,
,"Xin đáp án assignment môn Lập trình web, mình gửi 100k cảm ơn.",1,,
,"Ai muốn xóa log gian lận thì liên hệ Telegram @abc, giá 50k.",1,,
,"mình có tool lấy mật khẩu sinh viên, ai cần ib ib riêng, giá 200k.",1,,
,"Nếu không trả 500k, mình sẽ tố cáo nhóm bạn gian lận đề tài Hệ thống điểm danh.",1,,
,"làm đề tài ứng dụng đặt lịch khám cần kiên nhẫn, đừng để sát deadline.",0,,
,"mình có đề tài ứng dụng đặt lịch khám full source, chỉ cần đổi tên là nộp, giá 2 triệu.",1,,
,Mọi người có tài liệu tham khảo cho đề tài Ứng dụng quản lý chi tiêu không?,0,,
,Tống tiền: đưa 2 triệu nếu không muốn bị đánh.,1,,
,Thông báo họp nhóm môn Trí tuệ nhân tạo vào trước deadline.,0,,
,"cần người ứng tiền làm đồ án website bán hàng, hứa trả 200k, ib zalo 09xx.",1,,
,Mọi người cho ý kiến về database cho đề tài AI phát hiện gian lận với.,0,,
,"Nhóm mình đã chốt đề tài Website đăng ký đề tài, mọi người xem qua nhé.",0,,
,"Nick này là giảng viên cô Lan, ai muốn nâng điểm ib Facebook, giá 2 triệu.",1,,
,Ai có kinh nghiệm về Hệ thống đặt vé xe cho tớ hỏi chút.,0,,
,ai biết thông tin về đề tài ứng dụng đặt lịch khám không? cho mình hỏi với.,0,,
,"bán phao thi môn khai phá dữ liệu, đảm bảo pass, giá 200k, ib nick mess.",1,,
,"Cô cô Lan yêu cầu đóng 2 triệu để chấm lại điểm, chuyển khoản gấp.",1,,
,Cảm ơn nhóm đã làm việc chăm chỉ cho đề tài Hệ thống thư viện.,0,,
,"Mình đọc paper về Website bán hàng, thấy khá hay, mọi người tham khảo.",0,,
,Tìm cậu cùng làm đề tài Hệ thống thư viện môn Khai phá dữ liệu.,0,,
,bạn nào muốn làm đề tài website đăng ký đề tài với mình thì ib nhé.,0,,
,"Bán phao thi môn Khai phá dữ liệu, đảm bảo pass, giá 2 triệu, ib Telegram @abc.",1,,
,Ai cùng đăng ký đề tài Hệ thống điểm danh với mình không?,0,,
,Ai biết cách đăng ký đề tài Hệ thống đặt vé xe trên hệ thống không?,0,,
,"Mình có đề tài Hệ thống điểm danh full source, chỉ cần đổi tên là nộp, giá 500k.",1,,
,"Ai biết cách hack tài khoản trường không, chỉ mình với, trả 500k.",1,,
,"Ai làm rồi cho mình xem đáp án môn Khai phá dữ liệu với, mình trả 50k.",1,,
,Mọi người cho tớ hỏi cách triển khai đề tài Website bán hàng.,0,,
,"Ai có đáp án đề thi môn Nhập môn lập trình không, cho mình xin, mình trả 2 triệu.",1,,
,Ai muốn vào nhóm làm đề tài Web bán đồ ăn mà không cần đóng góp thì trả 500k.,1,,
,cho mình hỏi cách viết báo cáo đề tài ứng dụng quản lý chi tiêu với ạ.,0,,
,"Có cách nào qua môn Khai phá dữ liệu không, cần đáp án gấp, giá 200k.",1,,
,Ai chưa vào nhóm đề tài Hệ thống đặt vé xe thì báo mình.,0,,
,Còn bao lâu nữa đến hạn nộp đề tài Ứng dụng đặt lịch khám vậy?,0,,
,"Bán tài liệu môn Thương mại điện tử giá 100k, chuyển khoản trước rồi mình gửi link bit.ly/....",1,,
,"Mình đang tìm hiểu về Chatbot tư vấn tuyển sinh, có ai thảo luận không?",0,,
,"Bên mình nhận làm đề tài Website bán hàng, báo cáo, slide, giá 50k, ib ib riêng.",1,,
,"Còn 1 slot đề tài Hệ thống thư viện, ai nhanh tay chuyển 1 triệu.",1,,
,"Ai quen cô thầy Bình không, xin nâng điểm môn Thương mại điện tử, mình trả 1 triệu.",1,,
,"Bán minh chứng tham gia đề tài Chatbot tư vấn tuyển sinh, giá 100k, ib số 0987....",1,,
,"Mọi người ơi, mình đã cập nhật file đề tài Hệ thống thư viện lên drive.",0,,
,Nhóm tớ đã hoàn thành 50% đề tài Website đăng ký đề tài.,0,,
,Cảm ơn thầy thầy Nam đã hướng dẫn em đề tài Web bán đồ ăn.,0,,
,"Nếu không trả 1 triệu, mình sẽ tố cáo nhóm bạn gian lận đề tài Website bán hàng.",1,,
,"Mình có sẵn đề tài Chatbot tư vấn tuyển sinh đã bảo vệ, pass cô Lan, chỉ 100k, không cần làm gì.",1,,
,Cho mình hỏi yêu cầu đề tài Ứng dụng quản lý chi tiêu môn Lập trình web với ạ.,0,,
,"Share đáp án đề cương môn Khai phá dữ liệu, ai cần vào link drive.google.com/....",1,,
,"Cần tài liệu về Ứng dụng quản lý chi tiêu, ai có gửi giúp mình.",0,,
,"Cần người hack link docs.google.com/... để lấy đề thi môn Thương mại điện tử, trả 50k.",1,,
,ai biết thông tin về đề tài ứng dụng quản lý sinh viên không? cho mình hỏi với.,0,,
,"Mình muốn lập nhóm làm đề tài Hệ thống đặt vé xe, ai cùng chí hướng.",0,,
,"Bán biên lai đóng tiền đề tài giả, giá 200k.",1,,
,"Ai muốn nhóm mình đánh giá cao thì chuyển 200k, ib Telegram @abc.",1,,
,"Link này nhận học bổng 2 triệu, sinh viên nhập thông tin tài khoản để nhận.",1,,
,"Làm giả chữ ký giảng viên thầy Bình, giá 500k.",1,,
,"Mình cần nâng điểm bảo vệ đề tài Hệ thống đặt vé xe, giá 200k.",1,,
,"Mình gửi link meeting vào cuối kỳ, mọi người tham gia nhé.",0,,
,"Ai viết đánh giá 5 sao cho đề tài Chatbot tư vấn tuyển sinh không, mình trả 200k.",1,,
,"Cần người đứng tên nhóm môn Cơ sở dữ liệu, trả 500k, ib Facebook.",1,,
,"Mình nhận buff like, comment cho bài đăng đề tài, giá 5 triệu.",1,,
,"Mọi người ơi, đề tài Chatbot tư vấn tuyển sinh môn Nhập môn lập trình có khó không?",0,,
,Deadline đăng ký đề tài Chatbot tư vấn tuyển sinh còn không mọi người?,0,,
,"Mình có thể tạo minh chứng nộp báo cáo Web bán đồ ăn, giá 500k.",1,,
,"Nhờ người quen trong khoa sửa điểm, giá 2 triệu.",1,,
,"ai quen cô cô phương không, xin nâng điểm môn công nghệ phần mềm, mình trả 2 triệu.",1,,
,"Mình có thể sửa kết quả bình chọn đề tài, giá 10 triệu.",1,,
,"Nếu không trả 1 triệu, tớ sẽ tố cáo nhóm cậu gian lận đề tài Hệ thống điểm danh.",1,,
,"Ai muốn mua đề tài Ứng dụng đặt lịch khám môn Phân tích thiết kế hệ thống thì liên hệ Zalo 09xx, giá 200k.",1,,
,"cần tài liệu về website đăng ký đề tài, ai có gửi giúp mình.",0,,
,"Ai cần tài khoản trường để đăng ký đề tài Website đăng ký đề tài không, mình cho thuê 5 triệu.",1,,
,Mọi người nhớ họp nhóm môn Khai phá dữ liệu đúng giờ nha.,0,,
,Ai muốn tham gia nhóm làm đề tài Web bán đồ ăn không?,0,,
,Mọi người đánh giá thế nào về hướng tiếp cận của đề tài Website bán hàng?,0,,
,Mọi người hướng dẫn giúp mình cách làm đề tài Chatbot tư vấn tuyển sinh với.,0,,
,"Khóa học làm đề tài Hệ thống đặt vé xe giá 500k, đăng ký ngay tại drive.google.com/....",1,,
,"Cần hack vào hệ thống đăng ký đề tài Website đăng ký đề tài, trả 10 triệu.",1,,
,"Khóa học làm đề tài Hệ thống điểm danh giá 5 triệu, đăng ký ngay tại drive.google.com/....",1,,
,"Ai muốn xóa log gian lận thì liên hệ ib riêng, giá 500k.",1,,
,Ai biết thông tin về đề tài Chatbot tư vấn tuyển sinh không? Cho mình hỏi với.,0,,
,Mọi người hướng dẫn giúp mình cách làm đề tài Website bán hàng với.,0,,
,"Còn 1 slot đề tài Ứng dụng quản lý chi tiêu, ai nhanh tay chuyển 10 triệu.",1,,
,"Mình nhận làm giấy xác nhận sinh viên giả, giá 2 triệu.",1,,
,Hẹn mọi người ngày mai online để chia task đề tài Website đăng ký đề tài.,0,,
,"mình có ảnh nhạy cảm của bạn, chuyển 500k nếu không muốn bị phát tán.",1,,
,"Share cho mọi người slide môn Lập trình web nhé, link drive.google.com/....",0,,
,"Kêu gọi quyên góp cho lớp, ai chuyển 10 triệu mình ghi nhận điểm rèn luyện.",1,,
,quy định về số thành viên nhóm đề tài ai phát hiện gian lận là bao nhiêu?,0,,
,"Mình là sinh viên khó khăn, cần 500k để đóng phí bảo vệ, ib nick mess.",1,,
,"Chuyển 1 triệu nhanh, không mình gửi đơn tố cáo lên khoa.",1,,
,"mình gửi link meeting vào tuần sau, mọi người tham gia nhé.",0,,
,"Mình nhận làm giấy xác nhận sinh viên giả, giá 1 triệu.",1,,
,"nhóm mình đang tuyển thành viên, không yêu cầu quá cao.",0,,
,"Cho thuê tài khoản để thi hộ, giá 100k, bao qua môn.",1,,
,Thông báo từ khoa: ai chưa đóng 50k sẽ bị hủy đăng ký đề tài Ứng dụng quản lý sinh viên.,1,,
,"Cần người làm hộ đề tài Website bán hàng, tớ trả 50k, ai nhận ib số 0987....",1,,
,"Nhóm trưởng gian lận, mình có bằng chứng, ai muốn mua im lặng ib nick mess.",1,,
,Mọi người đánh giá thế nào về hướng tiếp cận của đề tài Ứng dụng học tiếng Anh?,0,,
,"Hệ thống chat bị lag, mọi người có bị không?",0,,
,"Cần bán gấp slot đề tài Web bán đồ ăn, giá 100k, liên hệ nick mess.",1,,
,"Dịch vụ xâm nhập tài khoản giảng viên thầy Bình, giá 500k.",1,,
,Mình cần tìm 1 bạn làm phần frontend cho đề tài Hệ thống điểm danh.,0,,
,"Đừng lo, đề tài Website bán hàng không khó nếu làm đúng quy trình.",0,,
,Chúng ta cần tăng tốc vì deadline đề tài Ứng dụng học tiếng Anh gần rồi.,0,,
,"Theo mọi người, thuật toán nào phù hợp cho đề tài Ứng dụng đặt lịch khám?",0,,
,"Làm đề tài Hệ thống đặt vé xe cần kiên nhẫn, đừng để sát deadline.",0,,
,Thầy cô Phương gia hạn deadline môn An toàn thông tin chưa?,0,,
,Bạn thử tham khảo thêm nguồn này cho đề tài Website bán hàng nhé.,0,,
,"Mình nhận làm hộ toàn bộ đề tài Ứng dụng đặt lịch khám, bao sửa đến khi bảo vệ xong.",1,,
,Ai biết thông tin về đề tài Ứng dụng học tiếng Anh không? Cho mình hỏi với.,0,,
,"mình vừa tìm được paper về hệ thống đặt vé xe, ai cần không?",0,,
,"Cô cô Mai nhờ thu tiền lớp, ai nộp 2 triệu thì qua môn Công nghệ phần mềm.",1,,
,Thầy cô Phương gia hạn deadline môn Nhập môn lập trình chưa?,0,,
,Cho mình hỏi quy định nộp báo cáo đề tài Ứng dụng học tiếng Anh với ạ.,0,,
,"Mình đang tìm hiểu về Website đăng ký đề tài, có ai thảo luận không?",0,,
,"Nhóm mình đã chốt đề tài Hệ thống điểm danh, mọi người xem qua nhé.",0,,
,"Nhận đăng ký đề tài hộ, giá 5 triệu, ib ib riêng.",1,,
,ai có sách tham khảo môn học máy cho mình mượn với.,0,,
,Ai chưa nộp phần của mình cho đề tài Ứng dụng học tiếng Anh thì gửi gấp.,0,,
,Mọi người cho mình hỏi quy định về tài liệu tham khảo với.,0,,
,"mọi người ơi, hệ thống đăng ký đề tài website bán hàng bị lỗi.",0,,
,"làm hộ báo cáo ứng dụng quản lý chi tiêu môn nhập môn lập trình, chỉ 10 triệu, giao đúng hạn.",1,,
,Mình cảm ơn nhóm đã hỗ trợ trong đề tài Hệ thống điểm danh.,0,,
,"Mình từng làm đề tài Ứng dụng quản lý chi tiêu, mọi người nên bắt đầu sớm.",0,,
,Ai chưa làm phần của tớ thì báo để tớ hỗ trợ.,0,,
,"nhóm ơi, mình cập nhật tiến độ đề tài chatbot tư vấn tuyển sinh vào tối nay nhé.",0,,
,"Tài khoản giảng viên thầy Bình bị lỗi, sinh viên gửi thông tin qua link drive.google.com/....",1,,
,"Nhờ thầy cô Lan nâng điểm chuyên cần, giá 50k.",1,,
,"Không đăng nhập được vào trang đăng ký đề tài, ai giúp với.",0,,
,thầy thầy hùng có yêu cầu đặc biệt gì cho đề tài hệ thống thư viện không?,0,,
,Đề tài Website bán hàng cần biết trước công nghệ gì ạ?,0,,
,Cho mình hỏi hạn nộp báo cáo môn Lập trình web với ạ.,0,,
,"Mình còn phần báo cáo chưa xong, ai giúp được không?",0,,
,"mình là admin hệ thống, cần xác nhận tài khoản để duyệt đề tài, ib telegram @abc.",1,,
,cảm ơn nhóm đã làm việc chăm chỉ cho đề tài website bán hàng.,0,,
,Cảm ơn mọi người đã giúp mình làm đề tài Ứng dụng đặt lịch khám.,0,,
,"nhờ người quen trong khoa sửa điểm, giá 100k.",1,,
,"Chia sẻ tài khoản giảng viên thầy Nam, giá 2 triệu, không ai biết.",1,,
,"Xin đáp án assignment môn Phân tích thiết kế hệ thống, mình gửi 2 triệu cảm ơn.",1,,
,"Ai cần giấy khen giả để xét học bổng, ib Facebook, giá 1 triệu.",1,,
,"Nhờ người quen trong khoa sửa điểm, giá 500k.",1,,
,"Pass slot đề tài Website đăng ký đề tài, bao duyệt, giá 5 triệu, ib Telegram @abc.",1,,
,"Mình là admin hệ thống, cần xác nhận tài khoản để duyệt đề tài, ib ib riêng.",1,,
,"Mình có bằng chứng bạn hack tài khoản, trả 10 triệu đi.",1,,
,ai cùng đăng ký đề tài hệ thống đặt vé xe với mình không?,0,,
,"Đừng lo, đề tài Hệ thống thư viện không khó nếu làm đúng quy trình.",0,,
,"Ai biết cách hack tài khoản trường không, chỉ tớ với, trả 100k.",1,,
,"Cô thầy Nam yêu cầu đóng 50k để chấm lại điểm, chuyển khoản gấp.",1,,
,mọi người nhớ cập nhật task trên trello nhé.,0,,
,Nhóm mình đang tìm thêm thành viên cho đề tài AI phát hiện gian lận.,0,,
,Bạn nào muốn làm đề tài AI phát hiện gian lận với tớ thì ib nhé.,0,,
,"Làm giả chữ ký giảng viên thầy Hùng, giá 50k.",1,,
,"Làm hộ báo cáo AI phát hiện gian lận môn Phân tích thiết kế hệ thống, chỉ 100k, giao đúng hạn.",1,,
,"mình nhận chạy điểm nhóm môn thương mại điện tử, ai cần ib nick mess, giá 10 triệu.",1,,
,"Mình nhận buff like, comment cho bài đăng đề tài, giá 500k.",1,,
,"Nhóm ơi, mình đã xong phần tài liệu đề tài AI phát hiện gian lận.",0,,
,Mình cần hỏi về thủ tục xin đổi đề tài Hệ thống đặt vé xe.,0,,
,"nhóm mình thiếu người, ai rảnh tham gia đề tài web bán đồ ăn nhé.",0,,
,mọi người cho mình xin tài liệu ôn thi môn phân tích thiết kế hệ thống với ạ.,0,,
,"nhóm ơi, mình cập nhật tiến độ đề tài hệ thống điểm danh vào tối nay nhé.",0,,
,"Ai cần tài khoản trường để đăng ký đề tài Web bán đồ ăn không, mình cho thuê 100k.",1,,
,"Nhận viết review chéo cho nhóm, giá 500k, ib số 0987....",1,,
,Ai từng làm đề tài Hệ thống đặt vé xe rồi cho mình xin review.,0,,
,Chốt lịch họp nhóm trước deadline nha mọi người.,0,,
,"Bán minh chứng tham gia đề tài Web bán đồ ăn, giá 50k, ib ib riêng.",1,,
,Cần 500k nếu không mình sẽ báo cô cô Phương bạn thi hộ.,1,,
,"Biết nhóm bạn mua đề tài AI phát hiện gian lận, đưa 1 triệu mình im lặng.",1,,
,"Bán đáp án thi cuối kỳ môn Nhập môn lập trình, giá 50k, ib số 0987....",1,,
,"Có cách nào qua môn Trí tuệ nhân tạo không, cần đáp án gấp, giá 500k.",1,,
,"Ai có thể sửa điểm trên hệ thống môn Nhập môn lập trình không, trả 100k.",1,,
,"Mình có template báo cáo đề tài Chatbot tư vấn tuyển sinh, ai cần ib mình.",0,,
,"Dịch vụ tăng lượt tương tác cho đề tài Hệ thống đặt vé xe, giá 5 triệu.",1,,
,Mình rút ra được nhiều bài học khi làm đề tài Ứng dụng đặt lịch khám.,0,,
,"Cần người làm hộ đề tài Ứng dụng học tiếng Anh, mình trả 5 triệu, ai nhận ib ib riêng.",1,,
,Tống tiền: đưa 200k nếu không muốn bị đánh.,1,,
,"Tài khoản giảng viên thầy Bình bị lỗi, sinh viên gửi thông tin qua link drive.google.com/....",1,,
,"Ai làm rồi cho mình xem đáp án môn Trí tuệ nhân tạo với, mình trả 200k.",1,,
,"Cảm ơn mọi người, mình đã hoàn thành đề tài Website đăng ký đề tài rồi.",0,,
,Mình cần hướng dẫn sử dụng công cụ cho đề tài Web bán đồ ăn.,0,,
,"Góp ý tích cực: bài của bạn đã tốt, chỉ cần chỉnh format.",0,,
,Mình đã tạo form điểm danh nhóm đề tài Web bán đồ ăn.,0,,
,Cảm ơn mọi người đã góp ý cho bài báo cáo của mình.,0,,
,"Nhận giữ slot đề tài Ứng dụng quản lý chi tiêu, giá 1 triệu, không cần đăng ký.",1,,
,"bán tool spam đánh giá môn thương mại điện tử, giá 50k.",1,,
,Bạn thử tham khảo thêm nguồn này cho đề tài AI phát hiện gian lận nhé.,0,,
,Trang web báo lỗi khi mình đăng ký đề tài Chatbot tư vấn tuyển sinh.,0,,
,"Nhận giữ slot đề tài Hệ thống thư viện, giá 5 triệu, không cần đăng ký.",1,,
,"Cần đáp án bài kiểm tra Học máy, ai có share mình với, hậu tạ 2 triệu.",1,,
,"Bán quyền đăng ký đề tài Chatbot tư vấn tuyển sinh môn Trí tuệ nhân tạo, giá 5 triệu.",1,,
,Mình cần hướng dẫn sử dụng công cụ cho đề tài Hệ thống đặt vé xe.,0,,
,"Ai biết cách hack tài khoản trường không, chỉ mình với, trả 50k.",1,,
,"nick này là giảng viên thầy nam, ai muốn nâng điểm ib telegram @abc, giá 200k.",1,,
,Thầy thầy Hùng yêu cầu sinh viên mua tài liệu môn Nhập môn lập trình giá 1 triệu.,1,,
,"bán minh chứng tham gia đề tài chatbot tư vấn tuyển sinh, giá 500k, ib zalo 09xx.",1,,
,"Tài khoản giảng viên cô Mai bị lỗi, sinh viên gửi thông tin qua link drive.google.com/....",1,,
,"Mình không nộp được báo cáo môn Công nghệ phần mềm, ai kiểm tra giúp.",0,,
,"ai cần giấy khen giả để xét học bổng, ib nick mess, giá 200k.",1,,
,thông báo: nhóm đề tài ứng dụng quản lý sinh viên nộp báo cáo trước cuối kỳ nhé.,0,,
,"Bên mình nhận làm đề tài Website bán hàng, báo cáo, slide, giá 100k, ib số 0987....",1,,
,Có ai biết lịch bảo vệ đề tài Ứng dụng học tiếng Anh chưa?,0,,
,"ai quen cô cô mai không, xin nâng điểm môn cơ sở dữ liệu, mình trả 50k.",1,,
,"Cho mượn tài khoản qua môn Phân tích thiết kế hệ thống, giá 200k.",1,,
,"còn 1 slot đề tài hệ thống điểm danh, ai nhanh tay chuyển 5 triệu.",1,,
,"mọi người ơi, quy chế thi môn thương mại điện tử thế nào?",0,,
,"quảng cáo: mua báo cáo ai phát hiện gian lận tặng kèm bảo vệ, giá 5 triệu.",1,,
,Tìm bạn cùng làm đề tài Ứng dụng quản lý chi tiêu môn Công nghệ phần mềm.,0,,
,"Còn 1 slot đề tài Website đăng ký đề tài, ai nhanh tay chuyển 5 triệu.",1,,
,"Mình giữ slot đề tài Ứng dụng quản lý chi tiêu môn Khai phá dữ liệu, pass lại giá 5 triệu.",1,,
,"Dịch vụ nâng điểm môn Trí tuệ nhân tạo, giá 500k, ai cần ib nick mess.",1,,
,"Mình có thể thêm tên vào nhóm đề tài Hệ thống thư viện, giá 200k, không cần làm.",1,,
,"Mình có nguồn đề thi môn An toàn thông tin, chỉ cần trả 10 triệu qua Facebook.",1,,
,"Mình là admin hệ thống, cần xác nhận tài khoản để duyệt đề tài, ib Facebook.",1,,
,Mọi người nên tham khảo nhiều nguồn cho đề tài Ứng dụng đặt lịch khám.,0,,
,"Nhận viết review chéo cho nhóm, giá 50k, ib ib riêng.",1,,
,Mình bị mất dữ liệu đề tài Website đăng ký đề tài sau khi refresh.,0,,
,"thuê làm hộ đồ án ứng dụng quản lý sinh viên, trả 2 triệu, yêu cầu không ai biết.",1,,
,"Mình biết lỗ hổng web trường, có thể đổi điểm, ib Zalo 09xx.",1,,
,"Ai cần tài khoản trường để đăng ký đề tài Website đăng ký đề tài không, mình cho thuê 5 triệu.",1,,
,"Mình biết lỗ hổng web trường, có thể đổi điểm, ib nick mess.",1,,
,"Bán tài liệu môn Phân tích thiết kế hệ thống giá 100k, chuyển khoản trước rồi tớ gửi link bit.ly/....",1,,
,Nhóm mình đã hoàn thành 50% đề tài Website đăng ký đề tài.,0,,
,"pass lại đề tài ứng dụng học tiếng anh cho khóa dưới, bao bảo vệ, giá 50k.",1,,
,"mình bán suất thành viên nhóm đề tài website bán hàng, giá 2 triệu, bao điểm.",1,,
,"Mọi người rảnh tuần sau không, tớ bàn đề tài Hệ thống điểm danh.",0,,
,"Mình từng làm đề tài Ứng dụng quản lý chi tiêu, mọi người nên bắt đầu sớm.",0,,
,"Ai chưa có đề tài, tớ bán slot Website đăng ký đề tài, giá 100k.",1,,
,"Mình muốn lập nhóm làm đề tài Website bán hàng, ai cùng chí hướng.",0,,
,Mọi người thấy đề tài Website đăng ký đề tài có phù hợp cho sinh viên năm 3 không?,0,,
,đề tài ứng dụng học tiếng anh cần biết trước công nghệ gì ạ?,0,,
,Bạn nào muốn làm đề tài Web bán đồ ăn với mình thì ib nhé.,0,,
,"Mình có đề thi và đáp án môn Thương mại điện tử, ai cần ib Zalo 09xx, giá 200k.",1,,
,"Mình biết lỗ hổng web trường, có thể đổi điểm, ib Zalo 09xx.",1,,
,"Cần chạy điểm môn Khai phá dữ liệu, ai làm được ib ib riêng, giá 500k.",1,,
,"Nhận làm hồ sơ xin hoãn deadline đề tài, giá 5 triệu.",1,,
,Góp ý nhẹ: slide thuyết trình nên ngắn gọn hơn.,0,,
,Ai có kinh nghiệm về Hệ thống đặt vé xe muốn join nhóm không?,0,,
,Mình góp ý về cách trình bày tài liệu môn An toàn thông tin.,0,,
,"mình bán tài khoản đã verify, dùng đăng ký đề tài website đăng ký đề tài, giá 500k.",1,,
,"cần người tác động để qua môn thương mại điện tử, giá 50k.",1,,
,Mình rút ra được nhiều bài học khi làm đề tài Ứng dụng quản lý chi tiêu.,0,,
,"Mình có sẵn đề tài AI phát hiện gian lận đã bảo vệ, pass thầy Hùng, chỉ 10 triệu, không cần làm gì.",1,,
,Mọi người thấy phần demo đề tài Hệ thống điểm danh ổn chưa?,0,,
,Ai có sách tham khảo môn Học máy cho mình mượn với.,0,,
,"Ai có thể sửa điểm trên hệ thống môn Trí tuệ nhân tạo không, trả 200k.",1,,
,Tiến độ đề tài Hệ thống điểm danh đến đâu rồi mọi người?,0,,
,"Ai muốn mua đề tài Ứng dụng đặt lịch khám môn An toàn thông tin thì liên hệ ib riêng, giá 100k.",1,,
,"Mình cần nâng điểm bảo vệ đề tài Website đăng ký đề tài, giá 50k.",1,,
,"Ai muốn yên thân thì trả 2 triệu, ib số 0987....",1,,
,Mọi người thấy phần demo đề tài Ứng dụng quản lý sinh viên ổn chưa?,0,,
,"Hệ thống chat bị lag, mọi người có bị không?",0,,
,Cô cô Phương có thể gợi ý tài liệu cho đề tài Hệ thống đặt vé xe không ạ?,0,,
,"Mình đọc paper về Hệ thống đặt vé xe, thấy khá hay, mọi người tham khảo.",0,,
,"Chia sẻ tài khoản giảng viên cô Phương, giá 50k, không ai biết.",1,,
,Mọi người nên tham khảo nhiều nguồn cho đề tài Ứng dụng quản lý chi tiêu.,0,,
,Chia sẻ với mọi người cách mình quản lý thời gian làm đề tài Ứng dụng học tiếng Anh.,0,,
,"Mình biết lỗ hổng web trường, có thể đổi điểm, ib Zalo 09xx.",1,,
,Ai muốn tham gia nhóm làm đề tài Web bán đồ ăn không?,0,,
,"Đừng lo, đề tài Hệ thống điểm danh không khó nếu làm đúng quy trình.",0,,
,Mọi người cho ý kiến về database cho đề tài Hệ thống đặt vé xe với.,0,,
,Mình cần hướng dẫn sử dụng công cụ cho đề tài Website bán hàng.,0,,
,Ai từng làm đề tài Ứng dụng học tiếng Anh rồi cho mình xin review.,0,,
,"khóa học làm đề tài ứng dụng quản lý chi tiêu giá 50k, đăng ký ngay tại drive.google.com/....",1,,
,"Bán quyền truy cập hệ thống đề tài, giá 2 triệu, link bit.ly/....",1,,
,Ai chưa vào nhóm đề tài Hệ thống đặt vé xe thì báo tớ.,0,,
,"Bán phần mềm làm đề tài Ứng dụng quản lý chi tiêu, giá 50k, link docs.google.com/....",1,,
,Ai có kinh nghiệm về Ứng dụng học tiếng Anh cho mình hỏi chút.,0,,
,"Mình bán script spam đăng ký đề tài, giá 10 triệu, ib số 0987....",1,,
,Ai cùng đăng ký đề tài Ứng dụng quản lý chi tiêu với mình không?,0,,
,"Mình có ảnh nhạy cảm của bạn, chuyển 200k nếu không muốn bị phát tán.",1,,
,"Mình cần nâng điểm bảo vệ đề tài Ứng dụng quản lý chi tiêu, giá 2 triệu.",1,,
,Ai biết cách sửa lỗi upload file đề tài Website đăng ký đề tài không?,0,,
,Có ai biết quy định xin gia hạn deadline môn Công nghệ phần mềm không?,0,,
,"Nhận làm hồ sơ xin hoãn deadline đề tài, giá 1 triệu.",1,,
,"Share đáp án đề cương môn Nhập môn lập trình, ai cần vào link docs.google.com/....",1,,
,Mình đã đăng ký đề tài Hệ thống đặt vé xe thành công rồi mọi người.,0,,
,"Nhận viết hộ báo cáo Hệ thống thư viện, giá 500k, tặng slide thuyết trình.",1,,
,"Có cách nào qua môn Công nghệ phần mềm không, cần đáp án gấp, giá 200k.",1,,
,Mọi người thấy phần demo đề tài Hệ thống thư viện ổn chưa?,0,,
,"Mình có slot nội bộ đề tài Ứng dụng quản lý chi tiêu, giá 10 triệu, ai cần ib.",1,,
,Ai muốn vào nhóm làm đề tài Ứng dụng đặt lịch khám mà không cần đóng góp thì trả 500k.,1,,
,Kinh nghiệm làm đề tài Ứng dụng học tiếng Anh là chia nhỏ task ra nhé.,0,,
,cậu thử tham khảo thêm nguồn này cho đề tài web bán đồ ăn nhé.,0,,
,"Thầy thầy Bình ơi, em nộp đề tài Ứng dụng quản lý chi tiêu muộn được không ạ?",0,,
,"Mình bán tài khoản đã verify, dùng đăng ký đề tài AI phát hiện gian lận, giá 500k.",1,,
,"Cần người làm hộ đề tài Hệ thống điểm danh, mình trả 100k, ai nhận ib Facebook.",1,,
,Chúng ta cần tăng tốc vì deadline đề tài Chatbot tư vấn tuyển sinh gần rồi.,0,,
,"Link này nhận học bổng 10 triệu, sinh viên nhập thông tin tài khoản để nhận.",1,,
,"bán suất đăng ký đề tài chatbot tư vấn tuyển sinh cho khóa dưới, giá 50k.",1,,
,"Mình không nộp được báo cáo môn Phân tích thiết kế hệ thống, ai kiểm tra giúp.",0,,
,"mình gửi link tài liệu đề tài ứng dụng học tiếng anh, mọi người kiểm tra nhé.",0,,
,Kinh nghiệm làm đề tài Hệ thống điểm danh là chia nhỏ task ra nhé.,0,,
,"Link này nhận học bổng 500k, sinh viên nhập thông tin tài khoản để nhận.",1,,
,mọi người cho ý kiến về database cho đề tài hệ thống điểm danh với.,0,,
,"Nhóm mình có người làm hộ, ai muốn tham gia trả 1 triệu.",1,,
,"Nhận cung cấp đề tài Hệ thống thư viện theo yêu cầu, giá 100k, giao trong cuối kỳ.",1,,
,cảm ơn mọi người đã giúp mình làm đề tài ai phát hiện gian lận.,0,,
,"Không đăng nhập được vào trang đăng ký đề tài, ai giúp với.",0,,
,"Ai cần làm hộ bài tập lớn Website bán hàng không? Mình làm từ A-Z, giá 50k.",1,,
,"Cô thầy Nam không kiểm tra đâu, ai muốn vào nhóm cho có thì trả 200k.",1,,
,"Cần gấp tiền làm đề tài Website đăng ký đề tài, ai cho vay 10 triệu mình trả gấp đôi.",1,,
,"Bán slot đề tài AI phát hiện gian lận cho ai chưa đăng ký, giá 10 triệu, ib Zalo 09xx.",1,,
,Mọi người nghĩ đề tài Website đăng ký đề tài nên dùng công nghệ gì?,0,,
,"Cung cấp minh chứng ngoại khóa giả, giá 500k, link tinyurl.com/....",1,,
,"Ai làm rồi cho mình xem đáp án môn Trí tuệ nhân tạo với, mình trả 500k.",1,,
,Thảo luận chút: đề tài Website đăng ký đề tài nên làm web hay mobile?,0,,
,Thông báo: nhóm đề tài Ứng dụng quản lý sinh viên nộp báo cáo trước tối nay nhé.,0,,
,Cho mình hỏi cách viết báo cáo đề tài Hệ thống thư viện với ạ.,0,,
,"Cần chạy điểm môn Thương mại điện tử, ai làm được ib số 0987..., giá 10 triệu.",1,,
,"Mình không nộp được báo cáo môn Học máy, ai kiểm tra giúp.",0,,
,"Mình vừa tìm được paper về Website đăng ký đề tài, ai cần không?",0,,
,"Bán tool spam đánh giá môn An toàn thông tin, giá 2 triệu.",1,,
,"Mình đọc paper về Ứng dụng quản lý chi tiêu, thấy khá hay, mọi người tham khảo.",0,,
,"Mình có bằng chứng bạn hack tài khoản, trả 2 triệu đi.",1,,
,"mình có template báo cáo đề tài ứng dụng học tiếng anh, ai cần ib mình.",0,,
,còn bao lâu nữa đến hạn nộp đề tài hệ thống thư viện vậy?,0,,
,Mọi người có tài liệu tham khảo cho đề tài Web bán đồ ăn không?,0,,
,Mọi người nghĩ đề tài Ứng dụng quản lý chi tiêu nên dùng công nghệ gì?,0,,
,Cho mình hỏi yêu cầu đề tài Hệ thống đặt vé xe môn Học máy với ạ.,0,,
,Chia sẻ với mọi người cách mình quản lý thời gian làm đề tài Website bán hàng.,0,,
,Đề tài Chatbot tư vấn tuyển sinh cần biết trước công nghệ gì ạ?,0,,
,"Ai cần giải hộ code đề tài Ứng dụng quản lý chi tiêu không? Giá 10 triệu, ib Zalo 09xx.",1,,
,"Bán suất đăng ký đề tài Web bán đồ ăn cho khóa dưới, giá 2 triệu.",1,,
,"Mình quên deadline nộp slide đề tài Hệ thống đặt vé xe, ai nhắc với.",0,,
,"Mình có bằng chứng bạn hack tài khoản, trả 500k đi.",1,,
,"dịch vụ làm hộ đồ án ứng dụng quản lý chi tiêu, cam kết qua môn, không qua hoàn tiền.",1,,
,"Mình từng làm đề tài Chatbot tư vấn tuyển sinh, mọi người nên bắt đầu sớm.",0,,
,"Mình quên deadline nộp slide đề tài Chatbot tư vấn tuyển sinh, ai nhắc với.",0,,
,"Cần tài liệu về Hệ thống điểm danh, ai có gửi giúp mình.",0,,
,"Mọi người ơi, deadline đề tài Website đăng ký đề tài là khi nào vậy?",0,,
,"Nhận làm hồ sơ xin hoãn deadline đề tài, giá 200k.",1,,
,Thầy cô Mai yêu cầu sinh viên mua tài liệu môn Thương mại điện tử giá 200k.,1,,
,"Bán quyền đăng ký đề tài Website bán hàng môn Phân tích thiết kế hệ thống, giá 50k.",1,,
,cảm ơn mọi người đã góp ý cho bài báo cáo của mình.,0,,
,"Ai muốn chiếm slot đề tài Hệ thống đặt vé xe thì tớ hack giúp, giá 50k.",1,,
,Mọi người nghĩ đề tài AI phát hiện gian lận nên dùng công nghệ gì?,0,,
,Chốt lịch họp nhóm cuối kỳ nha mọi người.,0,,
,"Làm đề tài Hệ thống đặt vé xe cần kiên nhẫn, đừng để sát deadline.",0,,
,"Bán tài khoản học tập môn Cơ sở dữ liệu, giá 10 triệu, ib Zalo 09xx.",1,,
,"Mình bán script spam đăng ký đề tài, giá 10 triệu, ib Facebook.",1,,
,Mình rút ra được nhiều bài học khi làm đề tài Ứng dụng quản lý chi tiêu.,0,,
,Cảm ơn thầy cô Lan đã hướng dẫn em đề tài Web bán đồ ăn.,0,,
,"Cô thầy Bình không kiểm tra đâu, ai muốn vào nhóm cho có thì trả 2 triệu.",1,,
,"Cần chạy điểm môn Học máy, ai làm được ib số 0987..., giá 200k.",1,,
,Thầy thầy Nam yêu cầu sinh viên mua tài liệu môn Cơ sở dữ liệu giá 50k.,1,,
,"ai muốn xóa log gian lận thì liên hệ số 0987..., giá 2 triệu.",1,,
,"Nhóm mình đang tuyển thành viên, không yêu cầu quá cao.",0,,
,cô thầy nam có thể gợi ý tài liệu cho đề tài hệ thống đặt vé xe không ạ?,0,,
,"Bên tớ nhận làm đề tài Ứng dụng đặt lịch khám, báo cáo, slide, giá 100k, ib số 0987....",1,,
,"Mình quên deadline nộp slide đề tài Web bán đồ ăn, ai nhắc với.",0,,
,Ai biết lịch nộp báo cáo đề tài Hệ thống đặt vé xe không?,0,,
,Ai chưa nộp phần của mình cho đề tài Website bán hàng thì gửi gấp.,0,,
,"Pass slot đề tài Website bán hàng, bao duyệt, giá 200k, ib Zalo 09xx.",1,,
,Mọi người nhớ đọc thông báo mới về đề tài Hệ thống điểm danh.,0,,
,"Ai cần mua đề tài Web bán đồ ăn không? Bao trọn gói báo cáo, code, slide, giá 50k.",1,,
,"Làm hộ giấy xác nhận khó khăn, giá 50k, liên hệ Facebook.",1,,
,"Cần người ứng tiền làm đồ án Chatbot tư vấn tuyển sinh, hứa trả 2 triệu, ib nick mess.",1,,
,"Bên tớ nhận làm đề tài Hệ thống thư viện, báo cáo, slide, giá 1 triệu, ib Facebook.",1,,
,Có ai biết quy định xin gia hạn deadline môn An toàn thông tin không?,0,,
,Mình cần hỏi về thủ tục xin đổi đề tài Ứng dụng quản lý chi tiêu.,0,,
,"Nhóm mình thiếu người, ai vào nhóm chỉ cần nộp tiền 10 triệu, không cần làm gì.",1,,
,"Mình có sẵn đề tài Hệ thống điểm danh đã bảo vệ, pass cô Lan, chỉ 10 triệu, không cần làm gì.",1,,
,Thông báo họp nhóm môn Học máy vào tuần sau.,0,,
,"Quảng cáo: mua báo cáo Hệ thống điểm danh tặng kèm bảo vệ, giá 5 triệu.",1,,
,"Nhận giữ slot đề tài Hệ thống điểm danh, giá 10 triệu, không cần đăng ký.",1,,
,"Nhóm ơi, mình đã xong phần tài liệu đề tài Chatbot tư vấn tuyển sinh.",0,,
,Mọi người thấy phần demo đề tài Hệ thống thư viện ổn chưa?,0,,
,"Ai viết đánh giá 5 sao cho đề tài Ứng dụng quản lý chi tiêu không, mình trả 1 triệu.",1,,
,"Mình upload tài liệu đề tài Website đăng ký đề tài lên drive rồi, mọi người xem nhé.",0,,
,Mình rút ra được nhiều bài học khi làm đề tài Web bán đồ ăn.,0,,
,"Nhóm mình có người làm hộ, ai muốn tham gia trả 500k.",1,,
,mình muốn trao đổi về kiến trúc hệ thống cho đề tài chatbot tư vấn tuyển sinh.,0,,
,Mọi người nhớ cập nhật task trên trello nhé.,0,,
,"Mọi người rảnh tuần sau không, mình bàn đề tài Chatbot tư vấn tuyển sinh.",0,,
,Mọi người cho mình feedback về ý tưởng đề tài Web bán đồ ăn với.,0,,
,"Pass slot đề tài Website đăng ký đề tài, bao duyệt, giá 500k, ib Facebook.",1,,
,"Pass slot đề tài Ứng dụng đặt lịch khám, bao duyệt, giá 200k, ib Facebook.",1,,
,cảm ơn cô thầy nam đã giải đáp thắc mắc ạ.,0,,
,"Khóa học làm đề tài Chatbot tư vấn tuyển sinh giá 200k, đăng ký ngay tại tinyurl.com/....",1,,
,"Mình muốn đăng ký đề tài Ứng dụng quản lý chi tiêu, cần chuẩn bị gì ạ?",0,,
,"xin đáp án assignment môn khai phá dữ liệu, mình gửi 5 triệu cảm ơn.",1,,
,"cảm ơn mọi người, tớ đã hoàn thành đề tài ứng dụng quản lý chi tiêu rồi.",0,,
,"Dịch vụ nâng điểm môn Phân tích thiết kế hệ thống, giá 10 triệu, ai cần ib ib riêng.",1,,
,"Nhờ người quen trong khoa sửa điểm, giá 10 triệu.",1,,
,"Mình nhận chạy điểm nhóm môn An toàn thông tin, ai cần ib Telegram @abc, giá 100k.",1,,
,"Cần người hack link drive.google.com/... để lấy đề thi môn Trí tuệ nhân tạo, trả 50k.",1,,
,"Mình muốn đổi đề tài Ứng dụng quản lý chi tiêu, cần làm gì ạ?",0,,
,"nhờ người quen trong khoa sửa điểm, giá 2 triệu.",1,,
,"Dịch vụ tăng lượt tương tác cho đề tài Hệ thống đặt vé xe, giá 10 triệu.",1,,
,"Ai muốn chiếm slot đề tài Website bán hàng thì mình hack giúp, giá 1 triệu.",1,,
,"Cần mua đánh giá tốt cho giảng viên cô Phương, giá 100k.",1,,
,Mình cảm ơn mọi người đã nhắc deadline môn Học máy.,0,,
,"mình có đề thi và đáp án môn khai phá dữ liệu, ai cần ib số 0987..., giá 5 triệu.",1,,
,Cảm ơn mọi người đã góp ý cho bài báo cáo của mình.,0,,
,"Mình nhận làm hộ toàn bộ đề tài Hệ thống thư viện, bao sửa đến khi bảo vệ xong.",1,,
,"Mình biết bạn mua đáp án môn Thương mại điện tử, trả 50k để mình không nói.",1,,
,"Nick này là giảng viên thầy Bình, ai muốn nâng điểm ib ib riêng, giá 5 triệu.",1,,
,"Nick này là giảng viên thầy Nam, ai muốn nâng điểm ib nick mess, giá 1 triệu.",1,,
,Mọi người có tài liệu tham khảo cho đề tài Hệ thống điểm danh không?,0,,
,Mọi người đánh giá thế nào về hướng tiếp cận của đề tài Ứng dụng đặt lịch khám?,0,,
,Hạn bảo vệ đề tài Website đăng ký đề tài là cuối kỳ đúng không?,0,,
,Hẹn mọi người trước deadline online để chia task đề tài Hệ thống điểm danh.,0,,
,"Cảm ơn bạn nhiều, tài liệu rất hữu ích cho đề tài Ứng dụng học tiếng Anh.",0,,
,Bạn thử tham khảo thêm nguồn này cho đề tài AI phát hiện gian lận nhé.,0,,
,Cảm ơn nhóm đã làm việc chăm chỉ cho đề tài Hệ thống điểm danh.,0,,
,"quảng cáo: mua báo cáo ứng dụng quản lý sinh viên tặng kèm bảo vệ, giá 50k.",1,,
,"Cảm ơn mọi người, mình đã hoàn thành đề tài Chatbot tư vấn tuyển sinh rồi.",0,,
,"Bán phao thi môn An toàn thông tin, đảm bảo pass, giá 2 triệu, ib số 0987....",1,,
,Thông báo từ khoa: ai chưa đóng 50k sẽ bị hủy đăng ký đề tài Ứng dụng học tiếng Anh.,1,,
,Mọi người nhớ cập nhật task trên trello nhé.,0,,
,"Mình có bằng chứng bạn hack tài khoản, trả 500k đi.",1,,
,"Mình bán tài khoản đã verify, dùng đăng ký đề tài Hệ thống đặt vé xe, giá 1 triệu.",1,,
,"Ai có thể sửa điểm trên hệ thống môn Trí tuệ nhân tạo không, trả 2 triệu.",1,,
,Mình muốn trao đổi về kiến trúc hệ thống cho đề tài Website đăng ký đề tài.,0,,
,"Mình không nộp được báo cáo môn Nhập môn lập trình, ai kiểm tra giúp.",0,,
,"Share cho mọi người slide môn Thương mại điện tử nhé, link bit.ly/....",0,,
,ai phụ trách hệ thống cho tớ hỏi lỗi này với.,0,,
,"Cần người làm hộ đề tài Hệ thống đặt vé xe, mình trả 10 triệu, ai nhận ib Telegram @abc.",1,,
,Mình có chút góp ý cho phần mở đầu báo cáo.,0,,
,"mình muốn đăng ký đề tài hệ thống thư viện, cần chuẩn bị gì ạ?",0,,
,"Ai giúp mình xin điểm cao môn Thương mại điện tử, mình trả 2 triệu.",1,,
,Chúng ta cần tăng tốc vì deadline đề tài Hệ thống đặt vé xe gần rồi.,0,,
,Thảo luận chút: đề tài Hệ thống thư viện nên làm web hay mobile?,0,,
,"Ai quen cô thầy Nam không, xin nâng điểm môn Lập trình web, mình trả 5 triệu.",1,,
,"Mình có tài liệu môn Khai phá dữ liệu, ai cần mình share link tinyurl.com/....",0,,
,"Mình còn phần báo cáo chưa xong, ai giúp được không?",0,,
,"Làm đề tài Ứng dụng đặt lịch khám cần kiên nhẫn, đừng để sát deadline.",0,,
,"Cần bán gấp đề tài Ứng dụng quản lý sinh viên, đảm bảo qua môn, ai ib Telegram @abc mình gửi demo.",1,,
,"Nhận xử lý deadline Web bán đồ ăn, giá 5 triệu, giao trong thứ 6 này.",1,,
,"Làm giả chữ ký giảng viên thầy Bình, giá 100k.",1,,
,Cảm ơn thầy thầy Bình đã hướng dẫn em đề tài Ứng dụng quản lý sinh viên.,0,,
,"Ai có thể sửa điểm trên hệ thống môn Thương mại điện tử không, trả 50k.",1,,
,"Bán tài liệu môn An toàn thông tin giá 5 triệu, chuyển khoản trước rồi mình gửi link bit.ly/....",1,,
,"Mình muốn lập nhóm làm đề tài AI phát hiện gian lận, ai cùng chí hướng.",0,,
,"Dịch vụ làm hộ đồ án Ứng dụng học tiếng Anh, cam kết qua môn, không qua hoàn tiền.",1,,
,"mình nhận buff like, comment cho bài đăng đề tài, giá 5 triệu.",1,,
,Nhóm mình đang tìm thêm thành viên cho đề tài Ứng dụng quản lý chi tiêu.,0,,
,"Cần người làm hộ đề tài Website đăng ký đề tài, mình trả 100k, ai nhận ib số 0987....",1,,
,Mình cần xác nhận đăng ký đề tài Chatbot tư vấn tuyển sinh với thầy cô Mai.,0,,
,"Ai cần giải hộ code đề tài Ứng dụng đặt lịch khám không? Giá 100k, ib nick mess.",1,,
,Mình cần góp ý cho phần demo đề tài Chatbot tư vấn tuyển sinh.,0,,
,"Cần bán gấp đề tài Web bán đồ ăn, đảm bảo qua môn, ai ib số 0987... mình gửi demo.",1,,
,"Cho thuê tài khoản để thi hộ, giá 1 triệu, bao qua môn.",1,,
,Ai biết cách đăng ký đề tài Website bán hàng trên hệ thống không?,0,,
,mọi người hướng dẫn giúp mình cách làm đề tài hệ thống điểm danh với.,0,,
,"Mọi người ơi, mình đăng ký đề tài Ứng dụng quản lý sinh viên bị lỗi, ai giúp với.",0,,
,"Cần bán gấp đề tài Website bán hàng, đảm bảo qua môn, ai ib Facebook mình gửi demo.",1,,
,ai muốn vào nhóm làm đề tài ứng dụng quản lý chi tiêu mà không cần đóng góp thì trả 500k.,1,,
,"Mình có đề tài Hệ thống điểm danh full source, chỉ cần đổi tên là nộp, giá 10 triệu.",1,,
,"Mình muốn đăng ký đề tài Hệ thống thư viện, mọi người cho mình hỏi thủ tục.",0,,
,"Bán tài khoản sinh viên môn Khai phá dữ liệu, giá 2 triệu, ib nick mess.",1,,
,"Thầy cô Phương ơi, cho em hỏi về đề tài AI phát hiện gian lận với ạ.",0,,
,"Dịch vụ làm hộ đồ án Ứng dụng đặt lịch khám, cam kết qua môn, không qua hoàn tiền.",1,,
,"Nhóm trưởng gian lận, mình có bằng chứng, ai muốn mua im lặng ib Telegram @abc.",1,,
,"Mình upload tài liệu đề tài Ứng dụng quản lý chi tiêu lên drive rồi, mọi người xem nhé.",0,,
,"Mình muốn đăng ký đề tài Website bán hàng, mọi người cho mình hỏi thủ tục.",0,,
,"Cần người hack link drive.google.com/... để lấy đề thi môn Lập trình web, trả 5 triệu.",1,,
,"Mình gửi link tài liệu đề tài Website bán hàng, mọi người kiểm tra nhé.",0,,
,Cho mình hỏi quy định nộp báo cáo đề tài Website đăng ký đề tài với ạ.,0,,
,"mình cần nâng điểm bảo vệ đề tài hệ thống thư viện, giá 10 triệu.",1,,
,"Bán quyền truy cập hệ thống đề tài, giá 100k, link docs.google.com/....",1,,
,"mình từng làm đề tài ứng dụng đặt lịch khám, mọi người nên bắt đầu sớm.",0,,
,"Bán minh chứng tham gia đề tài Hệ thống đặt vé xe, giá 1 triệu, ib Facebook.",1,,
,"Chia sẻ tài khoản giảng viên thầy Bình, giá 1 triệu, không ai biết.",1,,
,"Mình là sinh viên khó khăn, cần 1 triệu để đóng phí bảo vệ, ib nick mess.",1,,
,"Ai có đáp án đề thi môn Thương mại điện tử không, cho mình xin, mình trả 1 triệu.",1,,
,Mọi người cho mình feedback về ý tưởng đề tài Hệ thống đặt vé xe với.,0,,
,Đề tài Ứng dụng đặt lịch khám cần biết trước công nghệ gì ạ?,0,,
,"Có cách nào qua môn Cơ sở dữ liệu không, cần đáp án gấp, giá 500k.",1,,
,Kinh nghiệm làm đề tài Ứng dụng quản lý chi tiêu là chia nhỏ task ra nhé.,0,,
,"Bán tài khoản sinh viên môn Phân tích thiết kế hệ thống, giá 50k, ib Telegram @abc.",1,,
,"Tài khoản giảng viên thầy Bình bị lỗi, sinh viên gửi thông tin qua link drive.google.com/....",1,,
,Cho mình hỏi form đăng ký đề tài Hệ thống thư viện ở đâu ạ?,0,,
,Thông báo từ khoa: ai chưa đóng 10 triệu sẽ bị hủy đăng ký đề tài Chatbot tư vấn tuyển sinh.,1,,
,"Chia sẻ tài khoản giảng viên cô Phương, giá 50k, không ai biết.",1,,
,"Cần bán gấp đề tài Web bán đồ ăn, đảm bảo qua môn, ai ib ib riêng mình gửi demo.",1,,
,Tống tiền: đưa 2 triệu nếu không muốn bị đánh.,1,,
,"Mình có tool lấy mật khẩu sinh viên, ai cần ib Zalo 09xx, giá 5 triệu.",1,,
,"Bán tài khoản học tập môn Học máy, giá 10 triệu, ib Zalo 09xx.",1,,
,"cần tài liệu về chatbot tư vấn tuyển sinh, ai có gửi giúp mình.",0,,
,"Mình là admin hệ thống, cần xác nhận tài khoản để duyệt đề tài, ib ib riêng.",1,,
,"Mình upload tài liệu đề tài Website bán hàng lên drive rồi, mọi người xem nhé.",0,,
,"Lỗi 500 khi truy cập môn Thương mại điện tử, mọi người ơi.",0,,
,Mình cần tìm 1 bạn làm phần frontend cho đề tài Hệ thống đặt vé xe.,0,,
,Mọi người nên tham khảo nhiều nguồn cho đề tài Website bán hàng.,0,,
,"ai quen cô thầy bình không, xin nâng điểm môn an toàn thông tin, mình trả 1 triệu.",1,,
,deadline môn phân tích thiết kế hệ thống có được dời không mọi người?,0,,
,"nếu không chuyển 200k, mình sẽ xóa đề tài ứng dụng học tiếng anh của bạn.",1,,
,"cảm ơn mọi người, mình đã hoàn thành đề tài ai phát hiện gian lận rồi.",0,,
,Ai có kinh nghiệm về Web bán đồ ăn cho mình hỏi chút.,0,,
,"Bên mình nhận làm đề tài Ứng dụng học tiếng Anh, báo cáo, slide, giá 500k, ib ib riêng.",1,,
,"Mình gửi bản nháp đề tài Ứng dụng quản lý chi tiêu, mọi người xem giúp.",0,,
,Cảm ơn nhóm đã làm việc chăm chỉ cho đề tài AI phát hiện gian lận.,0,,
,"Mình đang kêu gọi ủng hộ đề tài Hệ thống đặt vé xe, ai chuyển 50k qua Facebook nhé.",1,,
,Mọi người cho mình hỏi quy định về tài liệu tham khảo với.,0,,
,mình muốn hỏi về quy định trích dẫn trong báo cáo đề tài hệ thống đặt vé xe.,0,,
,Nhóm mình đã hoàn thành 50% đề tài Hệ thống đặt vé xe.,0,,
,Mình đã đăng ký đề tài Web bán đồ ăn thành công rồi mọi người.,0,,
,"Mình có tài liệu môn Học máy, ai cần mình share link tinyurl.com/....",0,,
,ai trong nhóm đề tài hệ thống điểm danh thì điểm danh giúp mình.,0,,
,Ai trong nhóm đề tài Hệ thống điểm danh thì điểm danh giúp tớ.,0,,
,Mình cần tìm 1 bạn làm phần frontend cho đề tài Website bán hàng.,0,,
,"Cần bán gấp đề tài Web bán đồ ăn, đảm bảo qua môn, ai ib ib riêng mình gửi demo.",1,,
,mình cần xác nhận đăng ký đề tài chatbot tư vấn tuyển sinh với thầy cô phương.,0,,
,Ai chưa làm phần của mình thì báo để mình hỗ trợ.,0,,
,"Mình gửi link meeting vào tuần sau, mọi người tham gia nhé.",0,,
,"Ai cần làm hộ bài tập lớn Ứng dụng đặt lịch khám không? Mình làm từ A-Z, giá 1 triệu.",1,,
,"Mình nhận buff like, comment cho bài đăng đề tài, giá 100k.",1,,
,Ai chưa làm phần của mình thì báo để mình hỗ trợ.,0,,
,"Khóa học làm đề tài AI phát hiện gian lận giá 500k, đăng ký ngay tại bit.ly/....",1,,
,"Cần người tạo tài khoản ảo để vote đề tài Ứng dụng học tiếng Anh, trả 10 triệu.",1,,
,"Nếu không trả 50k, mình sẽ tố cáo nhóm bạn gian lận đề tài Ứng dụng quản lý sinh viên.",1,,
,"Ai cần tài khoản trường để đăng ký đề tài Ứng dụng học tiếng Anh không, mình cho thuê 5 triệu.",1,,
,"Cần hack vào hệ thống đăng ký đề tài Hệ thống điểm danh, trả 1 triệu.",1,,
,Mình cần góp ý cho phần demo đề tài Ứng dụng quản lý chi tiêu.,0,,
,hệ thống đăng ký đề tài ai phát hiện gian lận mở đến ngày mai đúng không?,0,,
,thảo luận chút: đề tài ai phát hiện gian lận nên làm web hay mobile?,0,,
,"Bên mình nhận làm đề tài Ứng dụng học tiếng Anh, báo cáo, slide, giá 100k, ib ib riêng.",1,,
,Ai có sách tham khảo môn Học máy cho mình mượn với.,0,,
,Mình góp ý về cách trình bày tài liệu môn An toàn thông tin.,0,,
,Hẹn mọi người tối nay online để chia task đề tài Ứng dụng học tiếng Anh.,0,,
,Còn bao lâu nữa đến hạn nộp đề tài Hệ thống thư viện vậy?,0,,
,"Mọi người ơi, hệ thống đăng ký đề tài Ứng dụng học tiếng Anh bị lỗi.",0,,
,Mọi người nên tham khảo nhiều nguồn cho đề tài Web bán đồ ăn.,0,,
,"Mình nhận làm hộ toàn bộ đề tài Ứng dụng quản lý chi tiêu, bao sửa đến khi bảo vệ xong.",1,,
,"Mọi người ơi, mình đã cập nhật file đề tài Hệ thống thư viện lên drive.",0,,
,Ai biết lịch nộp báo cáo đề tài Hệ thống điểm danh không?,0,,
,"Ai muốn xóa log gian lận thì liên hệ nick mess, giá 5 triệu.",1,,
,"Ai cần giải hộ code đề tài Website đăng ký đề tài không? Giá 5 triệu, ib Telegram @abc.",1,,
,"Nhóm tớ nhận làm hộ đồ án Ứng dụng quản lý sinh viên cho sinh viên, giá 5 triệu, deadline thứ 6 này.",1,,
,"Mình nhận làm hộ toàn bộ đề tài Ứng dụng học tiếng Anh, bao sửa đến khi bảo vệ xong.",1,,
,Ai có kinh nghiệm về Hệ thống đặt vé xe muốn join nhóm không?,0,,
,Mình cần hỏi về thủ tục xin đổi đề tài Ứng dụng quản lý chi tiêu.,0,,
,"Mình là admin hệ thống, cần xác nhận tài khoản để duyệt đề tài, ib số 0987....",1,,
,"Cho mượn tài khoản qua môn An toàn thông tin, giá 10 triệu.",1,,
,Mọi người cho mình feedback về ý tưởng đề tài Ứng dụng quản lý chi tiêu với.,0,,
,"Cần người tác động để qua môn An toàn thông tin, giá 200k.",1,,
,Mọi người đánh giá thế nào về hướng tiếp cận của đề tài Ứng dụng đặt lịch khám?,0,,
,"Bán đáp án thi cuối kỳ môn Học máy, giá 200k, ib Facebook.",1,,
,"mình muốn đổi điểm đề tài ứng dụng quản lý sinh viên, ai giúp ib zalo 09xx, hậu tạ 5 triệu.",1,,
,Nhóm mình đang tìm thêm thành viên cho đề tài Hệ thống điểm danh.,0,,
,"Còn 1 slot đề tài Ứng dụng học tiếng Anh, ai nhanh tay chuyển 200k.",1,,
,"Nhóm mình đã chốt đề tài Ứng dụng quản lý sinh viên, mọi người xem qua nhé.",0,,
,"Bán tài khoản học tập môn Học máy, giá 200k, ib Telegram @abc.",1,,
,Mình đã đăng ký đề tài Website đăng ký đề tài thành công rồi mọi người.,0,,
,"Mình có template báo cáo đề tài Ứng dụng quản lý chi tiêu, ai cần ib tớ.",0,,
,thông báo: nhóm đề tài ứng dụng đặt lịch khám nộp báo cáo trước cuối kỳ nhé.,0,,
,"mình có bằng chứng bạn hack tài khoản, trả 100k đi.",1,,
,"Thầy cô Lan ơi, cho em hỏi về đề tài Ứng dụng học tiếng Anh với ạ.",0,,
,"Ai làm rồi cho mình xem đáp án môn Nhập môn lập trình với, mình trả 500k.",1,,
,Mình cảm ơn nhóm đã hỗ trợ trong đề tài Ứng dụng quản lý sinh viên.,0,,
,ai muốn vào nhóm làm đề tài website bán hàng mà không cần đóng góp thì trả 500k.,1,,
,"Nhóm mình nhận làm hộ đồ án Ứng dụng đặt lịch khám cho sinh viên, giá 500k, deadline trước deadline.",1,,
,Ai biết cách đăng ký đề tài Hệ thống đặt vé xe trên hệ thống không?,0,,
,Ai phụ trách hệ thống cho mình hỏi lỗi này với.,0,,
,"Cô cô Mai yêu cầu đóng 50k để chấm lại điểm, chuyển khoản gấp.",1,,
,"bán minh chứng tham gia đề tài ai phát hiện gian lận, giá 2 triệu, ib nick mess.",1,,
,Mình rút ra được nhiều bài học khi làm đề tài Web bán đồ ăn.,0,,
,"Ai cần giải hộ code đề tài Chatbot tư vấn tuyển sinh không? Giá 50k, ib Zalo 09xx.",1,,
,"Ai muốn được tính điểm nhóm dù không làm gì thì liên hệ Telegram @abc, giá 200k.",1,,
,"Thầy thầy Hùng thông báo nộp phí bảo vệ đề tài AI phát hiện gian lận, ai chưa nộp ib Telegram @abc.",1,,
,"Mình cần đáp án bài thi Công nghệ phần mềm, ai có ib ib riêng, trả 200k.",1,,
,"Bán quyền đăng ký đề tài Website bán hàng môn Phân tích thiết kế hệ thống, giá 50k.",1,,
,Cần 100k nếu không mình sẽ báo cô cô Phương bạn thi hộ.,1,,
,Chia sẻ với mọi người cách mình quản lý thời gian làm đề tài Hệ thống thư viện.,0,,
,"Không đăng nhập được vào trang đăng ký đề tài, ai giúp với.",0,,
,"Cần người tác động để qua môn Trí tuệ nhân tạo, giá 500k.",1,,
,"Hệ thống chat bị lag, mọi người có bị không?",0,,
,mình cảm ơn mọi người đã nhắc deadline môn công nghệ phần mềm.,0,,
,Hạn bảo vệ đề tài Web bán đồ ăn là ngày mai đúng không?,0,,
,"Mình là admin hệ thống, cần xác nhận tài khoản để duyệt đề tài, ib nick mess.",1,,
,"cần người tạo tài khoản ảo để vote đề tài ứng dụng quản lý sinh viên, trả 1 triệu.",1,,
,"Chia sẻ acc học online, giá 50k, ib Zalo 09xx.",1,,
,"Cần gấp tiền làm đề tài Ứng dụng học tiếng Anh, ai cho vay 50k mình trả gấp đôi.",1,,
,"Cần đáp án bài kiểm tra Nhập môn lập trình, ai có share mình với, hậu tạ 200k.",1,,
,Mọi người cho mình hỏi quy định về tài liệu tham khảo với.,0,,
,Cảm ơn nhóm đã làm việc chăm chỉ cho đề tài Ứng dụng quản lý chi tiêu.,0,,
,Ai có kinh nghiệm về AI phát hiện gian lận cho mình hỏi chút.,0,,
,"Tài khoản giảng viên cô Mai bị lỗi, sinh viên gửi thông tin qua link drive.google.com/....",1,,
,"Mình biết bạn mua đáp án môn Khai phá dữ liệu, trả 50k để mình không nói.",1,,
,"Cần người đứng tên nhóm môn Cơ sở dữ liệu, trả 200k, ib Telegram @abc.",1,,
,quy định bảo vệ đề tài ứng dụng quản lý chi tiêu gồm những gì ạ?,0,,
,"Mình tạo nhóm chat cho đề tài Hệ thống thư viện rồi, mọi người vào nhé.",0,,
,Trường mình có quy định gì về đăng ký đề tài Web bán đồ ăn không?,0,,
,"Mình có thể thêm tên vào nhóm đề tài Hệ thống điểm danh, giá 1 triệu, không cần làm.",1,,
,Cảm ơn mọi người đã giúp mình làm đề tài Chatbot tư vấn tuyển sinh.,0,,
,Mình không nhận được email xác nhận đề tài Web bán đồ ăn.,0,,
,"Dịch vụ viết thuê luận văn môn Khai phá dữ liệu, uy tín, giá 500k.",1,,
,"theo mình, phần kết luận cần rõ ràng hơn.",0,,
,"Mình là sinh viên khó khăn, cần 10 triệu để đóng phí bảo vệ, ib ib riêng.",1,,
,mọi người nhớ cập nhật task trên trello nhé.,0,,
,Ai biết cách sửa lỗi upload file đề tài Hệ thống thư viện không?,0,,
,"Ai quen cô cô Phương không, xin nâng điểm môn Học máy, mình trả 50k.",1,,
,"Tuyển cộng tác viên làm đề tài, đóng phí 50k để nhận việc.",1,,
,"Có cách nào qua môn An toàn thông tin không, cần đáp án gấp, giá 200k.",1,,
,"Bán slot đăng ký đề tài Web bán đồ ăn, ai cần ib Zalo 09xx, giá 1 triệu.",1,,
,"Link này nhận học bổng 2 triệu, sinh viên nhập thông tin tài khoản để nhận.",1,,
,"Nếu không chuyển 500k, mình sẽ xóa đề tài AI phát hiện gian lận của bạn.",1,,
,mọi người nhớ họp nhóm môn khai phá dữ liệu đúng giờ nha.,0,,
,"Mình có bằng chứng bạn hack tài khoản, trả 100k đi.",1,,
,"Ai cần mua đề tài Ứng dụng đặt lịch khám không? Bao trọn gói báo cáo, code, slide, giá 50k.",1,,
,"Bán tài khoản admin để sửa điểm môn Cơ sở dữ liệu, giá 10 triệu.",1,,
,"Mình gửi link tài liệu đề tài Ứng dụng quản lý sinh viên, mọi người kiểm tra nhé.",0,,
,"Mình có thể thêm tên vào nhóm đề tài Ứng dụng quản lý sinh viên, giá 50k, không cần làm.",1,,
,"Ai muốn được tính điểm nhóm dù không làm gì thì liên hệ số 0987..., giá 500k.",1,,
,"Nhận chạy tool, code đề tài Ứng dụng học tiếng Anh, giá 500k, liên hệ Zalo 09xx.",1,,
,Chốt lịch họp nhóm trước deadline nha mọi người.,0,,
,"Ai muốn được tính điểm nhóm dù không làm gì thì liên hệ Facebook, giá 5 triệu.",1,,
,"Ai có đáp án đề thi môn Trí tuệ nhân tạo không, cho mình xin, mình trả 5 triệu.",1,,
,"Mình có thể thêm tên vào nhóm đề tài Ứng dụng học tiếng Anh, giá 2 triệu, không cần làm.",1,,
,"Tài khoản giảng viên cô Mai bị lỗi, sinh viên gửi thông tin qua link tinyurl.com/....",1,,
,"Ai cần giải hộ code đề tài Website đăng ký đề tài không? Giá 200k, ib nick mess.",1,,
,Cô thầy Hùng nhắn riêng: đóng 1 triệu để được duyệt đề tài Ứng dụng đặt lịch khám.,1,,
,Mình cần xác nhận đăng ký đề tài AI phát hiện gian lận với thầy thầy Nam.,0,,
,tiến độ đề tài chatbot tư vấn tuyển sinh đến đâu rồi mọi người?,0,,
,"mọi người rảnh tuần sau không, mình bàn đề tài ứng dụng học tiếng anh.",0,,
,"Không đăng nhập được vào trang đăng ký đề tài, ai giúp với.",0,,
,quy định về số thành viên nhóm đề tài hệ thống thư viện là bao nhiêu?,0,,
,"Mình giữ slot đề tài Hệ thống thư viện môn An toàn thông tin, pass lại giá 50k.",1,,
,"ai giúp mình xin điểm cao môn phân tích thiết kế hệ thống, mình trả 200k.",1,,
,Cho mình hỏi yêu cầu đề tài AI phát hiện gian lận môn Lập trình web với ạ.,0,,
,"Nhận cung cấp đề tài Website bán hàng theo yêu cầu, giá 2 triệu, giao trong trước deadline.",1,,
,"Cần đáp án bài kiểm tra Cơ sở dữ liệu, ai có share mình với, hậu tạ 2 triệu.",1,,
,"Chia sẻ acc học online, giá 1 triệu, ib ib riêng.",1,,
,"Khóa học làm đề tài AI phát hiện gian lận giá 1 triệu, đăng ký ngay tại tinyurl.com/....",1,,
,"có cách nào qua môn nhập môn lập trình không, cần đáp án gấp, giá 200k.",1,,
,Mình đã đăng ký đề tài Ứng dụng quản lý chi tiêu thành công rồi mọi người.,0,,
,ai biết lịch nộp báo cáo đề tài hệ thống thư viện không?,0,,
,"Mình có template báo cáo đề tài AI phát hiện gian lận, ai cần ib mình.",0,,
,"nhận làm hộ đồ án hệ thống điểm danh môn thương mại điện tử, bao bảo vệ, giá 100k. ib zalo 09xx.",1,,
,"Cung cấp minh chứng ngoại khóa giả, giá 2 triệu, link drive.google.com/....",1,,
,"Mình muốn đổi đề tài Website đăng ký đề tài, cần làm gì ạ?",0,,
,Mọi người đánh giá thế nào về hướng tiếp cận của đề tài AI phát hiện gian lận?,0,,
,Cảm ơn mọi người đã giúp mình làm đề tài Ứng dụng đặt lịch khám.,0,,
,Mình góp ý về cách trình bày tài liệu môn Học máy.,0,,
,"Cần giấy bác sĩ giả để xin hoãn thi môn Trí tuệ nhân tạo, trả 2 triệu.",1,,
,"Bán suất đăng ký đề tài Ứng dụng quản lý sinh viên cho khóa dưới, giá 500k.",1,,
,"Tài liệu này hữu ích cho đề tài Hệ thống thư viện, mọi người tham khảo nhé.",0,,
,Ai có kinh nghiệm về Website đăng ký đề tài muốn join nhóm không?,0,,
,"Mình từng làm đề tài Hệ thống điểm danh, mọi người nên bắt đầu sớm.",0,,
,"Tài liệu này hữu ích cho đề tài Hệ thống đặt vé xe, mọi người tham khảo nhé.",0,,
,"Thanh lý đề tài Website bán hàng môn Công nghệ phần mềm, giá 1 triệu, tặng kèm tài liệu ôn bảo vệ.",1,,
,Deadline môn Công nghệ phần mềm có được dời không mọi người?,0,,
,"thanh lý đề tài hệ thống đặt vé xe môn khai phá dữ liệu, giá 200k, tặng kèm tài liệu ôn bảo vệ.",1,,
,"Thuê người vote cho nhóm mình trong cuộc thi Chatbot tư vấn tuyển sinh, giá 1 triệu.",1,,
,"Làm giả chữ ký giảng viên cô Lan, giá 2 triệu.",1,,
,"Cần người ứng tiền làm đồ án Hệ thống đặt vé xe, hứa trả 5 triệu, ib Zalo 09xx.",1,,
,"Share đáp án đề cương môn Thương mại điện tử, ai cần vào link tinyurl.com/....",1,,
,cô cô phương nhắn riêng: đóng 100k để được duyệt đề tài website bán hàng.,1,,
,Có ai biết quy định xin gia hạn deadline môn An toàn thông tin không?,0,,
,"Nhờ người quen trong khoa sửa điểm, giá 5 triệu.",1,,
,"Ai muốn được tính điểm nhóm dù không làm gì thì liên hệ Facebook, giá 50k.",1,,
,"nhóm mình thiếu người, ai vào nhóm chỉ cần nộp tiền 50k, không cần làm gì.",1,,
,"Bán quyền truy cập hệ thống đề tài, giá 100k, link docs.google.com/....",1,,
,"xin đáp án assignment môn công nghệ phần mềm, mình gửi 500k cảm ơn.",1,,
,"Còn 1 slot đề tài Hệ thống thư viện, ai nhanh tay chuyển 100k.",1,,
,"Nhờ thầy thầy Nam nâng điểm chuyên cần, giá 1 triệu.",1,,
,"Mình nhận buff like, comment cho bài đăng đề tài, giá 2 triệu.",1,,
,"Mình từng làm đề tài Ứng dụng quản lý sinh viên, mọi người nên bắt đầu sớm.",0,,
,Mọi người nhớ cập nhật task trên trello nhé.,0,,
,mọi người cho mình hỏi quy định về tài liệu tham khảo với.,0,,
,Mình cần góp ý cho phần demo đề tài Website đăng ký đề tài.,0,,
,"Bán tài khoản sinh viên môn Lập trình web, giá 1 triệu, ib Facebook.",1,,
,"Biết nhóm bạn mua đề tài Website đăng ký đề tài, đưa 500k mình im lặng.",1,,
,Mình góp ý về cách trình bày tài liệu môn Học máy.,0,,
,"Cần đáp án bài kiểm tra Lập trình web, ai có share mình với, hậu tạ 50k.",1,,
,Mình đã tạo form điểm danh nhóm đề tài Chatbot tư vấn tuyển sinh.,0,,
,"Mình không nộp được báo cáo môn Học máy, ai kiểm tra giúp.",0,,
,"Cung cấp minh chứng ngoại khóa giả, giá 50k, link drive.google.com/....",1,,
,"Mọi người ơi, quy chế thi môn Cơ sở dữ liệu thế nào?",0,,
,"Cần người ứng tiền làm đồ án Hệ thống thư viện, hứa trả 5 triệu, ib số 0987....",1,,
,"Tài khoản giảng viên thầy Hùng bị lỗi, sinh viên gửi thông tin qua link docs.google.com/....",1,,
,"Cần chạy điểm môn Công nghệ phần mềm, ai làm được ib ib riêng, giá 50k.",1,,
,"Nhóm mình đang tuyển thành viên, không yêu cầu quá cao.",0,,
,"Nhóm mình thiếu người, ai rảnh tham gia đề tài Ứng dụng đặt lịch khám nhé.",0,,
,"Cần người đứng tên nhóm môn Lập trình web, trả 50k, ib số 0987....",1,,
,"Chia sẻ acc học online, giá 1 triệu, ib ib riêng.",1,,
,"Mình muốn đăng ký đề tài Hệ thống đặt vé xe, cần chuẩn bị gì ạ?",0,,
,"Ai muốn mua đề tài Website bán hàng thì cọc 500k, mình gửi file sau.",1,,
,"mình giữ slot đề tài website đăng ký đề tài môn an toàn thông tin, pass lại giá 1 triệu.",1,,
,"Nick này là giảng viên thầy Bình, ai muốn nâng điểm ib số 0987..., giá 2 triệu.",1,,
,cần 100k nếu không mình sẽ báo cô cô lan bạn thi hộ.,1,,
,Mọi người có tài liệu tham khảo cho đề tài Ứng dụng quản lý chi tiêu không?,0,,
,Có ai biết lịch bảo vệ đề tài Website bán hàng chưa?,0,,
,"Cung cấp minh chứng ngoại khóa giả, giá 1 triệu, link tinyurl.com/....",1,,
,Ai muốn tham gia nhóm làm đề tài Ứng dụng đặt lịch khám không?,0,,
,"Nếu không trả 10 triệu, mình sẽ tố cáo nhóm bạn gian lận đề tài Hệ thống thư viện.",1,,
,"Nhờ thầy cô Phương nâng điểm chuyên cần, giá 1 triệu.",1,,
,"Cần người hack link drive.google.com/... để lấy đề thi môn Khai phá dữ liệu, trả 2 triệu.",1,,
,"Tài khoản giảng viên cô Lan bị lỗi, sinh viên gửi thông tin qua link docs.google.com/....",1,,
,"Cần bán gấp slot đề tài Web bán đồ ăn, giá 200k, liên hệ số 0987....",1,,
,"Mình biết bạn mua đáp án môn An toàn thông tin, trả 2 triệu để mình không nói.",1,,
,"Khóa học làm đề tài Website bán hàng giá 5 triệu, đăng ký ngay tại tinyurl.com/....",1,,
,"Ai giúp mình xin điểm cao môn Lập trình web, mình trả 200k.",1,,
,"Mình có sẵn đề tài Ứng dụng quản lý sinh viên đã bảo vệ, pass thầy Hùng, chỉ 50k, không cần làm gì.",1,,
,"Mọi người ơi, mình đăng ký đề tài Website đăng ký đề tài bị lỗi, ai giúp với.",0,,
,"Nhận làm hộ đồ án Web bán đồ ăn môn Công nghệ phần mềm, bao bảo vệ, giá 200k. Ib số 0987....",1,,
,"Mọi người ơi, mình đăng ký đề tài Ứng dụng học tiếng Anh bị lỗi, ai giúp với.",0,,
,"Tài liệu này hữu ích cho đề tài Hệ thống điểm danh, mọi người tham khảo nhé.",0,,
,"Nhóm ơi, mình đã xong phần tài liệu đề tài Hệ thống điểm danh.",0,,
,"Bán minh chứng tham gia đề tài Ứng dụng quản lý sinh viên, giá 5 triệu, ib nick mess.",1,,
,Mình đã tạo form điểm danh nhóm đề tài Ứng dụng học tiếng Anh.,0,,
,Mình nghĩ nhóm nên chia task lại cho hợp lý hơn.,0,,
,mình không nhận được email xác nhận đề tài hệ thống điểm danh.,0,,
,"Nhận cung cấp đề tài Ứng dụng quản lý sinh viên theo yêu cầu, giá 5 triệu, giao trong tối nay.",1,,
,Mọi người cho mình hỏi cách triển khai đề tài Website đăng ký đề tài.,0,,
,"Kêu gọi quyên góp cho lớp, ai chuyển 10 triệu mình ghi nhận điểm rèn luyện.",1,,
,"Bán slot đề tài Ứng dụng quản lý chi tiêu cho ai chưa đăng ký, giá 5 triệu, ib nick mess.",1,,
,"bán tài khoản admin để sửa điểm môn lập trình web, giá 1 triệu.",1,,
,"Ai quen cô thầy Nam không, xin nâng điểm môn Lập trình web, tớ trả 100k.",1,,
,"Mọi người ơi, mình đăng ký đề tài Hệ thống thư viện bị lỗi, ai giúp với.",0,,
,ai biết cách sửa lỗi upload file đề tài hệ thống đặt vé xe không?,0,,
,"Dịch vụ viết thuê luận văn môn An toàn thông tin, uy tín, giá 1 triệu.",1,,
,"Cần xin điểm B+ môn Thương mại điện tử, trả 200k, ib nick mess.",1,,
,Trường mình có quy định gì về đăng ký đề tài Ứng dụng đặt lịch khám không?,0,,
,mình muốn trao đổi về kiến trúc hệ thống cho đề tài hệ thống thư viện.,0,,
,"ai muốn chiếm slot đề tài hệ thống thư viện thì mình hack giúp, giá 200k.",1,,
,"Chuyển 10 triệu nhanh, không mình gửi đơn tố cáo lên khoa.",1,,
,"Làm hộ giấy xác nhận khó khăn, giá 100k, liên hệ số 0987....",1,,
,"Làm hộ báo cáo Hệ thống đặt vé xe môn Trí tuệ nhân tạo, chỉ 2 triệu, giao đúng hạn.",1,,
,Ai chưa nộp phần của mình cho đề tài Ứng dụng học tiếng Anh thì gửi gấp.,0,,
,"Thầy cô Phương thông báo nộp phí bảo vệ đề tài Hệ thống điểm danh, ai chưa nộp ib Telegram @abc.",1,,
,Hệ thống đăng ký đề tài Ứng dụng quản lý sinh viên mở đến tối nay đúng không?,0,,
,"Chia sẻ tài khoản giảng viên thầy Nam, giá 2 triệu, không ai biết.",1,,
,Thông báo: nhóm đề tài AI phát hiện gian lận nộp báo cáo trước ngày mai nhé.,0,,
,"Mình có tool lấy mật khẩu sinh viên, ai cần ib ib riêng, giá 50k.",1,,
,Cần 100k nếu không mình sẽ báo cô thầy Hùng bạn thi hộ.,1,,
,"nhận giữ slot đề tài website bán hàng, giá 10 triệu, không cần đăng ký.",1,,
,"Nhóm trưởng gian lận, mình có bằng chứng, ai muốn mua im lặng ib ib riêng.",1,,
,"Ai biết cách hack tài khoản trường không, chỉ tớ với, trả 200k.",1,,
,"Mọi người ơi, quy chế thi môn Học máy thế nào?",0,,
,mình muốn trao đổi về kiến trúc hệ thống cho đề tài hệ thống đặt vé xe.,0,,
,Mình đã đăng ký đề tài Ứng dụng quản lý sinh viên thành công rồi mọi người.,0,,
,"Cần mua đánh giá tốt cho giảng viên cô Mai, giá 10 triệu.",1,,
,"tuyển cộng tác viên làm đề tài, đóng phí 200k để nhận việc.",1,,
,"Mọi người ơi, mình đăng ký đề tài Website đăng ký đề tài bị lỗi, ai giúp với.",0,,
,"Mình cần nâng điểm bảo vệ đề tài Ứng dụng quản lý chi tiêu, giá 1 triệu.",1,,
,Ai biết cách đăng ký đề tài Ứng dụng quản lý chi tiêu trên hệ thống không?,0,,
,Tống tiền: đưa 50k nếu không muốn bị đánh.,1,,
,Mình không nhận được email xác nhận đề tài Chatbot tư vấn tuyển sinh.,0,,
,Mọi người cập nhật tiến độ đề tài Web bán đồ ăn cho mình nhé.,0,,
,"Nhóm trưởng gian lận, mình có bằng chứng, ai muốn mua im lặng ib ib riêng.",1,,
,Quy định về số thành viên nhóm đề tài Hệ thống thư viện là bao nhiêu?,0,,
,"Mình cần nâng điểm bảo vệ đề tài Chatbot tư vấn tuyển sinh, giá 2 triệu.",1,,
,"Mọi người ơi, đề tài Hệ thống đặt vé xe môn Khai phá dữ liệu có khó không?",0,,
,"Mình có slot nội bộ đề tài Ứng dụng học tiếng Anh, giá 1 triệu, ai cần ib.",1,,
,"Mình muốn đổi đề tài Website bán hàng, cần làm gì ạ?",0,,
,"Cần bán gấp slot đề tài Hệ thống điểm danh, giá 200k, liên hệ số 0987....",1,,
,"nhờ người quen trong khoa sửa điểm, giá 50k.",1,,
,Deadline đăng ký đề tài Ứng dụng quản lý sinh viên còn không mọi người?,0,,
,"Cung cấp minh chứng ngoại khóa giả, giá 1 triệu, link bit.ly/....",1,,
,"Nhận giữ slot đề tài Website đăng ký đề tài, giá 1 triệu, không cần đăng ký.",1,,
,"Ai cần mua đề tài Ứng dụng quản lý sinh viên không? Bao trọn gói báo cáo, code, slide, giá 50k.",1,,
,"Nhận giữ slot đề tài Ứng dụng quản lý sinh viên, giá 1 triệu, không cần đăng ký.",1,,
,"Ai làm rồi cho mình xem đáp án môn Học máy với, mình trả 1 triệu.",1,,
,"Biết nhóm bạn mua đề tài Hệ thống điểm danh, đưa 500k mình im lặng.",1,,
,"Làm đề tài Hệ thống đặt vé xe cần kiên nhẫn, đừng để sát deadline.",0,,
,Cảm ơn mọi người đã góp ý cho bài báo cáo của mình.,0,,
,"Thầy thầy Nam thông báo nộp phí bảo vệ đề tài AI phát hiện gian lận, ai chưa nộp ib ib riêng.",1,,
,"Mình có đề tài Ứng dụng đặt lịch khám full source, chỉ cần đổi tên là nộp, giá 100k.",1,,
,"Mình bán suất thành viên nhóm đề tài Web bán đồ ăn, giá 200k, bao điểm.",1,,
,"Nhờ thầy thầy Hùng nâng điểm chuyên cần, giá 5 triệu.",1,,
,mình rút ra được nhiều bài học khi làm đề tài ứng dụng đặt lịch khám.,0,,
,"Mình là admin hệ thống, cần xác nhận tài khoản để duyệt đề tài, ib số 0987....",1,,
,"Chuyển 50k nhanh, không mình gửi đơn tố cáo lên khoa.",1,,
,"Nhóm tớ thiếu người, ai vào nhóm chỉ cần nộp tiền 1 triệu, không cần làm gì.",1,,
,"Cô cô Lan yêu cầu đóng 10 triệu để chấm lại điểm, chuyển khoản gấp.",1,,
,"Mình đọc paper về Hệ thống điểm danh, thấy khá hay, mọi người tham khảo.",0,,
,"Mình có ảnh nhạy cảm của bạn, chuyển 200k nếu không muốn bị phát tán.",1,,
,"tớ gửi bản nháp đề tài ứng dụng quản lý chi tiêu, mọi người xem giúp.",0,,
,"dịch vụ tăng lượt tương tác cho đề tài website bán hàng, giá 2 triệu.",1,,
,"Mình muốn đổi điểm đề tài Hệ thống điểm danh, ai giúp ib Zalo 09xx, hậu tạ 100k.",1,,
,"Cần người tạo tài khoản ảo để vote đề tài Ứng dụng quản lý sinh viên, trả 200k.",1,,
,"Mình đang kêu gọi ủng hộ đề tài Website bán hàng, ai chuyển 100k qua nick mess nhé.",1,,
,"bán slot đăng ký đề tài website đăng ký đề tài, ai cần ib nick mess, giá 10 triệu.",1,,
,"Cần mua đánh giá tốt cho giảng viên cô Lan, giá 2 triệu.",1,,
,"Cần đáp án bài kiểm tra Học máy, ai có share mình với, hậu tạ 5 triệu.",1,,
,"Mình giữ slot đề tài Ứng dụng đặt lịch khám môn Học máy, pass lại giá 1 triệu.",1,,
,"Share đáp án đề cương môn Trí tuệ nhân tạo, ai cần vào link docs.google.com/....",1,,
,"Mọi người rảnh thứ 6 này không, mình bàn đề tài Chatbot tư vấn tuyển sinh.",0,,
,"nhóm mình đã chốt đề tài website bán hàng, mọi người xem qua nhé.",0,,
,Mọi người nhớ cập nhật task trên trello nhé.,0,,
,Có ai biết lịch bảo vệ đề tài Website bán hàng chưa?,0,,
,"Mình bán script spam đăng ký đề tài, giá 2 triệu, ib Zalo 09xx.",1,,
,"Nhóm tớ đang tuyển thành viên, không yêu cầu quá cao.",0,,
,"Thanh lý đề tài Website đăng ký đề tài môn Thương mại điện tử, giá 1 triệu, tặng kèm tài liệu ôn bảo vệ.",1,,
,"mình nhận làm hộ toàn bộ đề tài hệ thống đặt vé xe, bao sửa đến khi bảo vệ xong.",1,,
,Cảm ơn bạn đã gửi tài liệu môn An toàn thông tin cho mình.,0,,
,"Mình nhận chạy điểm nhóm môn Học máy, ai cần ib nick mess, giá 1 triệu.",1,,
,Mọi người thấy phần demo đề tài Ứng dụng quản lý sinh viên ổn chưa?,0,,
,"Mọi người ơi, quy chế thi môn Khai phá dữ liệu thế nào?",0,,
,"Dịch vụ làm hộ đồ án Ứng dụng học tiếng Anh, cam kết qua môn, không qua hoàn tiền.",1,,
,"mình biết lỗ hổng web trường, có thể đổi điểm, ib telegram @abc.",1,,
,"Mình có template báo cáo đề tài AI phát hiện gian lận, ai cần ib mình.",0,,
,"Bán tool spam đánh giá môn Khai phá dữ liệu, giá 10 triệu.",1,,
,Mọi người thấy phần demo đề tài Website bán hàng ổn chưa?,0,,
,"nhận chạy tool, code đề tài web bán đồ ăn, giá 2 triệu, liên hệ ib riêng.",1,,
,Thông báo từ khoa: ai chưa đóng 100k sẽ bị hủy đăng ký đề tài Chatbot tư vấn tuyển sinh.,1,,
,Mọi người nhớ đọc thông báo mới về đề tài Ứng dụng học tiếng Anh.,0,,
,"Ai cần làm hộ bài tập lớn Ứng dụng quản lý sinh viên không? Mình làm từ A-Z, giá 500k.",1,,
,Đề tài Ứng dụng đặt lịch khám cần biết trước công nghệ gì ạ?,0,,
,"Ai cần giải hộ code đề tài Hệ thống điểm danh không? Giá 200k, ib số 0987....",1,,
,"mình có sẵn đề tài hệ thống đặt vé xe đã bảo vệ, pass cô lan, chỉ 100k, không cần làm gì.",1,,
,"Dịch vụ tăng lượt tương tác cho đề tài Website bán hàng, giá 50k.",1,,
,Tống tiền: đưa 1 triệu nếu không muốn bị đánh.,1,,
,Mình cần góp ý cho phần demo đề tài Website bán hàng.,0,,
,"Khóa học làm đề tài Chatbot tư vấn tuyển sinh giá 1 triệu, đăng ký ngay tại bit.ly/....",1,,
,"Mọi người ơi, quy chế thi môn Trí tuệ nhân tạo thế nào?",0,,
,"mình đọc paper về ứng dụng quản lý sinh viên, thấy khá hay, mọi người tham khảo.",0,,
,"Ai muốn được tính điểm nhóm dù không làm gì thì liên hệ ib riêng, giá 500k.",1,,
,Chúng ta cần tăng tốc vì deadline đề tài Ứng dụng học tiếng Anh gần rồi.,0,,
,"Ai muốn mua đề tài Hệ thống thư viện thì cọc 500k, mình gửi file sau.",1,,
,Mình cần tìm 1 bạn làm phần frontend cho đề tài Ứng dụng đặt lịch khám.,0,,
,"Góp ý tích cực: bài của bạn đã tốt, chỉ cần chỉnh format.",0,,
,Thầy cô Mai đã duyệt đề tài Website đăng ký đề tài cho mình chưa?,0,,
,"Mình đang phân vân giữa Ứng dụng quản lý sinh viên và đề tài khác, mọi người tư vấn giúp.",0,,
,Cho mình hỏi yêu cầu đề tài Web bán đồ ăn môn Lập trình web với ạ.,0,,
,"pass lại đề tài ứng dụng quản lý sinh viên cho khóa dưới, bao bảo vệ, giá 100k.",1,,
,"Cần người làm hộ đề tài Chatbot tư vấn tuyển sinh, mình trả 2 triệu, ai nhận ib Facebook.",1,,
,Ai muốn vào nhóm làm đề tài Ứng dụng quản lý sinh viên mà không cần đóng góp thì trả 100k.,1,,
,"Dịch vụ nâng điểm môn Công nghệ phần mềm, giá 500k, ai cần ib Zalo 09xx.",1,,
,"Dịch vụ viết thuê luận văn môn Lập trình web, uy tín, giá 50k.",1,,
,Cảm ơn nhóm đã làm việc chăm chỉ cho đề tài Ứng dụng đặt lịch khám.,0,,
,"bán đáp án thi cuối kỳ môn trí tuệ nhân tạo, giá 200k, ib telegram @abc.",1,,
,"Nhóm ơi, mình đã xong phần tài liệu đề tài Ứng dụng quản lý sinh viên.",0,,
,Mình cần hướng dẫn sử dụng công cụ cho đề tài Web bán đồ ăn.,0,,
,"Mình có tool lấy mật khẩu sinh viên, ai cần ib Zalo 09xx, giá 1 triệu.",1,,
,"Hệ thống chat bị lag, mọi người có bị không?",0,,
,"Bán đề tài Hệ thống thư viện môn Nhập môn lập trình, có full báo cáo và slide, giá 500k. Ai cần ib số 0987....",1,,
,"share đáp án đề cương môn cơ sở dữ liệu, ai cần vào link tinyurl.com/....",1,,
,"Tuyển cộng tác viên làm đề tài, đóng phí 5 triệu để nhận việc.",1,,
,"Kêu gọi quyên góp cho lớp, ai chuyển 5 triệu mình ghi nhận điểm rèn luyện.",1,,
,mình muốn hỏi về quy định trích dẫn trong báo cáo đề tài ứng dụng quản lý chi tiêu.,0,,
,"Nếu không trả 200k, mình sẽ tố cáo nhóm bạn gian lận đề tài Hệ thống đặt vé xe.",1,,
,"Ai biết cách hack tài khoản trường không, chỉ mình với, trả 500k.",1,,
,"Bán tool spam đánh giá môn Trí tuệ nhân tạo, giá 10 triệu.",1,,
,Mình muốn hỏi về quy định trích dẫn trong báo cáo đề tài Hệ thống thư viện.,0,,
,mình đã đăng ký đề tài hệ thống thư viện thành công rồi mọi người.,0,,
,Ai cùng đăng ký đề tài Hệ thống thư viện với mình không?,0,,
,Mọi người có tài liệu tham khảo cho đề tài AI phát hiện gian lận không?,0,,
,Deadline môn Lập trình web có được dời không mọi người?,0,,
,mọi người nghĩ đề tài ứng dụng đặt lịch khám nên dùng công nghệ gì?,0,,
,"Nhờ người quen trong khoa sửa điểm, giá 100k.",1,,
,"Cần gấp tiền làm đề tài Website bán hàng, ai cho vay 1 triệu mình trả gấp đôi.",1,,
,"Theo mọi người, thuật toán nào phù hợp cho đề tài Web bán đồ ăn?",0,,
,mình muốn hỏi về quy định trích dẫn trong báo cáo đề tài ứng dụng học tiếng anh.,0,,
,"Mình có slot nội bộ đề tài Hệ thống đặt vé xe, giá 50k, ai cần ib.",1,,
,Có ai biết quy định xin gia hạn deadline môn Công nghệ phần mềm không?,0,,
,Mình cần góp ý cho phần demo đề tài Chatbot tư vấn tuyển sinh.,0,,
,Mọi người cho tớ xin tài liệu ôn thi môn Lập trình web với ạ.,0,,
,"Mọi người ơi, deadline đề tài AI phát hiện gian lận là khi nào vậy?",0,,
,ai biết cách sửa lỗi upload file đề tài website đăng ký đề tài không?,0,,
,bạn nào muốn làm đề tài website bán hàng với mình thì ib nhé.,0,,
,Mọi người cho hỏi deadline bài tập lớn môn Khai phá dữ liệu ạ.,0,,
,"Cần bán gấp đề tài Hệ thống điểm danh, đảm bảo qua môn, ai ib Zalo 09xx tớ gửi demo.",1,,
,"Nhóm trưởng gian lận, mình có bằng chứng, ai muốn mua im lặng ib số 0987....",1,,
,chúng ta cần tăng tốc vì deadline đề tài chatbot tư vấn tuyển sinh gần rồi.,0,,
,Mọi người nên tham khảo nhiều nguồn cho đề tài Website bán hàng.,0,,
,"mình bán script spam đăng ký đề tài, giá 500k, ib telegram @abc.",1,,
,"Làm đề tài Ứng dụng đặt lịch khám cần kiên nhẫn, đừng để sát deadline.",0,,
,"Nhờ người quen trong khoa sửa điểm, giá 50k.",1,,
,"Cần tài liệu về Website bán hàng, ai có gửi giúp mình.",0,,
,"Làm hộ giấy xác nhận khó khăn, giá 5 triệu, liên hệ số 0987....",1,,
,"Cần xin điểm B+ môn Phân tích thiết kế hệ thống, trả 5 triệu, ib Telegram @abc.",1,,
,Cảm ơn thầy thầy Bình đã hướng dẫn em đề tài Ứng dụng đặt lịch khám.,0,,
,"Pass lại đề tài Website bán hàng cho khóa dưới, bao bảo vệ, giá 500k.",1,,
,"Mình chưa biết bắt đầu đề tài Ứng dụng học tiếng Anh từ đâu, ai giúp với.",0,,
,Mọi người nghĩ đề tài Website bán hàng nên dùng công nghệ gì?,0,,
,mọi người nghĩ đề tài web bán đồ ăn nên dùng công nghệ gì?,0,,
,Trường mình có quy định gì về đăng ký đề tài Hệ thống thư viện không?,0,,
,"Bán quyền đăng ký đề tài Hệ thống thư viện môn Thương mại điện tử, giá 50k.",1,,
,"Cần xin điểm B+ môn Học máy, trả 10 triệu, ib Zalo 09xx.",1,,
,Mọi người nên tham khảo nhiều nguồn cho đề tài Ứng dụng quản lý chi tiêu.,0,,
,"Mình là admin hệ thống, cần xác nhận tài khoản để duyệt đề tài, ib nick mess.",1,,
,"Nhóm mình thiếu người, ai vào nhóm chỉ cần nộp tiền 1 triệu, không cần làm gì.",1,,
,Mọi người nghĩ đề tài Chatbot tư vấn tuyển sinh nên dùng công nghệ gì?,0,,
,Nhóm tớ đã hoàn thành 50% đề tài Ứng dụng quản lý chi tiêu.,0,,
,"Cung cấp minh chứng ngoại khóa giả, giá 50k, link docs.google.com/....",1,,
,"lỗi 500 khi truy cập môn lập trình web, mọi người ơi.",0,,
,"Nhóm mình đang tuyển thành viên, không yêu cầu quá cao.",0,,
,"Cô thầy Hùng yêu cầu đóng 50k để chấm lại điểm, chuyển khoản gấp.",1,,
,"Ai muốn nhóm mình đánh giá cao thì chuyển 5 triệu, ib số 0987....",1,,
,Chốt lịch họp nhóm ngày mai nha mọi người.,0,,
,"Nhóm trưởng gian lận, mình có bằng chứng, ai muốn mua im lặng ib số 0987....",1,,
,"Mình gửi link tài liệu đề tài Website bán hàng, mọi người kiểm tra nhé.",0,,
,Ai có sách tham khảo môn Thương mại điện tử cho mình mượn với.,0,,
,"Nhóm ơi, thầy thầy Nam vừa nhắc về đề tài Ứng dụng đặt lịch khám.",0,,
,Mình cần hướng dẫn sử dụng công cụ cho đề tài Web bán đồ ăn.,0,,
,Cảm ơn cô cô Phương đã giải đáp thắc mắc ạ.,0,,
,"Ai muốn mua đề tài Hệ thống thư viện môn Phân tích thiết kế hệ thống thì liên hệ Facebook, giá 200k.",1,,
,"tớ có thể thêm tên vào nhóm đề tài hệ thống đặt vé xe, giá 10 triệu, không cần làm.",1,,
,"Mình nhận làm hộ toàn bộ đề tài Chatbot tư vấn tuyển sinh, bao sửa đến khi bảo vệ xong.",1,,
,"Ai biết cách hack tài khoản trường không, chỉ mình với, trả 10 triệu.",1,,
,"cần người đứng tên nhóm môn công nghệ phần mềm, trả 5 triệu, ib facebook.",1,,
,Quy định về số thành viên nhóm đề tài Chatbot tư vấn tuyển sinh là bao nhiêu?,0,,
,Mọi người cho mình hỏi cách triển khai đề tài Chatbot tư vấn tuyển sinh.,0,,
,"Mình nhận chạy điểm nhóm môn Công nghệ phần mềm, ai cần ib ib riêng, giá 10 triệu.",1,,
,"Mình có tài liệu môn Nhập môn lập trình, ai cần mình share link bit.ly/....",0,,
,"Còn 1 slot đề tài Website bán hàng, ai nhanh tay chuyển 500k.",1,,
,"Góp ý tích cực: bài của bạn đã tốt, chỉ cần chỉnh format.",0,,
,"cần đáp án bài kiểm tra trí tuệ nhân tạo, ai có share mình với, hậu tạ 5 triệu.",1,,
,"Tuyển cộng tác viên làm đề tài, đóng phí 50k để nhận việc.",1,,
,Thầy thầy Hùng đã duyệt đề tài Ứng dụng học tiếng Anh cho mình chưa?,0,,
,"Mình cần nâng điểm bảo vệ đề tài Website bán hàng, giá 500k.",1,,
,"mình gửi link meeting vào cuối kỳ, mọi người tham gia nhé.",0,,
,"Ai muốn được tính điểm nhóm dù không làm gì thì liên hệ Telegram @abc, giá 500k.",1,,
,"Ai muốn xóa log gian lận thì liên hệ Facebook, giá 100k.",1,,
,"không đăng nhập được vào trang đăng ký đề tài, ai giúp với.",0,,
,Tìm bạn cùng làm đề tài Ứng dụng quản lý sinh viên môn Học máy.,0,,
,Mọi người cho hỏi deadline bài tập lớn môn An toàn thông tin ạ.,0,,
,"Mình có slot nội bộ đề tài Ứng dụng quản lý chi tiêu, giá 1 triệu, ai cần ib.",1,,
,"Mình bán tài khoản đã verify, dùng đăng ký đề tài Chatbot tư vấn tuyển sinh, giá 200k.",1,,
,Mọi người thấy đề tài Ứng dụng học tiếng Anh có phù hợp cho sinh viên năm 3 không?,0,,
,chốt lịch họp nhóm cuối kỳ nha mọi người.,0,,
,"ai cần giấy khen giả để xét học bổng, ib facebook, giá 100k.",1,,
,"Ai biết cách hack tài khoản trường không, chỉ mình với, trả 200k.",1,,
,"Mọi người ơi, mình đăng ký đề tài Web bán đồ ăn bị lỗi, ai giúp với.",0,,
,Mọi người cập nhật tiến độ đề tài Web bán đồ ăn cho mình nhé.,0,,
,"Nhờ thầy thầy Nam nâng điểm chuyên cần, giá 200k.",1,,
,Mình muốn trao đổi về kiến trúc hệ thống cho đề tài Hệ thống đặt vé xe.,0,,
,Cô cô Phương nhắn riêng: đóng 100k để được duyệt đề tài Website bán hàng.,1,,
,Đề tài Ứng dụng quản lý sinh viên của thầy thầy Hùng có còn slot không mọi người?,0,,
,"Làm hộ giấy xác nhận khó khăn, giá 5 triệu, liên hệ Facebook.",1,,
,"Mình cần nâng điểm bảo vệ đề tài Hệ thống điểm danh, giá 100k.",1,,
,"Mình bán suất thành viên nhóm đề tài AI phát hiện gian lận, giá 5 triệu, bao điểm.",1,,
,"mình đọc paper về hệ thống thư viện, thấy khá hay, mọi người tham khảo.",0,,
,Mọi người cho mình hỏi quy định về tài liệu tham khảo với.,0,,
,"Mình nhận làm hộ toàn bộ đề tài Website đăng ký đề tài, bao sửa đến khi bảo vệ xong.",1,,
,"Mình nhận chạy điểm nhóm môn Trí tuệ nhân tạo, ai cần ib Facebook, giá 1 triệu.",1,,
,"Cảm ơn mọi người, mình đã hoàn thành đề tài Hệ thống thư viện rồi.",0,,
,"Ai có đáp án đề thi môn Cơ sở dữ liệu không, cho tớ xin, tớ trả 5 triệu.",1,,
,Cảm ơn bạn đã gửi tài liệu môn Cơ sở dữ liệu cho mình.,0,,
,"Dịch vụ viết thuê luận văn môn Học máy, uy tín, giá 100k.",1,,
,Có ai biết quy định xin gia hạn deadline môn Phân tích thiết kế hệ thống không?,0,,
,"Mình là sinh viên khó khăn, cần 2 triệu để đóng phí bảo vệ, ib số 0987....",1,,
,"Nếu không chuyển 200k, mình sẽ xóa đề tài Website bán hàng của bạn.",1,,
,"mình muốn đăng ký đề tài web bán đồ ăn, mọi người cho mình hỏi thủ tục.",0,,
,"Mình có thể tạo minh chứng nộp báo cáo Ứng dụng quản lý chi tiêu, giá 100k.",1,,
,"Mình muốn lập nhóm làm đề tài AI phát hiện gian lận, ai cùng chí hướng.",0,,
,"Chia sẻ acc học online, giá 5 triệu, ib ib riêng.",1,,
,"Làm giả chữ ký giảng viên cô Phương, giá 10 triệu.",1,,
,"Nhờ người quen trong khoa sửa điểm, giá 2 triệu.",1,,
,"Ai cần làm hộ bài tập lớn Hệ thống thư viện không? Mình làm từ A-Z, giá 2 triệu.",1,,
,"nhóm mình đang tuyển thành viên, không yêu cầu quá cao.",0,,
,Cho mình hỏi cách viết báo cáo đề tài Ứng dụng đặt lịch khám với ạ.,0,,
,"Ai quen cô cô Lan không, xin nâng điểm môn Nhập môn lập trình, mình trả 10 triệu.",1,,
,Mình cần góp ý cho phần demo đề tài Hệ thống thư viện.,0,,
,"bán đáp án thi cuối kỳ môn thương mại điện tử, giá 2 triệu, ib facebook.",1,,
,"Nhóm mình thiếu người, ai vào nhóm chỉ cần nộp tiền 500k, không cần làm gì.",1,,
,"Ai cần làm hộ bài tập lớn Chatbot tư vấn tuyển sinh không? Mình làm từ A-Z, giá 500k.",1,,
,thông báo: nhóm đề tài website bán hàng nộp báo cáo trước tuần sau nhé.,0,,
,"Bán biên lai đóng tiền đề tài giả, giá 10 triệu.",1,,
,"Cần hack vào hệ thống đăng ký đề tài Ứng dụng quản lý chi tiêu, trả 100k.",1,,
,Mọi người cho ý kiến về database cho đề tài Website bán hàng với.,0,,
,Mọi người nên tham khảo nhiều nguồn cho đề tài AI phát hiện gian lận.,0,,
,Tống tiền: đưa 200k nếu không muốn bị đánh.,1,,
,"Ai muốn được tính điểm nhóm dù không làm gì thì liên hệ Facebook, giá 2 triệu.",1,,
,"Link này nhận học bổng 10 triệu, sinh viên nhập thông tin tài khoản để nhận.",1,,
,"Quảng cáo: mua báo cáo Website đăng ký đề tài tặng kèm bảo vệ, giá 100k.",1,,
,"cần người ứng tiền làm đồ án ai phát hiện gian lận, hứa trả 100k, ib số 0987....",1,,
,"Thầy thầy Bình ơi, cho em hỏi về đề tài Website bán hàng với ạ.",0,,
,có ai biết quy định xin gia hạn deadline môn nhập môn lập trình không?,0,,
,"Làm hộ báo cáo Website bán hàng môn Cơ sở dữ liệu, chỉ 100k, giao đúng hạn.",1,,
,Mình đã đăng ký đề tài Ứng dụng quản lý chi tiêu thành công rồi mọi người.,0,,
,"Xin đáp án assignment môn Trí tuệ nhân tạo, mình gửi 500k cảm ơn.",1,,
,Mình nghĩ nhóm nên chia task lại cho hợp lý hơn.,0,,
,cảm ơn mọi người đã giúp mình làm đề tài ứng dụng đặt lịch khám.,0,,
,"Bán slot đề tài Hệ thống điểm danh cho ai chưa đăng ký, giá 5 triệu, ib Telegram @abc.",1,,
,"Mình nhận làm hộ toàn bộ đề tài Ứng dụng quản lý chi tiêu, bao sửa đến khi bảo vệ xong.",1,,
,Ai phụ trách hệ thống cho mình hỏi lỗi này với.,0,,
,"Cô cô Mai không kiểm tra đâu, ai muốn vào nhóm cho có thì trả 500k.",1,,
,"Ai muốn yên thân thì trả 500k, ib Zalo 09xx.",1,,
,"Cần đáp án bài kiểm tra Nhập môn lập trình, ai có share mình với, hậu tạ 5 triệu.",1,,
,"Nhóm trưởng gian lận, mình có bằng chứng, ai muốn mua im lặng ib số 0987....",1,,
,Nhóm mình họp lúc tối nay ở thư viện nhé.,0,,
,Tống tiền: đưa 1 triệu nếu không muốn bị đánh.,1,,
,trang web báo lỗi khi tớ đăng ký đề tài hệ thống đặt vé xe.,0,,
,Ai có kinh nghiệm về Chatbot tư vấn tuyển sinh muốn join nhóm không?,0,,
,Mọi người thấy phần demo đề tài Ứng dụng quản lý sinh viên ổn chưa?,0,,
,"Cần hack vào hệ thống đăng ký đề tài Ứng dụng đặt lịch khám, trả 50k.",1,,
,Deadline đăng ký đề tài Ứng dụng quản lý chi tiêu còn không mọi người?,0,,
,"mình upload tài liệu đề tài ứng dụng đặt lịch khám lên drive rồi, mọi người xem nhé.",0,,
,"Mình có slot nội bộ đề tài AI phát hiện gian lận, giá 1 triệu, ai cần ib.",1,,
,"Cần người tác động để qua môn Thương mại điện tử, giá 200k.",1,,
,"Tuyển cộng tác viên làm đề tài, đóng phí 200k để nhận việc.",1,,
,thầy cô phương đã duyệt đề tài ứng dụng quản lý chi tiêu cho mình chưa?,0,,
,"Nhờ người quen trong khoa sửa điểm, giá 5 triệu.",1,,
,Ai biết thông tin về đề tài Hệ thống đặt vé xe không? Cho mình hỏi với.,0,,
,Ai có kinh nghiệm làm đề tài Ứng dụng học tiếng Anh chỉ mình với.,0,,
,"Kêu gọi quyên góp cho lớp, ai chuyển 50k mình ghi nhận điểm rèn luyện.",1,,
,"Nhóm ơi, mình cập nhật tiến độ đề tài Hệ thống thư viện vào tối nay nhé.",0,,
,Hạn bảo vệ đề tài Chatbot tư vấn tuyển sinh là ngày mai đúng không?,0,,
,"Mình có thể thêm tên vào nhóm đề tài Hệ thống điểm danh, giá 500k, không cần làm.",1,,
,"Mình muốn đổi điểm đề tài AI phát hiện gian lận, ai giúp ib ib riêng, hậu tạ 500k.",1,,
,Bạn nào muốn làm đề tài AI phát hiện gian lận với mình thì ib nhé.,0,,
,tớ muốn hỏi về quy định trích dẫn trong báo cáo đề tài hệ thống điểm danh.,0,,
,Góp ý nhẹ: slide thuyết trình nên ngắn gọn hơn.,0,,
,"Nhóm mình đã chốt đề tài Web bán đồ ăn, mọi người xem qua nhé.",0,,
,Đề tài Ứng dụng quản lý chi tiêu của thầy cô Phương có còn slot không mọi người?,0,,
,"cần đáp án bài kiểm tra trí tuệ nhân tạo, ai có share tớ với, hậu tạ 5 triệu.",1,,
,Ai có kinh nghiệm làm đề tài Web bán đồ ăn chỉ mình với.,0,,
,"Nhóm mình nhận làm hộ đồ án Website đăng ký đề tài cho sinh viên, giá 500k, deadline tối nay.",1,,
,"Mình quên deadline nộp slide đề tài Hệ thống đặt vé xe, ai nhắc với.",0,,
,Cảm ơn nhóm đã làm việc chăm chỉ cho đề tài Ứng dụng đặt lịch khám.,0,,
,"Mọi người rảnh ngày mai không, tớ bàn đề tài Website đăng ký đề tài.",0,,
,"Ai biết cách hack tài khoản trường không, chỉ mình với, trả 2 triệu.",1,,
,Cảm ơn thầy thầy Bình đã hướng dẫn em đề tài Chatbot tư vấn tuyển sinh.,0,,
,Mình nghĩ bạn nên sửa phần này trong báo cáo đề tài Hệ thống đặt vé xe.,0,,
,"Mình cần nâng điểm bảo vệ đề tài Chatbot tư vấn tuyển sinh, giá 5 triệu.",1,,
,"Cần bán gấp slot đề tài AI phát hiện gian lận, giá 2 triệu, liên hệ ib riêng.",1,,
,Thảo luận chút: đề tài Ứng dụng đặt lịch khám nên làm web hay mobile?,0,,
,Mọi người cho mình xin tài liệu ôn thi môn Trí tuệ nhân tạo với ạ.,0,,
,"Cần người tạo tài khoản ảo để vote đề tài Chatbot tư vấn tuyển sinh, trả 2 triệu.",1,,
,Mình không nhận được email xác nhận đề tài Ứng dụng đặt lịch khám.,0,,
,"Ai có thể sửa điểm trên hệ thống môn Phân tích thiết kế hệ thống không, trả 2 triệu.",1,,
,"Dịch vụ xâm nhập tài khoản giảng viên thầy Nam, giá 2 triệu.",1,,
,Tiến độ đề tài Ứng dụng quản lý chi tiêu đến đâu rồi mọi người?,0,,
,"Mình gửi bản nháp đề tài Hệ thống đặt vé xe, mọi người xem giúp.",0,,
,"Làm hộ báo cáo Ứng dụng quản lý sinh viên môn Công nghệ phần mềm, chỉ 200k, giao đúng hạn.",1,,
,Mọi người cho mình hỏi cách triển khai đề tài Ứng dụng quản lý sinh viên.,0,,
,"Ai có thể sửa điểm trên hệ thống môn An toàn thông tin không, trả 500k.",1,,
,"Mình có ảnh nhạy cảm của cậu, chuyển 10 triệu nếu không muốn bị phát tán.",1,,
,"Thuê người vote cho nhóm mình trong cuộc thi Ứng dụng đặt lịch khám, giá 200k.",1,,
,Ai chưa làm phần của mình thì báo để mình hỗ trợ.,0,,
,cho mình hỏi hạn nộp báo cáo môn học máy với ạ.,0,,
,ai muốn dùng tài khoản mình để nộp bài thì trả 100k.,1,,
,"Dịch vụ xâm nhập tài khoản giảng viên cô Phương, giá 5 triệu.",1,,
,"bán slot đăng ký đề tài ứng dụng quản lý chi tiêu, ai cần ib số 0987..., giá 2 triệu.",1,,
,"bán phao thi môn an toàn thông tin, đảm bảo pass, giá 100k, ib ib riêng.",1,,
,"Cô cô Mai không kiểm tra đâu, ai muốn vào nhóm cho có thì trả 5 triệu.",1,,
,"Mình là sinh viên khó khăn, cần 200k để đóng phí bảo vệ, ib số 0987....",1,,
,"Cảm ơn bạn nhiều, tài liệu rất hữu ích cho đề tài AI phát hiện gian lận.",0,,
,Ai chưa nộp phần của mình cho đề tài Hệ thống đặt vé xe thì gửi gấp.,0,,
,"Mình đang tìm hiểu về Website bán hàng, có ai thảo luận không?",0,,
,Mình cảm ơn nhóm đã hỗ trợ trong đề tài Hệ thống đặt vé xe.,0,,
,mình đã tạo form điểm danh nhóm đề tài ứng dụng đặt lịch khám.,0,,
,Mình cảm ơn nhóm đã hỗ trợ trong đề tài Hệ thống đặt vé xe.,0,,
,cảm ơn mọi người đã góp ý cho bài báo cáo của tớ.,0,,
,"ai cần giải hộ code đề tài ứng dụng đặt lịch khám không? giá 50k, ib số 0987....",1,,
,"Mình có nguồn đề thi môn An toàn thông tin, chỉ cần trả 100k qua nick mess.",1,,
,"mình đọc paper về ứng dụng quản lý chi tiêu, thấy khá hay, mọi người tham khảo.",0,,
,"Bán tài khoản sinh viên môn Trí tuệ nhân tạo, giá 5 triệu, ib nick mess.",1,,
,"mọi người ơi, nhóm mình cần thêm 1 thành viên nghiêm túc.",0,,
,"Share đáp án đề cương môn Trí tuệ nhân tạo, ai cần vào link tinyurl.com/....",1,,
,"Chuyển 500k nhanh, không mình gửi đơn tố cáo lên khoa.",1,,
,Cảm ơn nhóm đã làm việc chăm chỉ cho đề tài Hệ thống điểm danh.,0,,
,Ai muốn tham gia nhóm làm đề tài Ứng dụng quản lý chi tiêu không?,0,,
,"Nhận viết review chéo cho nhóm, giá 100k, ib số 0987....",1,,
,"Mình là sinh viên khó khăn, cần 100k để đóng phí bảo vệ, ib Facebook.",1,,
,"Ai cần giấy khen giả để xét học bổng, ib nick mess, giá 10 triệu.",1,,
,Thầy thầy Nam đã duyệt đề tài Hệ thống đặt vé xe cho mình chưa?,0,,
,Ai biết thông tin về đề tài Hệ thống thư viện không? Cho mình hỏi với.,0,,
,Ai muốn dùng tài khoản mình để nộp bài thì trả 100k.,1,,
,"Bán đáp án thi cuối kỳ môn Nhập môn lập trình, giá 1 triệu, ib Facebook.",1,,
,Ai có sách tham khảo môn Khai phá dữ liệu cho mình mượn với.,0,,
,Ai phụ trách hệ thống cho tớ hỏi lỗi này với.,0,,
,"Dịch vụ nâng điểm môn Công nghệ phần mềm, giá 10 triệu, ai cần ib Telegram @abc.",1,,
,"Ai có đáp án đề thi môn Học máy không, cho mình xin, mình trả 5 triệu.",1,,
,"Mình biết lỗ hổng web trường, có thể đổi điểm, ib nick mess.",1,,
,Mình nghĩ bạn nên sửa phần này trong báo cáo đề tài AI phát hiện gian lận.,0,,
,"Mình có đề tài AI phát hiện gian lận full source, chỉ cần đổi tên là nộp, giá 200k.",1,,
,"Mọi người ơi, hệ thống đăng ký đề tài Website bán hàng bị lỗi.",0,,
,"Cần người đứng tên nhóm môn Phân tích thiết kế hệ thống, trả 500k, ib Telegram @abc.",1,,
,"Mình muốn lập nhóm làm đề tài Website đăng ký đề tài, ai cùng chí hướng.",0,,
,Tống tiền: đưa 5 triệu nếu không muốn bị đánh.,1,,
,"Mình có slot nội bộ đề tài Website đăng ký đề tài, giá 5 triệu, ai cần ib.",1,,
,"Mình đang tìm hiểu về Ứng dụng học tiếng Anh, có ai thảo luận không?",0,,
,Mọi người nghĩ đề tài Website bán hàng nên dùng công nghệ gì?,0,,
,"Chuyển 2 triệu nhanh, không mình gửi đơn tố cáo lên khoa.",1,,
,Thầy thầy Nam gia hạn deadline môn An toàn thông tin chưa?,0,,
,Cho mình hỏi yêu cầu đề tài Hệ thống đặt vé xe môn Học máy với ạ.,0,,
,"Ai viết đánh giá 5 sao cho đề tài AI phát hiện gian lận không, mình trả 1 triệu.",1,,
,"Mọi người ơi, deadline đề tài Ứng dụng quản lý sinh viên là khi nào vậy?",0,,
,Ai muốn dùng tài khoản mình để nộp bài thì trả 100k.,1,,
,"Link này nhận học bổng 200k, sinh viên nhập thông tin tài khoản để nhận.",1,,
,"Share đáp án đề cương môn Trí tuệ nhân tạo, ai cần vào link drive.google.com/....",1,,
,"Dịch vụ nâng điểm môn Cơ sở dữ liệu, giá 10 triệu, ai cần ib Zalo 09xx.",1,,
,ai có kinh nghiệm làm đề tài ứng dụng quản lý sinh viên chỉ mình với.,0,,
,"Mình muốn đăng ký đề tài Ứng dụng học tiếng Anh, mọi người cho mình hỏi thủ tục.",0,,
,"dịch vụ viết thuê luận văn môn an toàn thông tin, uy tín, giá 2 triệu.",1,,
,Mọi người cho mình hỏi cách triển khai đề tài Hệ thống đặt vé xe.,0,,
,mọi người có tài liệu tham khảo cho đề tài ai phát hiện gian lận không?,0,,
,"Mình vừa tìm được paper về Ứng dụng học tiếng Anh, ai cần không?",0,,
,"Mình là trợ giảng môn An toàn thông tin, có thể sửa điểm, ai cần ib số 0987..., giá 5 triệu.",1,,
,"ai muốn được tính điểm nhóm dù không làm gì thì liên hệ nick mess, giá 1 triệu.",1,,
,Deadline đăng ký đề tài Ứng dụng học tiếng Anh còn không mọi người?,0,,
,"Mình là trợ giảng môn Học máy, có thể sửa điểm, ai cần ib Telegram @abc, giá 200k.",1,,
,"Thầy thầy Hùng thông báo nộp phí bảo vệ đề tài Hệ thống thư viện, ai chưa nộp ib ib riêng.",1,,
,"Mình có tool lấy mật khẩu sinh viên, ai cần ib số 0987..., giá 5 triệu.",1,,
,"Cần bán gấp slot đề tài Website bán hàng, giá 1 triệu, liên hệ số 0987....",1,,
,"Mọi người ơi, đề tài Ứng dụng học tiếng Anh môn Nhập môn lập trình có khó không?",0,,
,Mọi người nhớ cập nhật task trên trello nhé.,0,,
,"Đừng lo, đề tài Ứng dụng quản lý sinh viên không khó nếu làm đúng quy trình.",0,,
,"Nhóm mình nhận làm hộ đồ án Chatbot tư vấn tuyển sinh cho sinh viên, giá 10 triệu, deadline trước deadline.",1,,
,Ai biết cách sửa lỗi upload file đề tài Website đăng ký đề tài không?,0,,
,"mình từng làm đề tài website đăng ký đề tài, mọi người nên bắt đầu sớm.",0,,
,"Thầy thầy Hùng ơi, cho em hỏi về đề tài AI phát hiện gian lận với ạ.",0,,
,"Thầy thầy Hùng ơi, cho em hỏi về đề tài AI phát hiện gian lận với ạ.",0,,
,Mình nghĩ nhóm nên chia task lại cho hợp lý hơn.,0,,
,Mọi người cho tớ hỏi cách triển khai đề tài Hệ thống điểm danh.,0,,
,"Chuyển 10 triệu nhanh, không mình gửi đơn tố cáo lên khoa.",1,,
,Mình chia sẻ chút kinh nghiệm bảo vệ đề tài Website bán hàng.,0,,
,"Nhóm ơi, thầy cô Mai vừa nhắc về đề tài Ứng dụng quản lý sinh viên.",0,,
,"Mình muốn đổi đề tài Website đăng ký đề tài, cần làm gì ạ?",0,,
,"Mình có bằng chứng cậu hack tài khoản, trả 500k đi.",1,,
,"Mọi người ơi, mình đăng ký đề tài Ứng dụng học tiếng Anh bị lỗi, ai giúp với.",0,,
,"Bán đáp án thi cuối kỳ môn Nhập môn lập trình, giá 100k, ib số 0987....",1,,
,"Có cách nào qua môn Cơ sở dữ liệu không, cần đáp án gấp, giá 200k.",1,,
,Cảm ơn mọi người đã giúp mình làm đề tài Ứng dụng học tiếng Anh.,0,,
,Mình chia sẻ chút kinh nghiệm bảo vệ đề tài Hệ thống đặt vé xe.,0,,
,Mình cần tìm 1 cậu làm phần frontend cho đề tài Website đăng ký đề tài.,0,,
,thảo luận chút: đề tài ứng dụng đặt lịch khám nên làm web hay mobile?,0,,
,"Cần người ứng tiền làm đồ án Website đăng ký đề tài, hứa trả 5 triệu, ib Facebook.",1,,
,"Cho mượn tài khoản qua môn Lập trình web, giá 10 triệu.",1,,
,"nhóm ơi, mình cập nhật tiến độ đề tài hệ thống đặt vé xe vào tối nay nhé.",0,,
,Có ai biết lịch bảo vệ đề tài Ứng dụng học tiếng Anh chưa?,0,,
,mình cảm ơn mọi người đã nhắc deadline môn công nghệ phần mềm.,0,,
,"Cho mượn tài khoản qua môn Trí tuệ nhân tạo, giá 1 triệu.",1,,
,"Cho thuê tài khoản để thi hộ, giá 100k, bao qua môn.",1,,
,"Cần người ứng tiền làm đồ án Website bán hàng, hứa trả 50k, ib Zalo 09xx.",1,,
,"Mọi người ơi, quy chế thi môn Công nghệ phần mềm thế nào?",0,,
,"Nhóm ơi, mình đã xong phần tài liệu đề tài Ứng dụng quản lý sinh viên.",0,,
,Mình muốn trao đổi về kiến trúc hệ thống cho đề tài Web bán đồ ăn.,0,,
,Hạn bảo vệ đề tài Hệ thống điểm danh là cuối kỳ đúng không?,0,,
,"Ai muốn được tính điểm nhóm dù không làm gì thì liên hệ Facebook, giá 2 triệu.",1,,
,"nhờ người quen trong khoa sửa điểm, giá 100k.",1,,
,Kinh nghiệm làm đề tài Ứng dụng đặt lịch khám là chia nhỏ task ra nhé.,0,,
,"Cần gấp tiền làm đề tài Ứng dụng quản lý chi tiêu, ai cho vay 200k mình trả gấp đôi.",1,,
,Chốt lịch họp nhóm cuối kỳ nha mọi người.,0,,
,mình rút ra được nhiều bài học khi làm đề tài ai phát hiện gian lận.,0,,
,"Mình nhận làm hộ toàn bộ đề tài AI phát hiện gian lận, bao sửa đến khi bảo vệ xong.",1,,
,"Nhóm mình thiếu người, ai rảnh tham gia đề tài Ứng dụng đặt lịch khám nhé.",0,,
,"Quảng cáo: mua báo cáo Web bán đồ ăn tặng kèm bảo vệ, giá 100k.",1,,
,"Nhận viết review chéo cho nhóm, giá 1 triệu, ib nick mess.",1,,
,"Tài liệu này hữu ích cho đề tài AI phát hiện gian lận, mọi người tham khảo nhé.",0,,
,"Ai giúp mình xin điểm cao môn An toàn thông tin, mình trả 50k.",1,,
,Ai có kinh nghiệm về Hệ thống đặt vé xe cho tớ hỏi chút.,0,,
,cảm ơn thầy thầy hùng đã hướng dẫn em đề tài hệ thống thư viện.,0,,
,"Tuyển cộng tác viên làm đề tài, đóng phí 10 triệu để nhận việc.",1,,
,"Tuyển cộng tác viên làm đề tài, đóng phí 5 triệu để nhận việc.",1,,
,Trường mình có quy định gì về đăng ký đề tài Ứng dụng quản lý chi tiêu không?,0,,
,"Mình biết lỗ hổng web trường, có thể đổi điểm, ib nick mess.",1,,
,ai chưa vào nhóm đề tài hệ thống điểm danh thì báo mình.,0,,
,có ai biết lịch bảo vệ đề tài ứng dụng học tiếng anh chưa?,0,,
,"Link này nhận học bổng 50k, sinh viên nhập thông tin tài khoản để nhận.",1,,
,"Bên mình nhận làm đề tài Ứng dụng quản lý chi tiêu, báo cáo, slide, giá 500k, ib Facebook.",1,,
,Thông báo họp nhóm môn Lập trình web vào ngày mai.,0,,
,"Nhóm mình thiếu người, ai vào nhóm chỉ cần nộp tiền 500k, không cần làm gì.",1,,
,"Mình có ảnh nhạy cảm của bạn, chuyển 200k nếu không muốn bị phát tán.",1,,
,Deadline đăng ký đề tài Website bán hàng còn không mọi người?,0,,
,Cảm ơn mọi người đã giúp mình làm đề tài Hệ thống đặt vé xe.,0,,
,"Làm giả chữ ký giảng viên cô Phương, giá 5 triệu.",1,,
,"quảng cáo: mua báo cáo hệ thống đặt vé xe tặng kèm bảo vệ, giá 5 triệu.",1,,
,"ai giúp mình xin điểm cao môn an toàn thông tin, mình trả 200k.",1,,
,"Ai muốn nhóm mình đánh giá cao thì chuyển 200k, ib nick mess.",1,,
,Bạn thử tham khảo thêm nguồn này cho đề tài Hệ thống đặt vé xe nhé.,0,,
,"Mình có đề tài Hệ thống điểm danh full source, chỉ cần đổi tên là nộp, giá 100k.",1,,
,"bán phao thi môn học máy, đảm bảo pass, giá 1 triệu, ib zalo 09xx.",1,,
,"Nếu không trả 5 triệu, mình sẽ tố cáo nhóm bạn gian lận đề tài Hệ thống đặt vé xe.",1,,
,Ai chưa nộp phần của mình cho đề tài Ứng dụng học tiếng Anh thì gửi gấp.,0,,
,"Ai cần tài khoản trường để đăng ký đề tài Website đăng ký đề tài không, mình cho thuê 50k.",1,,
,thông báo họp nhóm môn nhập môn lập trình vào ngày mai.,0,,
,"Nhóm mình thiếu người, ai rảnh tham gia đề tài Hệ thống đặt vé xe nhé.",0,,
,"nhóm mình thiếu người, ai vào nhóm chỉ cần nộp tiền 200k, không cần làm gì.",1,,
,"Mình vừa tìm được paper về Website bán hàng, ai cần không?",0,,
,"Chuyển 1 triệu nhanh, không mình gửi đơn tố cáo lên khoa.",1,,
,Quy định bảo vệ đề tài Hệ thống thư viện gồm những gì ạ?,0,,
,"mình có bằng chứng bạn hack tài khoản, trả 2 triệu đi.",1,,
,Mọi người cho ý kiến về database cho đề tài Ứng dụng quản lý sinh viên với.,0,,
,Mình muốn hỏi về quy định trích dẫn trong báo cáo đề tài Ứng dụng học tiếng Anh.,0,,
,"mình cần đáp án bài thi cơ sở dữ liệu, ai có ib nick mess, trả 500k.",1,,
,"Mọi người ơi, nhóm mình cần thêm 1 thành viên nghiêm túc.",0,,
,"Mình vừa tìm được paper về Website bán hàng, ai cần không?",0,,
,"cần hack vào hệ thống đăng ký đề tài ứng dụng học tiếng anh, trả 5 triệu.",1,,
,Cho mình hỏi yêu cầu đề tài Ứng dụng quản lý chi tiêu môn Lập trình web với ạ.,0,,
,ai muốn tham gia nhóm làm đề tài website đăng ký đề tài không?,0,,
,"Ai cần giấy khen giả để xét học bổng, ib Telegram @abc, giá 200k.",1,,
,Ai chưa nộp phần của mình cho đề tài AI phát hiện gian lận thì gửi gấp.,0,,
,Hạn bảo vệ đề tài AI phát hiện gian lận là thứ 6 này đúng không?,0,,
,"Thanh lý đề tài Ứng dụng đặt lịch khám môn Học máy, giá 10 triệu, tặng kèm tài liệu ôn bảo vệ.",1,,
,"Cô cô Lan nhờ thu tiền lớp, ai nộp 5 triệu thì qua môn Nhập môn lập trình.",1,,
,mình muốn hỏi về quy định trích dẫn trong báo cáo đề tài ai phát hiện gian lận.,0,,
,"Mình là trợ giảng môn Thương mại điện tử, có thể sửa điểm, ai cần ib Telegram @abc, giá 50k.",1,,
,"Dịch vụ xâm nhập tài khoản giảng viên cô Lan, giá 10 triệu.",1,,
,"Nhóm mình thiếu người, ai vào nhóm chỉ cần nộp tiền 500k, không cần làm gì.",1,,
,"Mình có thể thêm tên vào nhóm đề tài Website đăng ký đề tài, giá 1 triệu, không cần làm.",1,,
,"Cần xin điểm B+ môn Công nghệ phần mềm, trả 100k, ib số 0987....",1,,
,"Mình biết lỗ hổng web trường, có thể đổi điểm, ib số 0987....",1,,
,"cần chạy điểm môn lập trình web, ai làm được ib ib riêng, giá 10 triệu.",1,,
,"Cần xin điểm B+ môn Học máy, trả 500k, ib Telegram @abc.",1,,
,"Mình còn phần báo cáo chưa xong, ai giúp được không?",0,,
,Mọi người hướng dẫn giúp mình cách làm đề tài Hệ thống đặt vé xe với.,0,,
,Mọi người thấy phần demo đề tài Ứng dụng học tiếng Anh ổn chưa?,0,,
,"Mọi người rảnh ngày mai không, mình bàn đề tài Website bán hàng.",0,,
,mọi người nghĩ đề tài hệ thống thư viện nên dùng công nghệ gì?,0,,
,ai từng làm đề tài website bán hàng rồi cho mình xin review.,0,,
,"Ai làm rồi cho mình xem đáp án môn Học máy với, mình trả 2 triệu.",1,,
,Mọi người nên tham khảo nhiều nguồn cho đề tài Ứng dụng quản lý chi tiêu.,0,,
,"chuyển 200k nhanh, không mình gửi đơn tố cáo lên khoa.",1,,
,Mình đã tạo form điểm danh nhóm đề tài Ứng dụng đặt lịch khám.,0,,
,Hẹn mọi người ngày mai online để chia task đề tài Website bán hàng.,0,,
,"Cho mượn tài khoản qua môn Lập trình web, giá 5 triệu.",1,,
,Mình không nhận được email xác nhận đề tài Chatbot tư vấn tuyển sinh.,0,,
,"Thầy thầy Bình ơi, em nộp đề tài Chatbot tư vấn tuyển sinh muộn được không ạ?",0,,
,Tìm bạn cùng làm đề tài Ứng dụng quản lý sinh viên môn Khai phá dữ liệu.,0,,
,Mình đã đăng ký đề tài Ứng dụng đặt lịch khám thành công rồi mọi người.,0,,
,"Theo mình, phần kết luận cần rõ ràng hơn.",0,,
,"Ai chưa có đề tài, mình bán slot Chatbot tư vấn tuyển sinh, giá 10 triệu.",1,,
,"Hệ thống chat bị lag, mọi người có bị không?",0,,
,Ai trong nhóm đề tài Web bán đồ ăn thì điểm danh giúp mình.,0,,
,"Thầy thầy Hùng ơi, em nộp đề tài Ứng dụng đặt lịch khám muộn được không ạ?",0,,
,cô thầy hùng nhắn riêng: đóng 50k để được duyệt đề tài ứng dụng quản lý chi tiêu.,1,,
,"Link này nhận học bổng 5 triệu, sinh viên nhập thông tin tài khoản để nhận.",1,,
,"Mình nhận làm giấy xác nhận sinh viên giả, giá 5 triệu.",1,,
,mọi người cho mình hỏi cách triển khai đề tài ứng dụng quản lý chi tiêu.,0,,
,"dịch vụ viết thuê luận văn môn học máy, uy tín, giá 50k.",1,,
,"Ai muốn chiếm slot đề tài Ứng dụng quản lý sinh viên thì mình hack giúp, giá 2 triệu.",1,,
,Deadline môn Công nghệ phần mềm có được dời không mọi người?,0,,
,"Ai cần làm hộ bài tập lớn Hệ thống thư viện không? Mình làm từ A-Z, giá 50k.",1,,
,"Mình gửi link meeting vào cuối kỳ, mọi người tham gia nhé.",0,,
,"Mình muốn đăng ký đề tài Hệ thống đặt vé xe, cần chuẩn bị gì ạ?",0,,
,"Ai cần giải hộ code đề tài Hệ thống điểm danh không? Giá 5 triệu, ib Zalo 09xx.",1,,
,"Nếu không trả 5 triệu, mình sẽ tố cáo nhóm bạn gian lận đề tài Website đăng ký đề tài.",1,,
,"Ai cần làm hộ bài tập lớn AI phát hiện gian lận không? Mình làm từ A-Z, giá 10 triệu.",1,,
,Ai chưa nộp phần của mình cho đề tài Ứng dụng quản lý sinh viên thì gửi gấp.,0,,
,"Ai muốn mua đề tài Ứng dụng quản lý sinh viên thì cọc 10 triệu, mình gửi file sau.",1,,
,ai chưa vào nhóm đề tài hệ thống đặt vé xe thì báo mình.,0,,
,bạn nào muốn làm đề tài chatbot tư vấn tuyển sinh với mình thì ib nhé.,0,,
,"Cung cấp minh chứng ngoại khóa giả, giá 2 triệu, link drive.google.com/....",1,,
,"Cần mua đánh giá tốt cho giảng viên cô Phương, giá 5 triệu.",1,,
,Đề tài Chatbot tư vấn tuyển sinh cần biết trước công nghệ gì ạ?,0,,
,Đề tài Ứng dụng đặt lịch khám cần biết trước công nghệ gì ạ?,0,,
,Nhóm mình đã hoàn thành 50% đề tài Hệ thống đặt vé xe.,0,,
,cần 10 triệu nếu không mình sẽ báo cô cô mai bạn thi hộ.,1,,
,"Nhóm mình có người làm hộ, ai muốn tham gia trả 200k.",1,,
,Mình rút ra được nhiều bài học khi làm đề tài Website bán hàng.,0,,
,Cho mình hỏi hạn nộp báo cáo môn Nhập môn lập trình với ạ.,0,,
,Nhóm mình họp lúc trước deadline ở thư viện nhé.,0,,
,"Mình đang tìm hiểu về Hệ thống thư viện, có ai thảo luận không?",0,,
,"Có cách nào qua môn Khai phá dữ liệu không, cần đáp án gấp, giá 2 triệu.",1,,
,"thanh lý đề tài website đăng ký đề tài môn học máy, giá 50k, tặng kèm tài liệu ôn bảo vệ.",1,,
,"Đừng lo, đề tài Chatbot tư vấn tuyển sinh không khó nếu làm đúng quy trình.",0,,
,"Bán đề tài Website đăng ký đề tài môn Nhập môn lập trình, có full báo cáo và slide, giá 100k. Ai cần ib Telegram @abc.",1,,
,"Ai cần tài khoản trường để đăng ký đề tài Website bán hàng không, mình cho thuê 100k.",1,,
,Bạn nào muốn làm đề tài Ứng dụng quản lý chi tiêu với tớ thì ib nhé.,0,,
,Trường mình có quy định gì về đăng ký đề tài Ứng dụng đặt lịch khám không?,0,,
,Thông báo họp nhóm môn Lập trình web vào trước deadline.,0,,
,"Thuê người vote cho nhóm mình trong cuộc thi Website bán hàng, giá 500k.",1,,
,Mình cần tìm 1 bạn làm phần frontend cho đề tài Ứng dụng học tiếng Anh.,0,,
,"bán slot đăng ký đề tài ứng dụng học tiếng anh, ai cần ib ib riêng, giá 2 triệu.",1,,
,"nhóm ơi, thầy thầy hùng vừa nhắc về đề tài chatbot tư vấn tuyển sinh.",0,,
,"Nhóm ơi, thầy thầy Bình vừa nhắc về đề tài Ứng dụng quản lý chi tiêu.",0,,
,Ai có kinh nghiệm làm đề tài AI phát hiện gian lận chỉ mình với.,0,,
,"Bán suất đăng ký đề tài Website đăng ký đề tài cho khóa dưới, giá 5 triệu.",1,,
,"Cô thầy Bình yêu cầu đóng 1 triệu để chấm lại điểm, chuyển khoản gấp.",1,,
,"Chia sẻ tài khoản giảng viên thầy Hùng, giá 10 triệu, không ai biết.",1,,
,Mọi người cho tớ xin tài liệu ôn thi môn Cơ sở dữ liệu với ạ.,0,,
,Cho mình hỏi hạn nộp báo cáo môn Thương mại điện tử với ạ.,0,,
,Mọi người cho tớ feedback về ý tưởng đề tài Website đăng ký đề tài với.,0,,
,Mọi người cho mình hỏi quy định về tài liệu tham khảo với.,0,,
,"Mình từng làm đề tài Hệ thống thư viện, mọi người nên bắt đầu sớm.",0,,
,Mọi người cho mình hỏi quy định về tài liệu tham khảo với.,0,,
,Trang web báo lỗi khi mình đăng ký đề tài Chatbot tư vấn tuyển sinh.,0,,
,"share cho mọi người slide môn cơ sở dữ liệu nhé, link docs.google.com/....",0,,
,Mọi người hướng dẫn giúp mình cách làm đề tài Ứng dụng quản lý sinh viên với.,0,,
,"Nhóm ơi, thầy thầy Nam vừa nhắc về đề tài Ứng dụng quản lý sinh viên.",0,,
,mọi người đánh giá thế nào về hướng tiếp cận của đề tài ứng dụng học tiếng anh?,0,,
,"Bán tài khoản học tập môn Nhập môn lập trình, giá 5 triệu, ib Facebook.",1,,
,"Mình là sinh viên khó khăn, cần 100k để đóng phí bảo vệ, ib Telegram @abc.",1,,
,Mình cần hỏi về thủ tục xin đổi đề tài Website bán hàng.,0,,
,Mình nghĩ nhóm nên chia task lại cho hợp lý hơn.,0,,
,"Cần người tác động để qua môn Công nghệ phần mềm, giá 500k.",1,,
,"Ai cần giấy khen giả để xét học bổng, ib số 0987..., giá 5 triệu.",1,,
,"Mình biết lỗ hổng web trường, có thể đổi điểm, ib Facebook.",1,,
,Mọi người có tài liệu tham khảo cho đề tài Ứng dụng quản lý sinh viên không?,0,,
,"Góp ý tích cực: bài của bạn đã tốt, chỉ cần chỉnh format.",0,,
,"Nhận chạy tool, code đề tài Hệ thống thư viện, giá 2 triệu, liên hệ ib riêng.",1,,
,"Bán tài khoản sinh viên môn An toàn thông tin, giá 100k, ib số 0987....",1,,
,Kinh nghiệm của mình là chọn đề tài Chatbot tư vấn tuyển sinh nên tập trung vào demo.,0,,
,"Nhóm ơi, mình cập nhật tiến độ đề tài Website bán hàng vào tối nay nhé.",0,,
,"Mình bán suất thành viên nhóm đề tài Ứng dụng quản lý chi tiêu, giá 50k, bao điểm.",1,,
,"Nhận viết hộ báo cáo AI phát hiện gian lận, giá 2 triệu, tặng slide thuyết trình.",1,,
,"tớ muốn lập nhóm làm đề tài ứng dụng đặt lịch khám, ai cùng chí hướng.",0,,
,"cho thuê tài khoản để thi hộ, giá 2 triệu, bao qua môn.",1,,
,"Ai muốn chiếm slot đề tài AI phát hiện gian lận thì mình hack giúp, giá 100k.",1,,
,"Bán đề tài Hệ thống điểm danh môn Lập trình web, có full báo cáo và slide, giá 10 triệu. Ai cần ib Zalo 09xx.",1,,
,ai chưa nộp phần của mình cho đề tài ứng dụng quản lý chi tiêu thì gửi gấp.,0,,
,Đề tài Hệ thống thư viện của thầy thầy Nam có còn slot không mọi người?,0,,
,"Cô thầy Nam yêu cầu đóng 1 triệu để chấm lại điểm, chuyển khoản gấp.",1,,
,"Ai cần giải hộ code đề tài Hệ thống điểm danh không? Giá 50k, ib Facebook.",1,,
,"Cho thuê tài khoản để thi hộ, giá 5 triệu, bao qua môn.",1,,
,"Mình vừa tìm được paper về Web bán đồ ăn, ai cần không?",0,,
,"Nhóm mình có người làm hộ, ai muốn tham gia trả 1 triệu.",1,,
,Thầy thầy Nam có yêu cầu đặc biệt gì cho đề tài Ứng dụng quản lý sinh viên không?,0,,
,Mình cảm ơn nhóm đã hỗ trợ trong đề tài AI phát hiện gian lận.,0,,
,Thầy cô Mai có yêu cầu đặc biệt gì cho đề tài Ứng dụng học tiếng Anh không?,0,,
,"Bán phần mềm làm đề tài Ứng dụng đặt lịch khám, giá 1 triệu, link docs.google.com/....",1,,
,Kinh nghiệm của tớ là chọn đề tài Hệ thống thư viện nên tập trung vào demo.,0,,
,Cảm ơn nhóm đã làm việc chăm chỉ cho đề tài Ứng dụng quản lý chi tiêu.,0,,
,"Ai muốn nhóm mình đánh giá cao thì chuyển 10 triệu, ib Facebook.",1,,
,"Kêu gọi quyên góp cho lớp, ai chuyển 200k mình ghi nhận điểm rèn luyện.",1,,
,"Share đáp án đề cương môn Trí tuệ nhân tạo, ai cần vào link docs.google.com/....",1,,
,"Thuê làm hộ đồ án Hệ thống đặt vé xe, trả 5 triệu, yêu cầu không ai biết.",1,,
,"Mình bán suất thành viên nhóm đề tài Ứng dụng quản lý sinh viên, giá 100k, bao điểm.",1,,
,"Bán phao thi môn Khai phá dữ liệu, đảm bảo pass, giá 1 triệu, ib nick mess.",1,,
,Tống tiền: đưa 2 triệu nếu không muốn bị đánh.,1,,
,"Nhờ người quen trong khoa sửa điểm, giá 500k.",1,,
,"Ai cần giải hộ code đề tài Ứng dụng đặt lịch khám không? Giá 100k, ib Zalo 09xx.",1,,
,Đề tài Web bán đồ ăn cần biết trước công nghệ gì ạ?,0,,
,"Nhận giữ slot đề tài Hệ thống điểm danh, giá 50k, không cần đăng ký.",1,,
,"mình không nộp được báo cáo môn cơ sở dữ liệu, ai kiểm tra giúp.",0,,
,"Nhóm mình thiếu người, ai vào nhóm chỉ cần nộp tiền 2 triệu, không cần làm gì.",1,,
,"Góp ý tích cực: bài của bạn đã tốt, chỉ cần chỉnh format.",0,,
,Cho mình hỏi hạn nộp báo cáo môn Lập trình web với ạ.,0,,
,"Nhận cung cấp đề tài Ứng dụng đặt lịch khám theo yêu cầu, giá 2 triệu, giao trong cuối kỳ.",1,,
,Tống tiền: đưa 200k nếu không muốn bị đánh.,1,,
,"Mình bán suất thành viên nhóm đề tài Ứng dụng quản lý sinh viên, giá 50k, bao điểm.",1,,
,"ai giúp mình xin điểm cao môn an toàn thông tin, mình trả 200k.",1,,
,Mình cần xác nhận đăng ký đề tài Hệ thống thư viện với thầy thầy Bình.,0,,
,"Mình chưa biết bắt đầu đề tài Website bán hàng từ đâu, ai giúp với.",0,,
,"Mình là admin hệ thống, cần xác nhận tài khoản để duyệt đề tài, ib Zalo 09xx.",1,,
,"Nếu không chuyển 200k, mình sẽ xóa đề tài Ứng dụng đặt lịch khám của bạn.",1,,
,Mọi người nghĩ đề tài Hệ thống điểm danh nên dùng công nghệ gì?,0,,
,Mình cần góp ý cho phần demo đề tài AI phát hiện gian lận.,0,,
,"Bán tài khoản admin để sửa điểm môn Trí tuệ nhân tạo, giá 5 triệu.",1,,
,"Mình muốn đăng ký đề tài Website đăng ký đề tài, cần chuẩn bị gì ạ?",0,,
,"Mình có ảnh nhạy cảm của bạn, chuyển 500k nếu không muốn bị phát tán.",1,,
,Mình cần hỏi về thủ tục xin đổi đề tài Ứng dụng quản lý chi tiêu.,0,,
,"Mình có thể sửa kết quả bình chọn đề tài, giá 10 triệu.",1,,
,"mình có nguồn đề thi môn cơ sở dữ liệu, chỉ cần trả 1 triệu qua telegram @abc.",1,,
,Mình cảm ơn nhóm đã hỗ trợ trong đề tài Hệ thống điểm danh.,0,,
,"Mình không nộp được báo cáo môn An toàn thông tin, ai kiểm tra giúp.",0,,
,"Làm hộ báo cáo Web bán đồ ăn môn An toàn thông tin, chỉ 1 triệu, giao đúng hạn.",1,,
,"Ai cần giấy khen giả để xét học bổng, ib Zalo 09xx, giá 200k.",1,,
,Mình muốn hỏi về quy định trích dẫn trong báo cáo đề tài Ứng dụng quản lý sinh viên.,0,,
,"share đáp án đề cương môn học máy, ai cần vào link tinyurl.com/....",1,,
,"Mình đang tìm hiểu về Website bán hàng, có ai thảo luận không?",0,,
,Mọi người nên tham khảo nhiều nguồn cho đề tài Ứng dụng quản lý chi tiêu.,0,,
,ai chưa làm phần của mình thì báo để mình hỗ trợ.,0,,
,Mọi người cho mình xin tài liệu ôn thi môn Công nghệ phần mềm với ạ.,0,,
,"Góp ý tích cực: bài của bạn đã tốt, chỉ cần chỉnh format.",0,,
,Mình nghĩ bạn nên sửa phần này trong báo cáo đề tài Hệ thống đặt vé xe.,0,,
,Mình cần hướng dẫn sử dụng công cụ cho đề tài Hệ thống đặt vé xe.,0,,
,Deadline đăng ký đề tài Chatbot tư vấn tuyển sinh còn không mọi người?,0,,
,"Nhận làm hộ đồ án Chatbot tư vấn tuyển sinh môn Phân tích thiết kế hệ thống, bao bảo vệ, giá 5 triệu. Ib Telegram @abc.",1,,
,Mình cảm ơn nhóm đã hỗ trợ trong đề tài Ứng dụng đặt lịch khám.,0,,
,"Mình cần nâng điểm bảo vệ đề tài Hệ thống thư viện, giá 1 triệu.",1,,
,Cảm ơn mọi người đã góp ý cho bài báo cáo của mình.,0,,
,"Mình là trợ giảng môn Phân tích thiết kế hệ thống, có thể sửa điểm, ai cần ib Facebook, giá 500k.",1,,
,trường mình có quy định gì về đăng ký đề tài ứng dụng quản lý chi tiêu không?,0,,
,Nhóm mình đang tìm thêm thành viên cho đề tài Web bán đồ ăn.,0,,
,chúng ta cần tăng tốc vì deadline đề tài web bán đồ ăn gần rồi.,0,,
,Thầy thầy Hùng đã duyệt đề tài Hệ thống điểm danh cho mình chưa?,0,,
,"Mình quên deadline nộp slide đề tài Web bán đồ ăn, ai nhắc với.",0,,
,Cần 500k nếu không mình sẽ báo cô cô Lan bạn thi hộ.,1,,
,"Mình muốn đổi đề tài Ứng dụng quản lý chi tiêu, cần làm gì ạ?",0,,
,"Dịch vụ viết thuê luận văn môn Công nghệ phần mềm, uy tín, giá 1 triệu.",1,,
,"Thanh lý đề tài Ứng dụng quản lý chi tiêu môn Trí tuệ nhân tạo, giá 5 triệu, tặng kèm tài liệu ôn bảo vệ.",1,,
,"bán biên lai đóng tiền đề tài giả, giá 1 triệu.",1,,
,"Ai cần mua đề tài Website đăng ký đề tài không? Bao trọn gói báo cáo, code, slide, giá 10 triệu.",1,,
,nhóm mình đã hoàn thành 50% đề tài ứng dụng quản lý sinh viên.,0,,
,"tớ có tool lấy mật khẩu sinh viên, ai cần ib telegram @abc, giá 200k.",1,,
,Kinh nghiệm làm đề tài Ứng dụng quản lý chi tiêu là chia nhỏ task ra nhé.,0,,
,"Biết nhóm bạn mua đề tài Chatbot tư vấn tuyển sinh, đưa 10 triệu mình im lặng.",1,,
,"Nhóm ơi, thầy thầy Nam vừa nhắc về đề tài Ứng dụng học tiếng Anh.",0,,
,"tớ là admin hệ thống, cần xác nhận tài khoản để duyệt đề tài, ib nick mess.",1,,
,Ai có kinh nghiệm về Ứng dụng quản lý chi tiêu cho mình hỏi chút.,0,,
,"Đừng lo, đề tài AI phát hiện gian lận không khó nếu làm đúng quy trình.",0,,
,Hệ thống đăng ký đề tài Hệ thống điểm danh mở đến trước deadline đúng không?,0,,
,"nhận viết review chéo cho nhóm, giá 1 triệu, ib nick mess.",1,,
,"Ai muốn yên thân thì trả 100k, ib nick mess.",1,,
,"nhóm mình thiếu người, ai vào nhóm chỉ cần nộp tiền 500k, không cần làm gì.",1,,
,"Mình còn phần báo cáo chưa xong, ai giúp được không?",0,,
,Ai biết cách sửa lỗi upload file đề tài Ứng dụng đặt lịch khám không?,0,,
,Cho mình hỏi cách viết báo cáo đề tài Hệ thống điểm danh với ạ.,0,,
,"Nhận làm hộ đồ án Hệ thống đặt vé xe môn Thương mại điện tử, bao bảo vệ, giá 50k. Ib nick mess.",1,,
,Có ai biết lịch bảo vệ đề tài Website đăng ký đề tài chưa?,0,,
,Mình bị mất dữ liệu đề tài Chatbot tư vấn tuyển sinh sau khi refresh.,0,,
,"Mình tạo nhóm chat cho đề tài Chatbot tư vấn tuyển sinh rồi, mọi người vào nhé.",0,,
,trang web báo lỗi khi mình đăng ký đề tài ứng dụng quản lý sinh viên.,0,,
,Mọi người nhớ cập nhật task trên trello nhé.,0,,
,"Nhận viết review chéo cho nhóm, giá 1 triệu, ib Telegram @abc.",1,,
,"Mọi người ơi, deadline đề tài Hệ thống đặt vé xe là khi nào vậy?",0,,
,"Ai viết đánh giá 5 sao cho đề tài AI phát hiện gian lận không, tớ trả 50k.",1,,
,Mọi người cho mình hỏi quy định về tài liệu tham khảo với.,0,,
,"Bán tài khoản học tập môn Phân tích thiết kế hệ thống, giá 2 triệu, ib Facebook.",1,,
,"ai viết đánh giá 5 sao cho đề tài ứng dụng quản lý chi tiêu không, mình trả 5 triệu.",1,,
,Chốt lịch họp nhóm cuối kỳ nha mọi người.,0,,
,"Mọi người ơi, quy chế thi môn Khai phá dữ liệu thế nào?",0,,
,"Hệ thống chat bị lag, mọi người có bị không?",0,,
,Trường mình có quy định gì về đăng ký đề tài Hệ thống điểm danh không?,0,,
,"Mình có template báo cáo đề tài Ứng dụng đặt lịch khám, ai cần ib mình.",0,,
,"Ai cần giấy khen giả để xét học bổng, ib Telegram @abc, giá 1 triệu.",1,,
,"Bán biên lai đóng tiền đề tài giả, giá 100k.",1,,
,"Cần giấy bác sĩ giả để xin hoãn thi môn Cơ sở dữ liệu, trả 200k.",1,,
,"Mình có sẵn đề tài Web bán đồ ăn đã bảo vệ, pass cô Lan, chỉ 50k, không cần làm gì.",1,,
,Chúng ta cần tăng tốc vì deadline đề tài Hệ thống đặt vé xe gần rồi.,0,,
,"Dịch vụ xâm nhập tài khoản giảng viên cô Phương, giá 10 triệu.",1,,
,"Mình vừa tìm được paper về Website bán hàng, ai cần không?",0,,
,"Mình có thể tạo minh chứng nộp báo cáo Chatbot tư vấn tuyển sinh, giá 50k.",1,,
,Mình cảm ơn mọi người đã nhắc deadline môn Công nghệ phần mềm.,0,,
,"Góp ý tích cực: bài của bạn đã tốt, chỉ cần chỉnh format.",0,,
,"Mình đang phân vân giữa Ứng dụng đặt lịch khám và đề tài khác, mọi người tư vấn giúp.",0,,
,"đừng lo, đề tài website đăng ký đề tài không khó nếu làm đúng quy trình.",0,,
,Thầy cô Phương có yêu cầu đặc biệt gì cho đề tài Ứng dụng học tiếng Anh không?,0,,
,Hẹn mọi người tuần sau online để chia task đề tài Ứng dụng đặt lịch khám.,0,,
,"Dịch vụ nâng điểm môn Phân tích thiết kế hệ thống, giá 200k, ai cần ib Zalo 09xx.",1,,
,"Mình cần nâng điểm bảo vệ đề tài Chatbot tư vấn tuyển sinh, giá 200k.",1,,
,Ai có sách tham khảo môn Học máy cho tớ mượn với.,0,,
,"Nếu không trả 200k, tớ sẽ tố cáo nhóm cậu gian lận đề tài Hệ thống đặt vé xe.",1,,
,Tống tiền: đưa 2 triệu nếu không muốn bị đánh.,1,,
,Mọi người cho mình feedback về ý tưởng đề tài Hệ thống điểm danh với.,0,,
,"Dịch vụ xâm nhập tài khoản giảng viên thầy Nam, giá 2 triệu.",1,,
,"Ai muốn yên thân thì trả 100k, ib Facebook.",1,,
,Mọi người nhớ cập nhật task trên trello nhé.,0,,
,"Thuê làm hộ đồ án Chatbot tư vấn tuyển sinh, trả 1 triệu, yêu cầu không ai biết.",1,,
,Mình góp ý về cách trình bày tài liệu môn Trí tuệ nhân tạo.,0,,
,Mình cần góp ý cho phần demo đề tài Chatbot tư vấn tuyển sinh.,0,,
,"Dịch vụ làm hộ đồ án Ứng dụng quản lý chi tiêu, cam kết qua môn, không qua hoàn tiền.",1,,
,Quy định về số thành viên nhóm đề tài Hệ thống điểm danh là bao nhiêu?,0,,
,Chia sẻ với mọi người cách mình quản lý thời gian làm đề tài Website đăng ký đề tài.,0,,
,"Mình có ảnh nhạy cảm của bạn, chuyển 10 triệu nếu không muốn bị phát tán.",1,,
,"Cho thuê tài khoản để thi hộ, giá 10 triệu, bao qua môn.",1,,
,Thông báo: nhóm đề tài Ứng dụng đặt lịch khám nộp báo cáo trước ngày mai nhé.,0,,
,"Mình là trợ giảng môn Trí tuệ nhân tạo, có thể sửa điểm, ai cần ib ib riêng, giá 2 triệu.",1,,
,"ai muốn xóa log gian lận thì liên hệ nick mess, giá 1 triệu.",1,,
,mình rút ra được nhiều bài học khi làm đề tài web bán đồ ăn.,0,,
,"Xin đáp án assignment môn Khai phá dữ liệu, tớ gửi 50k cảm ơn.",1,,
,"Bán tài khoản admin để sửa điểm môn Thương mại điện tử, giá 5 triệu.",1,,
,"Mình bán suất thành viên nhóm đề tài Chatbot tư vấn tuyển sinh, giá 1 triệu, bao điểm.",1,,
,"Mình còn phần báo cáo chưa xong, ai giúp được không?",0,,
,Mọi người cho mình hỏi cách triển khai đề tài Ứng dụng quản lý sinh viên.,0,,
,"Dịch vụ tăng lượt tương tác cho đề tài Ứng dụng quản lý chi tiêu, giá 10 triệu.",1,,
,Ai từng làm đề tài Website bán hàng rồi cho mình xin review.,0,,
,Deadline đăng ký đề tài Chatbot tư vấn tuyển sinh còn không mọi người?,0,,
,Mình muốn hỏi về quy định trích dẫn trong báo cáo đề tài Web bán đồ ăn.,0,,
,"Cảm ơn bạn nhiều, tài liệu rất hữu ích cho đề tài Web bán đồ ăn.",0,,
,Mình đã đăng ký đề tài Ứng dụng đặt lịch khám thành công rồi mọi người.,0,,
,Mọi người cho ý kiến về database cho đề tài Ứng dụng quản lý sinh viên với.,0,,
,"Mình có thể tạo minh chứng nộp báo cáo Website đăng ký đề tài, giá 500k.",1,,
,Mình đã đăng ký đề tài Website đăng ký đề tài thành công rồi mọi người.,0,,
,"ai muốn chiếm slot đề tài website bán hàng thì mình hack giúp, giá 500k.",1,,
,"Mình bán suất thành viên nhóm đề tài Website bán hàng, giá 50k, bao điểm.",1,,
,"Mình có bằng chứng bạn hack tài khoản, trả 200k đi.",1,,
,Mình cần hỏi về thủ tục xin đổi đề tài AI phát hiện gian lận.,0,,
,"Nhóm mình thiếu người, ai vào nhóm chỉ cần nộp tiền 500k, không cần làm gì.",1,,
,Ai biết lịch nộp báo cáo đề tài Ứng dụng học tiếng Anh không?,0,,
,Mình đã tạo form điểm danh nhóm đề tài Website bán hàng.,0,,
,"Link này nhận học bổng 100k, sinh viên nhập thông tin tài khoản để nhận.",1,,
,"ai muốn nhóm mình đánh giá cao thì chuyển 50k, ib zalo 09xx.",1,,
,"Cần tài liệu về Ứng dụng học tiếng Anh, ai có gửi giúp mình.",0,,
,"Dịch vụ tăng lượt tương tác cho đề tài Ứng dụng học tiếng Anh, giá 1 triệu.",1,,
,"Khóa học làm đề tài Chatbot tư vấn tuyển sinh giá 100k, đăng ký ngay tại tinyurl.com/....",1,,
,"Mình đang tìm hiểu về Website bán hàng, có ai thảo luận không?",0,,
,"Nhận làm hồ sơ xin hoãn deadline đề tài, giá 200k.",1,,
,"Ai làm rồi cho mình xem đáp án môn Học máy với, mình trả 200k.",1,,
,Ai từng làm đề tài Ứng dụng quản lý sinh viên rồi cho tớ xin review.,0,,
,Mình nghĩ cậu nên sửa phần này trong báo cáo đề tài Ứng dụng học tiếng Anh.,0,,
,"Mình biết lỗ hổng web trường, có thể đổi điểm, ib Facebook.",1,,
,"Ai cần mua đề tài Hệ thống đặt vé xe không? Bao trọn gói báo cáo, code, slide, giá 10 triệu.",1,,
,"Làm hộ giấy xác nhận khó khăn, giá 2 triệu, liên hệ Zalo 09xx.",1,,
,Có ai biết quy định xin gia hạn deadline môn Thương mại điện tử không?,0,,
,"Nhóm mình có người làm hộ, ai muốn tham gia trả 100k.",1,,
,Mình cần xác nhận đăng ký đề tài Website đăng ký đề tài với thầy thầy Bình.,0,,
,"Nhận cung cấp đề tài Hệ thống đặt vé xe theo yêu cầu, giá 50k, giao trong tuần sau.",1,,
,"cho mượn tài khoản qua môn nhập môn lập trình, giá 2 triệu.",1,,
,mọi người nhớ đọc thông báo mới về đề tài hệ thống đặt vé xe.,0,,
,Mình góp ý về cách trình bày tài liệu môn Cơ sở dữ liệu.,0,,
,Cảm ơn mọi người đã giúp mình làm đề tài Hệ thống đặt vé xe.,0,,
,"Chuyển 50k nhanh, không mình gửi đơn tố cáo lên khoa.",1,,
,"Mình vừa tìm được paper về Hệ thống thư viện, ai cần không?",0,,
,"Bán tài liệu môn Cơ sở dữ liệu giá 100k, chuyển khoản trước rồi mình gửi link drive.google.com/....",1,,
,Còn bao lâu nữa đến hạn nộp đề tài Chatbot tư vấn tuyển sinh vậy?,0,,
,"Mình từng làm đề tài Ứng dụng đặt lịch khám, mọi người nên bắt đầu sớm.",0,,
,Mình cần góp ý cho phần demo đề tài Hệ thống thư viện.,0,,
,Ai chưa làm phần của mình thì báo để mình hỗ trợ.,0,,
,"Nhận đăng ký đề tài hộ, giá 100k, ib số 0987....",1,,
,"Mình có tài liệu môn Thương mại điện tử, ai cần tớ share link drive.google.com/....",0,,
,"Bán tài khoản admin để sửa điểm môn Công nghệ phần mềm, giá 500k.",1,,
,"Ai có đáp án đề thi môn Lập trình web không, cho mình xin, mình trả 50k.",1,,
,"Mình biết lỗ hổng web trường, có thể đổi điểm, ib Zalo 09xx.",1,,
,"Cô thầy Nam nhờ thu tiền lớp, ai nộp 500k thì qua môn Công nghệ phần mềm.",1,,
,"Nhóm mình đang tuyển thành viên, không yêu cầu quá cao.",0,,
,Cho mình hỏi quy định nộp báo cáo đề tài Ứng dụng học tiếng Anh với ạ.,0,,
,"Nhóm mình đã chốt đề tài Ứng dụng đặt lịch khám, mọi người xem qua nhé.",0,,
,"Nhận làm hộ đồ án Ứng dụng đặt lịch khám môn Lập trình web, bao bảo vệ, giá 500k. Ib số 0987....",1,,
,Thầy cô Lan có yêu cầu đặc biệt gì cho đề tài Chatbot tư vấn tuyển sinh không?,0,,
,Góp ý nhẹ: slide thuyết trình nên ngắn gọn hơn.,0,,
,Ai có sách tham khảo môn Phân tích thiết kế hệ thống cho tớ mượn với.,0,,
,"Cho mượn tài khoản qua môn Thương mại điện tử, giá 5 triệu.",1,,
,"Cần người ứng tiền làm đồ án AI phát hiện gian lận, hứa trả 1 triệu, ib Facebook.",1,,
,"Share cho mọi người slide môn Cơ sở dữ liệu nhé, link tinyurl.com/....",0,,
,"Mình muốn đổi đề tài Hệ thống điểm danh, cần làm gì ạ?",0,,
,Thầy cô Phương đã duyệt đề tài Hệ thống điểm danh cho mình chưa?,0,,
,"Pass slot đề tài Ứng dụng học tiếng Anh, bao duyệt, giá 1 triệu, ib nick mess.",1,,
,"Bán slot đăng ký đề tài Ứng dụng học tiếng Anh, ai cần ib Facebook, giá 200k.",1,,
,"Cung cấp minh chứng ngoại khóa giả, giá 500k, link drive.google.com/....",1,,
,"Bán slot đề tài Ứng dụng quản lý sinh viên cho ai chưa đăng ký, giá 10 triệu, ib Telegram @abc.",1,,
,"Ai cần làm hộ bài tập lớn Ứng dụng quản lý chi tiêu không? Mình làm từ A-Z, giá 1 triệu.",1,,
,"Bán tài khoản học tập môn Cơ sở dữ liệu, giá 500k, ib ib riêng.",1,,
,Kinh nghiệm làm đề tài Website đăng ký đề tài là chia nhỏ task ra nhé.,0,,
,Hạn bảo vệ đề tài AI phát hiện gian lận là trước deadline đúng không?,0,,
,tiến độ đề tài web bán đồ ăn đến đâu rồi mọi người?,0,,
,Mọi người hướng dẫn giúp mình cách làm đề tài Website bán hàng với.,0,,
,"Mình có thể sửa kết quả bình chọn đề tài, giá 200k.",1,,
,"ai viết đánh giá 5 sao cho đề tài website bán hàng không, mình trả 5 triệu.",1,,
,"Dịch vụ tăng lượt tương tác cho đề tài Ứng dụng đặt lịch khám, giá 200k.",1,,
,"Cần chạy điểm môn Trí tuệ nhân tạo, ai làm được ib Telegram @abc, giá 5 triệu.",1,,
,"Mình gửi bản nháp đề tài Ứng dụng quản lý chi tiêu, mọi người xem giúp.",0,,
,"mình bán tài khoản đã verify, dùng đăng ký đề tài chatbot tư vấn tuyển sinh, giá 5 triệu.",1,,
,Cô thầy Nam có thể gợi ý tài liệu cho đề tài Hệ thống thư viện không ạ?,0,,
,Bạn nào muốn làm đề tài Ứng dụng quản lý chi tiêu với mình thì ib nhé.,0,,
,cô thầy hùng có thể gợi ý tài liệu cho đề tài ứng dụng học tiếng anh không ạ?,0,,
,Ai biết thông tin về đề tài Chatbot tư vấn tuyển sinh không? Cho mình hỏi với.,0,,
,Mình nghĩ nhóm nên chia task lại cho hợp lý hơn.,0,,
,"Ai chưa có đề tài, mình bán slot Ứng dụng đặt lịch khám, giá 5 triệu.",1,,
,Deadline môn Phân tích thiết kế hệ thống có được dời không mọi người?,0,,
,"Có cách nào qua môn An toàn thông tin không, cần đáp án gấp, giá 2 triệu.",1,,
,"Biết nhóm bạn mua đề tài AI phát hiện gian lận, đưa 50k mình im lặng.",1,,
,Tống tiền: đưa 50k nếu không muốn bị đánh.,1,,
,"Mình đang phân vân giữa Ứng dụng đặt lịch khám và đề tài khác, mọi người tư vấn giúp.",0,,
,Ai biết cách sửa lỗi upload file đề tài Ứng dụng quản lý sinh viên không?,0,,
,"Nhận làm hồ sơ xin hoãn deadline đề tài, giá 10 triệu.",1,,
,"Dịch vụ tăng lượt tương tác cho đề tài Web bán đồ ăn, giá 200k.",1,,
,"Thuê người vote cho nhóm mình trong cuộc thi Ứng dụng quản lý sinh viên, giá 500k.",1,,
,Tiến độ đề tài Ứng dụng học tiếng Anh đến đâu rồi mọi người?,0,,
,Mình có chút góp ý cho phần mở đầu báo cáo.,0,,
,"Có cách nào qua môn Trí tuệ nhân tạo không, cần đáp án gấp, giá 200k.",1,,
,"Cần mua đánh giá tốt cho giảng viên thầy Hùng, giá 50k.",1,,
,Bạn thử tham khảo thêm nguồn này cho đề tài Web bán đồ ăn nhé.,0,,
,Mọi người nghĩ đề tài Hệ thống đặt vé xe nên dùng công nghệ gì?,0,,
,"Cần bán gấp slot đề tài Website đăng ký đề tài, giá 500k, liên hệ Facebook.",1,,
,"Làm đề tài Web bán đồ ăn cần kiên nhẫn, đừng để sát deadline.",0,,
,"Bán biên lai đóng tiền đề tài giả, giá 10 triệu.",1,,
,"Mình là trợ giảng môn Công nghệ phần mềm, có thể sửa điểm, ai cần ib Zalo 09xx, giá 500k.",1,,
,"Mọi người ơi, nhóm mình cần thêm 1 thành viên nghiêm túc.",0,,
,Cô cô Lan nhắn riêng: đóng 100k để được duyệt đề tài Web bán đồ ăn.,1,,
,Hẹn mọi người tối nay online để chia task đề tài Ứng dụng học tiếng Anh.,0,,
,"Ai muốn xóa log gian lận thì liên hệ số 0987..., giá 100k.",1,,
,"Mình đọc paper về Chatbot tư vấn tuyển sinh, thấy khá hay, mọi người tham khảo.",0,,
,"Không đăng nhập được vào trang đăng ký đề tài, ai giúp với.",0,,
,Thông báo họp nhóm môn Nhập môn lập trình vào tối nay.,0,,
,"Mình upload tài liệu đề tài Hệ thống thư viện lên drive rồi, mọi người xem nhé.",0,,
,Mình rút ra được nhiều bài học khi làm đề tài Web bán đồ ăn.,0,,
,"Nhóm tớ thiếu người, ai vào nhóm chỉ cần nộp tiền 5 triệu, không cần làm gì.",1,,
,Nhóm mình đã hoàn thành 50% đề tài Website đăng ký đề tài.,0,,
,Đề tài AI phát hiện gian lận của thầy cô Phương có còn slot không mọi người?,0,,
,"Mình có slot nội bộ đề tài Website đăng ký đề tài, giá 1 triệu, ai cần ib.",1,,
,"Mình bán suất thành viên nhóm đề tài Chatbot tư vấn tuyển sinh, giá 1 triệu, bao điểm.",1,,
,Nhóm mình đang tìm thêm thành viên cho đề tài Hệ thống điểm danh.,0,,
,"Cần giấy bác sĩ giả để xin hoãn thi môn Nhập môn lập trình, trả 2 triệu.",1,,
,ai muốn dùng tài khoản mình để nộp bài thì trả 50k.,1,,
,"cần chạy điểm môn nhập môn lập trình, ai làm được ib zalo 09xx, giá 1 triệu.",1,,
,"Ai muốn nhóm mình đánh giá cao thì chuyển 2 triệu, ib Zalo 09xx.",1,,
,"Cần người làm hộ đề tài Ứng dụng đặt lịch khám, mình trả 50k, ai nhận ib nick mess.",1,,
,"Mọi người ơi, hệ thống đăng ký đề tài Website bán hàng bị lỗi.",0,,
,"Biết nhóm bạn mua đề tài Hệ thống điểm danh, đưa 100k mình im lặng.",1,,
,Mọi người cho tớ feedback về ý tưởng đề tài Hệ thống điểm danh với.,0,,
,"Mình quên deadline nộp slide đề tài Hệ thống thư viện, ai nhắc với.",0,,
,Mọi người thấy đề tài Website bán hàng có phù hợp cho sinh viên năm 3 không?,0,,
,tống tiền: đưa 100k nếu không muốn bị đánh.,1,,
,"Ai giúp mình xin điểm cao môn Nhập môn lập trình, mình trả 100k.",1,,
,"Thuê người vote cho nhóm mình trong cuộc thi Hệ thống đặt vé xe, giá 200k.",1,,
,"Cần người ứng tiền làm đồ án Hệ thống đặt vé xe, hứa trả 10 triệu, ib ib riêng.",1,,
,Cảm ơn nhóm đã làm việc chăm chỉ cho đề tài Hệ thống thư viện.,0,,
,Mình cần xác nhận đăng ký đề tài Hệ thống thư viện với thầy thầy Hùng.,0,,
,"tài liệu này hữu ích cho đề tài ứng dụng học tiếng anh, mọi người tham khảo nhé.",0,,
,Chia sẻ với mọi người cách mình quản lý thời gian làm đề tài Website bán hàng.,0,,
,Ai chưa làm phần của tớ thì báo để tớ hỗ trợ.,0,,
,"Tuyển cộng tác viên làm đề tài, đóng phí 50k để nhận việc.",1,,
,"Thuê người vote cho nhóm mình trong cuộc thi Website đăng ký đề tài, giá 5 triệu.",1,,
,"Mọi người ơi, phần khó nhất của đề tài Ứng dụng quản lý chi tiêu là gì?",0,,
,"Mọi người ơi, deadline đề tài Ứng dụng quản lý sinh viên là khi nào vậy?",0,,
,"Mình biết bạn mua đáp án môn Phân tích thiết kế hệ thống, trả 10 triệu để mình không nói.",1,,
,"Mình có tài liệu môn Trí tuệ nhân tạo, ai cần mình share link docs.google.com/....",0,,
,"Bán quyền đăng ký đề tài Ứng dụng quản lý sinh viên môn Phân tích thiết kế hệ thống, giá 50k.",1,,
,Mọi người đánh giá thế nào về hướng tiếp cận của đề tài Website bán hàng?,0,,
,"Ai muốn yên thân thì trả 50k, ib Facebook.",1,,
,"Bán slot đề tài Hệ thống đặt vé xe cho ai chưa đăng ký, giá 500k, ib số 0987....",1,,
,"Ai cần mua đề tài Hệ thống điểm danh không? Bao trọn gói báo cáo, code, slide, giá 5 triệu.",1,,
,Ai muốn tham gia nhóm làm đề tài Hệ thống thư viện không?,0,,
,Ai cùng đăng ký đề tài Hệ thống điểm danh với mình không?,0,,
,Bạn nào muốn làm đề tài Ứng dụng quản lý chi tiêu với mình thì ib nhé.,0,,
,"Ai làm rồi cho mình xem đáp án môn Thương mại điện tử với, mình trả 200k.",1,,
,Thảo luận chút: đề tài Hệ thống thư viện nên làm web hay mobile?,0,,
,"nhóm mình đang tuyển thành viên, không yêu cầu quá cao.",0,,
,"nhóm ơi, thầy thầy bình vừa nhắc về đề tài website đăng ký đề tài.",0,,
,"Cần chạy điểm môn Cơ sở dữ liệu, ai làm được ib số 0987..., giá 500k.",1,,
,"Cho mượn tài khoản qua môn Nhập môn lập trình, giá 100k.",1,,
,"Nhận làm hộ đồ án Web bán đồ ăn môn Học máy, bao bảo vệ, giá 100k. Ib Telegram @abc.",1,,
,Mình cần xác nhận đăng ký đề tài Hệ thống thư viện với thầy cô Lan.,0,,
,"Mình muốn đổi điểm đề tài Hệ thống thư viện, ai giúp ib nick mess, hậu tạ 5 triệu.",1,,
,Ai có sách tham khảo môn Nhập môn lập trình cho mình mượn với.,0,,
,"Bên mình nhận làm đề tài Hệ thống thư viện, báo cáo, slide, giá 50k, ib Zalo 09xx.",1,,
,"ai quen cô thầy bình không, xin nâng điểm môn khai phá dữ liệu, mình trả 50k.",1,,
,"Mình gửi bản nháp đề tài Ứng dụng quản lý chi tiêu, mọi người xem giúp.",0,,
,ai chưa vào nhóm đề tài ai phát hiện gian lận thì báo mình.,0,,
,Cho mình hỏi form đăng ký đề tài AI phát hiện gian lận ở đâu ạ?,0,,
,"Mình muốn đăng ký đề tài Ứng dụng quản lý sinh viên, mọi người cho mình hỏi thủ tục.",0,,
,Ai có kinh nghiệm về Chatbot tư vấn tuyển sinh muốn join nhóm không?,0,,
,góp ý nhẹ: slide thuyết trình nên ngắn gọn hơn.,0,,
,"Ai cần giấy khen giả để xét học bổng, ib nick mess, giá 10 triệu.",1,,
,"Mình bán suất thành viên nhóm đề tài Hệ thống điểm danh, giá 200k, bao điểm.",1,,
,"Mình có tài liệu môn An toàn thông tin, ai cần mình share link bit.ly/....",0,,
,"Mình vừa tìm được paper về AI phát hiện gian lận, ai cần không?",0,,
,mọi người nghĩ đề tài hệ thống đặt vé xe nên dùng công nghệ gì?,0,,
,"Nhận viết review chéo cho nhóm, giá 1 triệu, ib Zalo 09xx.",1,,
,Ai muốn dùng tài khoản mình để nộp bài thì trả 1 triệu.,1,,
,Mọi người nhớ cập nhật task trên trello nhé.,0,,
,"Bên mình nhận làm đề tài Chatbot tư vấn tuyển sinh, báo cáo, slide, giá 100k, ib nick mess.",1,,
,Ai cùng đăng ký đề tài Hệ thống đặt vé xe với mình không?,0,,
,"Ai muốn được tính điểm nhóm dù không làm gì thì liên hệ Telegram @abc, giá 1 triệu.",1,,
,"Nếu không trả 50k, mình sẽ tố cáo nhóm bạn gian lận đề tài AI phát hiện gian lận.",1,,
,Mình nghĩ bạn nên sửa phần này trong báo cáo đề tài Ứng dụng quản lý sinh viên.,0,,
,Mình có chút góp ý cho phần mở đầu báo cáo.,0,,
,Ai chưa vào nhóm đề tài Website bán hàng thì báo mình.,0,,
,"Bên mình nhận làm đề tài Website đăng ký đề tài, báo cáo, slide, giá 50k, ib nick mess.",1,,
,"Mọi người ơi, mình đăng ký đề tài Website đăng ký đề tài bị lỗi, ai giúp với.",0,,
,Quy định bảo vệ đề tài Chatbot tư vấn tuyển sinh gồm những gì ạ?,0,,
,Cảm ơn cô thầy Hùng đã giải đáp thắc mắc ạ.,0,,
,Mọi người cho ý kiến về database cho đề tài AI phát hiện gian lận với.,0,,
,"Ai có đáp án đề thi môn Cơ sở dữ liệu không, cho mình xin, mình trả 50k.",1,,
,mình muốn trao đổi về kiến trúc hệ thống cho đề tài ứng dụng học tiếng anh.,0,,
,"Làm đề tài Ứng dụng quản lý sinh viên cần kiên nhẫn, đừng để sát deadline.",0,,
,"Nhóm trưởng gian lận, mình có bằng chứng, ai muốn mua im lặng ib Zalo 09xx.",1,,
,"chuyển 200k nhanh, không tớ gửi đơn tố cáo lên khoa.",1,,
,mọi người cho mình hỏi quy định về tài liệu tham khảo với.,0,,
,Mọi người nên tham khảo nhiều nguồn cho đề tài Ứng dụng học tiếng Anh.,0,,
,"Nhóm mình nhận làm hộ đồ án Hệ thống đặt vé xe cho sinh viên, giá 200k, deadline cuối kỳ.",1,,
,Quy định bảo vệ đề tài Hệ thống điểm danh gồm những gì ạ?,0,,
,"kêu gọi quyên góp cho lớp, ai chuyển 5 triệu mình ghi nhận điểm rèn luyện.",1,,
,"làm hộ báo cáo web bán đồ ăn môn cơ sở dữ liệu, chỉ 1 triệu, giao đúng hạn.",1,,
,Mình đã đăng ký đề tài Chatbot tư vấn tuyển sinh thành công rồi mọi người.,0,,
,"Thầy cô Phương thông báo nộp phí bảo vệ đề tài Web bán đồ ăn, ai chưa nộp ib nick mess.",1,,
,"Bán quyền đăng ký đề tài Hệ thống thư viện môn Thương mại điện tử, giá 10 triệu.",1,,
,"Bán quyền truy cập hệ thống đề tài, giá 500k, link bit.ly/....",1,,
,"Mình upload tài liệu đề tài Ứng dụng học tiếng Anh lên drive rồi, mọi người xem nhé.",0,,
,"Mình có tài liệu môn Cơ sở dữ liệu, ai cần mình share link docs.google.com/....",0,,
,"cảm ơn bạn nhiều, tài liệu rất hữu ích cho đề tài ứng dụng quản lý sinh viên.",0,,
,"Nhận chạy tool, code đề tài Website bán hàng, giá 500k, liên hệ số 0987....",1,,
,"Cảm ơn mọi người, tớ đã hoàn thành đề tài Chatbot tư vấn tuyển sinh rồi.",0,,
,"Pass slot đề tài Website bán hàng, bao duyệt, giá 2 triệu, ib Facebook.",1,,
,Mình cần xác nhận đăng ký đề tài Ứng dụng học tiếng Anh với thầy thầy Bình.,0,,
,Ai chưa nộp phần của tớ cho đề tài Website bán hàng thì gửi gấp.,0,,
,"Nhận làm hộ đồ án Hệ thống thư viện môn Học máy, bao bảo vệ, giá 2 triệu. Ib Facebook.",1,,
,Mọi người nhớ họp nhóm môn Lập trình web đúng giờ nha.,0,,
,Mình nghĩ bạn nên sửa phần này trong báo cáo đề tài Website đăng ký đề tài.,0,,
,"Mình nhận làm giấy xác nhận sinh viên giả, giá 5 triệu.",1,,
,Đề tài Web bán đồ ăn cần biết trước công nghệ gì ạ?,0,,
,"Mọi người ơi, quy chế thi môn Trí tuệ nhân tạo thế nào?",0,,
,mình đã tạo form điểm danh nhóm đề tài ứng dụng học tiếng anh.,0,,
,"Tuyển cộng tác viên làm đề tài, đóng phí 5 triệu để nhận việc.",1,,
,"Cho mượn tài khoản qua môn Lập trình web, giá 100k.",1,,
,"Ai giúp mình xin điểm cao môn An toàn thông tin, mình trả 500k.",1,,
,"Ai cần mua đề tài Hệ thống điểm danh không? Bao trọn gói báo cáo, code, slide, giá 50k.",1,,
,"Ai muốn nhóm mình đánh giá cao thì chuyển 5 triệu, ib Telegram @abc.",1,,
,Cô cô Lan nhắn riêng: đóng 5 triệu để được duyệt đề tài Hệ thống đặt vé xe.,1,,
,Hệ thống đăng ký đề tài Website đăng ký đề tài mở đến trước deadline đúng không?,0,,
,Ai muốn vào nhóm làm đề tài Chatbot tư vấn tuyển sinh mà không cần đóng góp thì trả 50k.,1,,
,"Mình nhận làm hộ toàn bộ đề tài Hệ thống điểm danh, bao sửa đến khi bảo vệ xong.",1,,
,"Mình biết bạn mua đáp án môn Phân tích thiết kế hệ thống, trả 5 triệu để mình không nói.",1,,
,Thông báo họp nhóm môn Nhập môn lập trình vào tuần sau.,0,,
,"Có cách nào qua môn Học máy không, cần đáp án gấp, giá 100k.",1,,
,"Nhận cung cấp đề tài Website bán hàng theo yêu cầu, giá 100k, giao trong cuối kỳ.",1,,
,Tìm cậu cùng làm đề tài Website đăng ký đề tài môn Nhập môn lập trình.,0,,
,Thông báo từ khoa: ai chưa đóng 1 triệu sẽ bị hủy đăng ký đề tài Website bán hàng.,1,,
,Cảm ơn nhóm đã làm việc chăm chỉ cho đề tài Website bán hàng.,0,,
,"Cô cô Phương nhờ thu tiền lớp, ai nộp 1 triệu thì qua môn Thương mại điện tử.",1,,
,"ai có đáp án đề thi môn trí tuệ nhân tạo không, cho mình xin, mình trả 2 triệu.",1,,
,"Khóa học làm đề tài Hệ thống thư viện giá 1 triệu, đăng ký ngay tại bit.ly/....",1,,
,"Nhóm mình đang tuyển thành viên, không yêu cầu quá cao.",0,,
,Cảm ơn bạn đã gửi tài liệu môn Cơ sở dữ liệu cho mình.,0,,
,Deadline môn Lập trình web có được dời không mọi người?,0,,
,"Mình muốn lập nhóm làm đề tài Web bán đồ ăn, ai cùng chí hướng.",0,,
,"Bán quyền đăng ký đề tài AI phát hiện gian lận môn Trí tuệ nhân tạo, giá 10 triệu.",1,,
,Mình nhận học hộ,1,,
,T2 có ai rảnh không ạ? Mình đang cần người thay chỗ học,1,,
,Cần người học hộ 3 ngày 23-24-25 Cast 1tr5 Học ở nguyễn trãi,1,,
,học hộ Hust sáng nay giúp mình 150k Ai đi được gọi cho mình 0382513832,1,,
,"Nhận học hộ, điểm danh, ghi bài và kiểm tra hộ cho anh chị học văn bằng 2 mà ko có tgian tham gia lớp học online. Phí 50/buổi",1,,
,"Em là nữ nhận hh sáng , tối tất cả các ngày . Chính chủ ko qua trung gian ạ",1,,
,mình tìm nữ hh hutech môn này mai ạ,1,,
,Nhận học hộ mai từ 10h ạ ib 0968703446,1,,
,Mk nữ nhận hh cả ngày t6 ạ . Quanh khu vực đống đa . Ib0965387093 ạ,1,,
,"Cần bạn nữ học hộ chiều thứ 6 tại hnue, ưu tiên sv sp. Yêu cầu:chỉ cần điểm danh xg đi về, đi học trc 10p cast 50k",1,,
,Cần tìm 1 bạn nữ học hộ mình cả ngày vào t7 chủ nhật tuần này (19-20/9),1,,
,Cần nữ tài nguyên môi trương 8-11 150.,1,,
,Cần bạn vẽ sơ đồ tư duy giấy A3 cần gấp 1h chiều nay,1,,
,Em cần người làm word khoá luận ạ giá cả thương lượng nghành kỹ thuật điện điện tử ạ,1,,
,"Tìm nữ học lâu dài môn xác suất thống kê ở Làng đại học Thủ Đức, buổi sáng, 2 tuần 1 buổi. Nhận được cmt số zl trao đổi thêm.",1,,
,Cần một bạn làm bài tập hộ môn năng lượng tái tạo. Bạn nào nhận . mình ib,1,,
,"ib mình nhận hỗ trợ nha fb chính chủ ,xem bài trước khi tt, sửa bài đến khi ưng ý nha 0981854693 Nguyễn Như Quỳnh-Dịch vụ hỗ trợ học tập",1,,
,"bạn inb nội dung mình báo giá nhe, giá hssv ạ bao chỉnh sửa ",1,,
,"Ib mình nha zl 0379381397. Không cọc trước, có hỗ trợ giá",1,,
,Mình nhận ko cọcc ạah. C inbbb cho t nhaa. Bao check đạo văn và bao sửaaaaạ. 0342874567,1,,
,em cần tìm người hỗ trợ bài tập kinh tế lượng ạ,1,,
,"Em cần support môn ""Định giá tài sản""",1,,
,Cần tìm bạn nữ làm bài thi tin học nâng cao,1,,
,mn cho mình hỏi bth học hộ thì mình chuyển tiền trc cho họ hay là sao ạ,1,,
,"Em nhận học hộ cho nữ KV Hà Nội các ngày trong tuần, có thể học học lâu dài (học onl và học trực tiếp). Có kinh nghiệm học cao học, văn bằng 2, học lại cả kỳ, học sau đại học...",1,,
,Mình tìm ng hh ở huit 17/9 12h30-15h. -K cần ngồi tới hết giờ. -điểm danh đầu buổi. Cast 70k,1,,
,"ib t nha , bao in out ạ",1,,
,tìm học hộ mai hà nội nam mỏ địa chấtp,1,,
,cần bạn NAM học hộ sáng ngày mai 9h45-12h15 ở đại học Thủ Dầu Một,1,,
,"chiều nay mình có việc gia đình không học bù dc, mình cần 1b nữ vào hc dùm mình ca 5h30-8h GTVT HCM ( chỉ cần ngồi nghe bth th là dc thầy dễ ), 100k",1,,
,Tìm người học hộ full ngày thứ 7 19/9. Cast 150k,1,,
,"Mình nhận hh lâu dài hoặc theo buổi quanh thanh xuân, cầu giấy học dc full sáng, tối ib 0333450932",1,,
,Cần tìm người làm bài ktra mông Quản Lý Dự Án,1,,
,Nhắn em nhận nhé ạ bảo hành bài chỉnh sửa theo yêu cầu luôn ạ chuyên tài chính thạc sĩ tài chính ạ 0799126700,1,,
,Bên mình nhận feedback đầy đủ bao full giao nhanh giá SV lhzl0904. 224. 030,1,,
,"Bạn lh mình tham khảo qua nhé ,zl chính chủ, hỗ trợ chỉnh sửa, xem bài trước khi thanh toán 0886032705",1,,
,"Bạn nào cần hỗ trợ báo cáo thực tập, tiểu luận, chuyên đề/khóa luận, đồ án, bài tập lớn thì cứ ib mình nhé. Mình nhận hỗ trợ từ lên outline → chỉnh nội dung → format Word → làm PP → chạy & xử lý dữ liệu SPSS → rà soát bài, trao đổi rõ ràng trước khi làm. Có thể gửi đề tài để mình xem trước nha ",1,,
,"e ib zalo c nick chính chủ với nhiều năm kinh nghiệm 0986783305, gửi đề và yc đi kèm c hỗ trợ tư vấn báo giá giúp em nhé. Nếu thông tin thật thì có bài mới tt, bao sửa theo yêu cầu và có nhận các case khó yc điểm cao từ 8+",1,,
,Làm ngay và luôn Ib zl mk nhận hỗ trợ gấp trg ngày hoặc trg buổi 0389830337,1,,
,Ib c chuyên hỗ trợ tiểu luận BC KLTN đc A fb chính chủ đc học bổng TN xuất sắc hỗ trợ bài uy tín chất lượng,1,,
,Cần tìm 1 bạn thi lại hộ A2 phần viết môn tiếng anh ở Long Xuyên ( gv gác dễ tại mình bận k đi thi được ),1,,
,"Em là nữ nhận hh chiều , tối nay ạ . Chính chủ ko qua trung gian",1,,
,Mình nhận sửa word giá chỉ từ 1.3k/trang,1,,
,Mình cần tìm bạn nữ học hộ môn bơi cố định sáng T4 mỗi tuần (6h45-9h) khu vực quận 7 ạ,1,,
,"Cần tìm người làm bài thi truyền động điện , plc , mạch 2 bách khoa hà nội",1,,
,"Thuê thì check kiến thức rồi thuê, tránh cọc tiền trước, thuê trên này toàn đào lửa th, bạn k cẩn thận là tiền mất, tật mang đó",1,,
,"Bạn nào cần hỗ trợ báo cáo thực tập, tiểu luận, chuyên đề/khóa luận, đồ án, bài tập lớn thì cứ ib mình nhé. Mình nhận hỗ trợ từ lên outline → chỉnh nội dung → format Word → làm PP → chạy & xử lý dữ liệu SPSS → rà soát bài, trao đổi rõ ràng trước khi làm. Có thể gửi đề tài để mình xem trước nha ",1,,
,cần thuê học hộ bảo hiểm sáng 16/9 chỉ cần đăng nhập app và điểm danh bằng mồm nếu giảng viên gọi,1,,
,Cần hh vlu cs3 18-20h30 nam,1,,
,Mình nhận học hộ cho nữ,1,,
,"Tìm b nữ học onl, làm bài tập trong quá trình học môn Tiếng anh giao tiếp",1,,
,Ai cần ng hh cả ngày thứ 6 thì liên hệ em nha quanh khu vực đống đa chính chủ ko qua trung gian ạ,1,,
,"Nữ - nhận học hộ chiều T7 , cả ngày cn (19,20/9) quanh NUAE , USSH , UTT, HAU , HANU , Học viện y dược cổ truyền Việt Nam , Đh Mở cơ sở Nguyễn Trãi",1,,
,"Tìm nữ thi hộ xác suất thống kê 11/8, giáo trình bên neu. Meeting để test kiến thức",1,,
,Nhận thi hộ/support/làm bài tập/tiểu luận môn:,1,,
,Sáng mai mình cần nam học bách khoa 6h45-9h10 cast 90k,1,,
,"Tìm ng học hộ ở huit hcm 9h30-12h. Chỉ cần vào điểm danh, cast 100",1,,
,"Tìm nữ thi hộ ctdl&gt ngày mai tphcm, có làm thẻ sv, cast cao",1,,
,Tìm nữ nhận nguyên kì buổi sáng 2 buổi 1 tuần ở làng đại học Thủ Đức. Cho mình xin số zl liên lạc luôn nha.,1,,
,"Mk cần 2 bạn nữ thuyết trình hộ tiếng anh ạ, ở vnua ạ",1,,
,Tìm bạn nữ học và thi hộ Lý thuyết xác suất thống kê lâu dài ở cộng hoà tân bình,,,
,Có bạn nào thi được chuẩn đầu ra humg không ?,,,
,tìm một bạn nữ học hộ ở hlu ca 16h20-17h50 hôm nay,,,
,Cần quay video Karate hệ từ xa Thể chất 1. Quay video Karate để thi thôi. Ai biết cmt vs ạ. Tìm Nam nha,,,
,Mình tìm bạn nữ học + kiểm tra hộ Môn Sinh học di truyền chiều t6 tại Nttu Q4 ạ,,,
,Tìm người hỗ trợ làm bài tập Dung sai kỹ thuật đo IUH.,,,
,cần tìm người nói Tiếng Anh quay video ngắn khoảng 1p,,,
,"Cần tìm bạn làm hộ video hình ảnh minh họa thuyết trình ""xây dựng sản phẩm du lịch vùng Bắc trung bộ và duyên hải miền trung "" ạ.",,,
,Cần tìm bạn làm bài tập môn Marketing ạ,,,
,Ib mình nhe 0978190104,,,
,Nhắn zl 0369071514 mình hỗ trợ nha,,,
,Cần tìm người làm báo cáo thực tập cơ sở ngành thương mại điện tử nhận cmt mình ib hoặc để lại số zalo,,,
,Mình nhận chỉnh word theo yêu cầu xong mới thanh toán có file trong ngày ib mình 0368529031,,,
,"Ib mình nha, liên hệ trang cá nhân 📢📢📢",,,
,Tìm người làm hộ bài kế toán,,,
,Log in app Misa hoạch toán hộ,,,
,Có ai nhận hỗ trợ môn kế toán mô phỏng không ạ,,,
,Ib c nhận nha,,,
,Mình cần giúp làm bài midterm tiếng anh môn Sustainable Business,,,
,TÌM NGƯỜI LÀM BẢN ĐỒ ARCGIS Ạ,,,
,,,,
,mình nhận làm bài tập zalo: 0934288509,,,
,mình cần giải bài tập nền móng ngành xây dựng số liệu đã có chỉ cần thay số cà sửa hình,,,
,Mình nhận sửa word giá chỉ từ 1.3k/trang,,,
,Mn ib page hoặc zl mình: 0332229601 nha…,,,
,Mình nhận sửa cà hình giá hssv ạ,,,
,Cần người làm hộ btap môn Hệ quản trị CSDL với Oracle. Xong trước sáng mai ạ!,,,
,Tùng nhận các nội dung sau:,,,
,"Không cọc, chất lượng, uy tín, bảo mật, gửi bài trước hạn",,,
,Tìm bạn chép bài hộ tiếng trung/nhật ạ. Đã có sẵn văn bản,,,
,Cần người giải kết cấu và tính toán oto,,,
,"- Hướng dẫn phần mềm FAST, Misa, ...",,,
,Cần người làm hộ btap môn Hệ quản trị CSDL với Oracle. Xong trước sáng mai ạ!,,,
,"MK sp Nguyên lý kế toán, kế toán tài chính 1 ; tài chính doanh nghiệp; kinh tế lượng ,kế toán hcsn tt24 ai cần inbox zalo 0339725588",,,
,"Chị có xin dấu và thuê viết bài luận văn tốt nghiệp của đơn vị này đợt trước, c thấy bài viết đạt chất lượng mà có sửa bài cho mình tới khi duyệt bài. Cần e tham khảo xem nha . Zal0 họ đây e 0968754995",,,
,"📚 Mình hỗ trợ, hướng dẫn:",,,
,"• Luận văn ThS, khóa luận, tiểu luận, NCKH, hạ đạo văn, hạ AI...",,,
,"• Chỉnh sửa theo góp ý giảng viên, nhận tiền 1 lần nhưng cam kết chỉnh sửa khi nào đến cuối cùng. ( Giá hạt dẽ siêu nhẹ nhàng cho Sinh Viên, Học Viên)",,,
,"• Kiểm tra & cải thiện nội dung (trình bày, trích dẫn)",,,
,=> Hỗ trợ 24-72h cho các bạn cần nộp gấp.,,,
,"Mình nhận làm bài nhóm, tiểu luận các môn về Luật và cả luật bằng Tiếng Anh. Nhận sửa lại Word, chuyển PDF sang Word đúng định dạng, có thể làm slide hỗ trợ nhưng thành phẩm ko quá xuất sắc",,,
,Cần tìm ng làm hộ môn Luật hành chính ạ hạn 2/8,,,
,"Tìm người làm bài môn luật các tổ chức tín dụng và các bài luận môn luật kinh tế. Yêu cầu tài khoản chính chủ, uy tín. Xin cảm ơn",,,
,Cần tìm ng làm bài tập môn CRM,,,
,Mình cần tìm người làm hộ báo cáo thực tập ngành Dược ở bv đa khoa khu vực Thủ Đức giá hssv ai nhận làm ib mình với ạ,,,
,Cần tìm ng làm web trên google site,,,
,Đang bí bài Tiếng Anh? Deadline sắp tới mà chưa biết làm? ,,,
,Em vẫn nhận chỉnh sửa word theo yêu cầu,,,
,"Chép thuê giá cực ưu đãi, chỉnh sửa căn chỉnh word ạ.",,,
,mình cần làm btl môn công nghệ tài chính hvnh,,,
,tìm người làm tiểu luận môn ppnckh ạ,,,
,"mình đã tốt nghiệp thạc sĩ, có kinh nghiệm làm NCKH, viết báo cáo khoa học, khoá luận tốt nghiệp (bao check level)",,,
,"(Chuyên tiếng Anh) Nếu cần dịch, viết/sửa luận/nckh, mentor (Anh/Việt), quét/hạ đạo văn/AI, làm slide/poster, làm số liệu thì lhe mình nha, trđộ thsi kinh tế + NNA, Zalo 0964009210",,,
,Mình nhận sp Tiếng Trung,,,
,Bạn nào cần ib mình nha bao điểm ạ,,,
,MÌNH NHẬN - ĐÁNH MÁY và CHÉP BÀI (Khu vực Hà Nội),,,
,Cần tìm người làm bài tập kế toán áo trên phần mềm misa ạ,,,
,cần làm bài tập lớn môn đồ hoạ máy tính về công nghệ thông tin cần gấp vào thứ 2,,,
,Cần người hỗ trợ bài tập vận dụng trong triết.. ai có thể hỗ trợ ib mình với,,,
,"bạn còn cần ib mình nhé, đầy đủ nội dung + mục lục/danh mục tự động + trích dẫn nguồn APA đầy đủ nhé. Mình còn có hỗ trợ ""Check AI + đạo văn"" Turnitin Official (từ 2X) + Hạ Đạo Văn + Giảm AI lấy bài luôn trong ngày (hoặc ib zalo 0943065828 nhé), à có cả chạy SPSS, SmartPLS … nữa nhe",,,
,"mình cần làm bài quản lý dự án gấp, 2 bài thôi ạ",,,
,"Luận văn, khoá luận, báo cáo thực tập, tiểu luận, bài tập lớn, BTVN, 1 chương, phần nhỏ,…",,,
,cần tìm người làm hộ bài tập môn quản trị dự án đầu tư ạ,,,
,C nhận làm môn ppnckh bao gói chạy dữ liệu,,,
,Cần tìm người đi xin dấu báo cáo thực tập và làm báo cáo thực tập ạ,,,
,tìm người hướng dẫn làm bài môn phương pháp luận nghiên cứu khoa học,,,
,Cần viết tay báo cáo thực tập ib mình ạ. 0766902815,,,
,"Mình nhận làm bài tập dùng pentool trong photoshop hay affinity. Các học phần như: Thiết kế truyền thông đa phương tiện, Tư duy thiết kế,… các bạn kte ko có nhiều kinh nghiệm dùng photoshop",,,
,Do bận việc mà dl gấp nên tìm bạn nào chuyên ngành tiếng Trung. Bài rất dễ nên mình cần gấp cho tối nay ạ. Pub giá lẫn zalo để mình liên hệ nha.,,,
,"Tìm người viết, tìm thông tin cho bài tập gồm 3 phần nhỏ thoi ạ",,,
,Mình cần tìm bạn thi hộ tiếng anh b2 tháng 10 ạ,,,
,Giờ còn ai nhận sp bài tập ngành luật không ạ ?,,,
,Kiếm người vẽ hộ 2 ảnh trên affinity báo giá giúp em lun,,,
,mình cần 1 bạn làm bài tập cho mình về ngành kế toán môn kế toán trên phần mềm kế toán fast accounting cần gấp vào thứ 4 bạn nào làm đc liên hệ mình nha,,,
,Cần người làm hộ bài tập nguyên lý thống kê ạ,,,
,Cần tìm người làm bài tập nhóm móm đầu tư tài chính và quản lý danh mục đầu tư,,,
,E cần thiết kế web đồ án sinh viên về thiết kế lịch. Yêu cầu web lên đc top 5 tìm kiếm,,,
,Mình cần 1 bạn htro mình sửa code và làm báo cáo cho btap môn asp giúp mình,,,
,NHẬN THIẾT KẾ WEBSITE & APP,,,
,"mình cần code web đặt phòng khách sạn (spring, react, mysql)",,,
,Mình cần tìm người làm nó liên quan 1 chút đến tự đông hoá,,,
,"Em cần làm đồ án tốt nghiệp ạ, em làm theo nhóm 5 người nên ý tưởng cần đủ rộng ạ. Ai hỗ trợ được nhắn em với ạ. Em cảm ơn ạ",,,
,  Nhận thiết kế 3D theo yêu cầu – giá đang ưu đãi ạ. Từ một món Prop/Weapon đến nguyên bộ Character + Environment + Map Game đều làm được. Anh/chị gửi brief em báo giá nha.,,,
,E când một a htro làm btap cuối kỳ môn an ninh mạng ạ,,,
,"E cần htro làm btap môn điện toán đám mây sử dụng aws, sếp nào rành mảng này htro e với",,,
,"Mình nhận thiết kế UI/UX theo hệ thống, giúp các nền tảng có sự thống nhất về:",,,
,Có ai nhận làm đồ án sử dụng php lavarel k,,,
,Ib mình 0363286456 hỗ trợ nhé nhanh gọn uy tín. mình nhận được cả code và viết báo cáo mình đã viết rất nhiều báo cáo,,,
,có ai làm bài tập chi tiết máy trên phần mềm inventor k ạ,,,
,đề tài của mình : Ứng dụng thị giác máy tính trong phát hiện và phân loại vạch kẻ đường cho phương tiện giao thông thông minh,,,
,E cần thiết kế web đồ án sinh viên về thiết kế lịch. Yêu cầu web lên đc top 5 tìm kiếm,,,
,"Mình cần tìm 1 bạn coppy site (web bán hàng ngôn ngữ c#,html,css) hoặc mua lại đồ án tốt nghiệp(web bán hàng ngôn ngữ c#,html,css).",,,
